query_id,question,expected_answer,question_type,difficulty,retrieval_method,rank,document_id,chunk_id,title,text,retrieval_score,is_supporting
5a7a06935542990198eaf050,Which magazine was started first Arthur's Magazine or First for Women?,Arthur's Magazine,comparison,medium,BM25,1,D008,D008_C002,First for Women,The magazine was started in 1989.,12.807902582567303,False
5a7a06935542990198eaf050,Which magazine was started first Arthur's Magazine or First for Women?,Arthur's Magazine,comparison,medium,BM25,2,D008,D008_C001,First for Women,First for Women is a woman's magazine published by Bauer Media Group in the USA.,11.17020317775779,True
5a7a06935542990198eaf050,Which magazine was started first Arthur's Magazine or First for Women?,Arthur's Magazine,comparison,medium,BM25,3,D006,D006_C001,Arthur's Magazine,Arthur's Magazine (1844–1846) was an American literary periodical published in Philadelphia in the 19th century.,10.393567550925495,True
5a7a06935542990198eaf050,Which magazine was started first Arthur's Magazine or First for Women?,Arthur's Magazine,comparison,medium,BM25,4,D008,D008_C004,First for Women,"In 2011 the circulation of the magazine was 1,310,696 copies.",9.489136531559046,False
5a7a06935542990198eaf050,Which magazine was started first Arthur's Magazine or First for Women?,Arthur's Magazine,comparison,medium,BM25,5,D006,D006_C003,Arthur's Magazine,"In May 1846 it was merged into ""Godey's Lady's Book"".",8.995370423906365,False
5a879ab05542996e4f30887e,The Oberoi family is part of a hotel company that has a head office in what city?,Delhi,bridge,medium,BM25,1,D007,D007_C001,The Oberoi Group,The Oberoi Group is a hotel company with its head office in Delhi.,14.404593013422302,True
5a879ab05542996e4f30887e,The Oberoi family is part of a hotel company that has a head office in what city?,Delhi,bridge,medium,BM25,2,D002,D002_C001,Oberoi family,"The Oberoi family is an Indian family that is famous for its involvement in hotels, namely through The Oberoi Group.",11.643302084581835,True
5a879ab05542996e4f30887e,The Oberoi family is part of a hotel company that has a head office in what city?,Delhi,bridge,medium,BM25,3,D008,D008_C001,Future Fibre Technologies,"Future Fibre Technologies (FFT) is a fiber optic sensing technologies company based in Melbourne, Australia, with its US head office in Mountain View, California, Middle East head office in Dubai, Indian head office in New Delhi and European head office in London.",11.114580538079085,False
5a879ab05542996e4f30887e,The Oberoi family is part of a hotel company that has a head office in what city?,Delhi,bridge,medium,BM25,4,D001,D001_C004,Ritz-Carlton Jakarta,The complex has two towers that comprises a hotel and the Airlangga Apartment respectively.,9.58698703299132,False
5a879ab05542996e4f30887e,The Oberoi family is part of a hotel company that has a head office in what city?,Delhi,bridge,medium,BM25,5,D006,D006_C004,Hotel Bond,"A Statler Hotel opened in the area in 1954, creating competition, and the Bond Hotel company declared bankruptcy shortly after that.",7.84990878364151,False
5a8d7341554299441c6b9fe5,"Musician and satirist Allie Goertz wrote a song about the ""The Simpsons"" character Milhouse, who Matt Groening named after who?",President Richard Nixon,bridge,hard,BM25,1,D005,D005_C001,Milhouse Van Houten,"Milhouse Mussolini van Houten is a fictional character featured in the animated television series ""The Simpsons"", voiced by Pamela Hayden, and created by Matt Groening who named the character after President Richard Nixon's middle name.",18.286983081534743,True
5a8d7341554299441c6b9fe5,"Musician and satirist Allie Goertz wrote a song about the ""The Simpsons"" character Milhouse, who Matt Groening named after who?",President Richard Nixon,bridge,hard,BM25,2,D004,D004_C004,Allie Goertz,"Subjects of her songs have included the film ""The Room"", the character Milhouse from the television show ""The Simpsons"", and the game Dungeons & Dragons.",12.460955600938155,False
5a8d7341554299441c6b9fe5,"Musician and satirist Allie Goertz wrote a song about the ""The Simpsons"" character Milhouse, who Matt Groening named after who?",President Richard Nixon,bridge,hard,BM25,3,D004,D004_C001,Allie Goertz,"Allison Beth ""Allie"" Goertz (born March 2, 1991) is an American musician.",11.26399226975795,True
5a8d7341554299441c6b9fe5,"Musician and satirist Allie Goertz wrote a song about the ""The Simpsons"" character Milhouse, who Matt Groening named after who?",President Richard Nixon,bridge,hard,BM25,4,D002,D002_C005,Marge Simpson,He named the character after his mother Margaret Groening.,10.759177581227306,False
5a8d7341554299441c6b9fe5,"Musician and satirist Allie Goertz wrote a song about the ""The Simpsons"" character Milhouse, who Matt Groening named after who?",President Richard Nixon,bridge,hard,BM25,5,D007,D007_C005,Homer Simpson,"He named the character after his father, Homer Groening.",10.759177581227306,False
5a82171f5542990a1d231f4a, What nationality was James Henry Miller's wife?,American,bridge,medium,BM25,1,D003,D003_C003,Incest: From a Journal of Love,"It features Nin's relationships with writer Henry Miller, his wife June Miller, the psychoanalyst Otto Rank, her father Joaquín Nin, and her husband Hugh Parker Guiler.",3.5822648175607257,False
5a82171f5542990a1d231f4a, What nationality was James Henry Miller's wife?,American,bridge,medium,BM25,2,D008,D008_C001,June Miller,"June Miller (January 7 or 28, 1902 – February 1, 1979) was the much-written-about second wife of Henry Miller.",3.176990974109329,False
5a82171f5542990a1d231f4a, What nationality was James Henry Miller's wife?,American,bridge,medium,BM25,3,D004,D004_C001,James Henry Deakin (junior),"James Henry Deakin (1851 – 8 November 1881) was a British Conservative politician, the son of Col. James Henry Deakin, a Manchester merchant.",3.0907793348583192,False
5a82171f5542990a1d231f4a, What nationality was James Henry Miller's wife?,American,bridge,medium,BM25,4,D007,D007_C002,Henry Miller Memorial Library,Henry Miller’s friend Emil White built the house that is now the Library in the mid-1960s.,2.6236068796846093,False
5a82171f5542990a1d231f4a, What nationality was James Henry Miller's wife?,American,bridge,medium,BM25,5,D002,D002_C003,"Launceston by-election, 1874",It was won by the Conservative candidate James Henry Deakin (junior).,2.504875287414281,False
5a84dd955542997b5ce3ff79,"Cadmium Chloride is slightly soluble in this chemical, it is also called what?",alcohol,bridge,medium,BM25,1,D001,D001_C002,Cadmium chloride,It is a hygroscopic solid that is highly soluble in water and slightly soluble in alcohol.,10.712697102803178,True
5a84dd955542997b5ce3ff79,"Cadmium Chloride is slightly soluble in this chemical, it is also called what?",alcohol,bridge,medium,BM25,2,D002,D002_C003,Water blue,It is soluble in water and slightly soluble in ethanol.,8.202583315984702,False
5a84dd955542997b5ce3ff79,"Cadmium Chloride is slightly soluble in this chemical, it is also called what?",alcohol,bridge,medium,BM25,3,D008,D008_C003,Benzamide,"It is slightly soluble in water, and soluble in many organic solvents.",7.998349489587827,False
5a84dd955542997b5ce3ff79,"Cadmium Chloride is slightly soluble in this chemical, it is also called what?",alcohol,bridge,medium,BM25,4,D004,D004_C004,Heptanoic acid,"It is slightly soluble in water, but very soluble in ethanol and ether.",7.619785475842629,False
5a84dd955542997b5ce3ff79,"Cadmium Chloride is slightly soluble in this chemical, it is also called what?",alcohol,bridge,medium,BM25,5,D009,D009_C001,Gold(III) chloride,"Gold(III) chloride, traditionally called auric chloride, is a chemical compound of gold and chlorine.",7.292734853723423,False
5a7e36045542991319bc9440,"Which tennis player won more Grand Slam titles, Henri Leconte or Jonathan Stark?",Jonathan Stark,comparison,medium,BM25,1,D006,D006_C001,Jonathan Stark (tennis),"Jonathan Stark (born April 3, 1971) is a former professional tennis player from the United States.",10.429588514018654,True
5a7e36045542991319bc9440,"Which tennis player won more Grand Slam titles, Henri Leconte or Jonathan Stark?",Jonathan Stark,comparison,medium,BM25,2,D003,D003_C001,Henri Leconte,Henri Leconte (born 4 July 1963) is a former French professional tennis player.,9.271372487973805,False
5a7e36045542991319bc9440,"Which tennis player won more Grand Slam titles, Henri Leconte or Jonathan Stark?",Jonathan Stark,comparison,medium,BM25,3,D006,D006_C003,Jonathan Stark (tennis),Stark reached the World No. 1 doubles ranking in 1994.,8.963268877755047,False
5a7e36045542991319bc9440,"Which tennis player won more Grand Slam titles, Henri Leconte or Jonathan Stark?",Jonathan Stark,comparison,medium,BM25,4,D006,D006_C002,Jonathan Stark (tennis),During his career he won two Grand Slam doubles titles (the 1994 French Open Men's Doubles and the 1995 Wimbledon Championships Mixed Doubles).,8.571623971579838,True
5a7e36045542991319bc9440,"Which tennis player won more Grand Slam titles, Henri Leconte or Jonathan Stark?",Jonathan Stark,comparison,medium,BM25,5,D005,D005_C004,1986 Grand Prix German Open,Henri Leconte won the singles title.,7.758861731391898,False
5adf44985542993a75d2646d,Which genus of moth in the world's seventh-largest country contains only one species?,Crambidae,bridge,hard,BM25,1,D004,D004_C003,Geography of India,"It is the seventh-largest country in the world, with a total area of 3287263 km2 .",10.037124448475442,False
5adf44985542993a75d2646d,Which genus of moth in the world's seventh-largest country contains only one species?,Crambidae,bridge,hard,BM25,2,D002,D002_C002,List of companies of India,"It is the seventh-largest country by area, the second-most populous country (with over 1.2 billion people), and the most populous democracy in the world.",8.627285690964625,False
5adf44985542993a75d2646d,Which genus of moth in the world's seventh-largest country contains only one species?,Crambidae,bridge,hard,BM25,3,D001,D001_C002,India,"It is the seventh-largest country by area, the second-most populous country (with over 1.2 billion people), and the most populous democracy in the world.",8.405567331705935,True
5adf44985542993a75d2646d,Which genus of moth in the world's seventh-largest country contains only one species?,Crambidae,bridge,hard,BM25,4,D008,D008_C002,Indogrammodes,"It contains only one species, Indogrammodes pectinicornalis, which is found in India.",7.759701327369186,True
5adf44985542993a75d2646d,Which genus of moth in the world's seventh-largest country contains only one species?,Crambidae,bridge,hard,BM25,5,D005,D005_C003,Yoshiyasua,"The genus contains only one species, Yoshiyasua yasudai, which is found in Japan, where it has been recorded from the Ryukyu Islands.",7.652304128083415,False
5a832c3455429954d2e2ec41,"Who was once considered the best kick boxer in the world, however he has been involved in a number of controversies relating to his ""unsportsmanlike conducts"" in the sport and crimes of violence outside of the ring.",Badr Hari,bridge,easy,BM25,1,D005,D005_C003,Badr Hari,"Hari has been a prominent figure in the world of kickboxing and was once considered the best kickboxer in the world, however he has been involved in a number of controversies relating to his ""unsportsmanlike conducts"" in the sport and crimes of violence outside of the ring.",54.069420811425786,True
5a832c3455429954d2e2ec41,"Who was once considered the best kick boxer in the world, however he has been involved in a number of controversies relating to his ""unsportsmanlike conducts"" in the sport and crimes of violence outside of the ring.",Badr Hari,bridge,easy,BM25,2,D009,D009_C001,Betting controversies in cricket,Cricket has had a number of controversies relating to players being involved with the betting aspects of the game.,24.107820641892253,False
5a832c3455429954d2e2ec41,"Who was once considered the best kick boxer in the world, however he has been involved in a number of controversies relating to his ""unsportsmanlike conducts"" in the sport and crimes of violence outside of the ring.",Badr Hari,bridge,easy,BM25,3,D004,D004_C004,E. Gordon Gee,"He retired in response to a series of controversies relating to comments he made, the last of which involved anti-Catholic comments allegedly made in jest about the University of Notre Dame.",18.907592067119438,False
5a832c3455429954d2e2ec41,"Who was once considered the best kick boxer in the world, however he has been involved in a number of controversies relating to his ""unsportsmanlike conducts"" in the sport and crimes of violence outside of the ring.",Badr Hari,bridge,easy,BM25,4,D010,D010_C003,Prosecution of gender-targeted crimes,"However, the trial was unsuccessful in indicting Sir von Hagenbach with the charge of rape because the war in which the rapes occurred was ""undeclared"" and thus the rapes were only considered illegal.",17.392402575679096,False
5a832c3455429954d2e2ec41,"Who was once considered the best kick boxer in the world, however he has been involved in a number of controversies relating to his ""unsportsmanlike conducts"" in the sport and crimes of violence outside of the ring.",Badr Hari,bridge,easy,BM25,5,D002,D002_C004,Triplemanía VII,"In the semi-main event Heavy Metal and El Felino defended the hair of their father, referee Pepe ""Tropi"" Casas while Kick Boxer and Thai Boxer defended the hair of referee El Tirantes.",14.639506658250978,False
5a7d0db955429909bec76924,"The Dutch-Belgian television series that ""House of Anubis"" was based on first aired in what year?",2006,bridge,medium,BM25,1,D001,D001_C001,House of Anubis,"House of Anubis is a mystery television series developed for Nickelodeon based on the Dutch-Belgian television series ""Het Huis Anubis"".",15.253886224683978,True
5a7d0db955429909bec76924,"The Dutch-Belgian television series that ""House of Anubis"" was based on first aired in what year?",2006,bridge,medium,BM25,2,D009,D009_C001,Het Huis Anubis,"Het Huis Anubis (""The House of Anubis"") is a Belgian-Dutch children's television drama created by Studio 100 and Nickelodeon, airing in the Netherlands and Flanders.",10.349400150390045,False
5a7d0db955429909bec76924,"The Dutch-Belgian television series that ""House of Anubis"" was based on first aired in what year?",2006,bridge,medium,BM25,3,D007,D007_C003,Fish Police (TV series),"In February of that year, three episodes aired, then the show was axed after falling in the television ratings.",10.199591644583569,False
5a7d0db955429909bec76924,"The Dutch-Belgian television series that ""House of Anubis"" was based on first aired in what year?",2006,bridge,medium,BM25,4,D002,D002_C008,Batibot,A mobile app based on the series was released in 2015.,7.271581081843797,False
5a7d0db955429909bec76924,"The Dutch-Belgian television series that ""House of Anubis"" was based on first aired in what year?",2006,bridge,medium,BM25,5,D010,D010_C001,Das Haus Anubis,Das Haus Anubis is a television program produced jointly by Belgian broadcaster Studio 100 and Nickelodeon and the first remake of Het Huis Anubis aired in The Netherlands and Belgium.,7.043195767185542,False
5a89372855429951533612e6,What is the length of the track where the 2013 Liqui Moly Bathurst 12 Hour was staged?,6.213 km long,bridge,hard,BM25,1,D007,D007_C002,2013 Liqui Moly Bathurst 12 Hour,"The event, which was staged at the Mount Panorama Circuit, near Bathurst, in New South Wales, Australia on 10 February 2013, was the eleventh running of the Bathurst 12 Hour.",10.71345966296558,True
5a89372855429951533612e6,What is the length of the track where the 2013 Liqui Moly Bathurst 12 Hour was staged?,6.213 km long,bridge,hard,BM25,2,D007,D007_C003,2013 Liqui Moly Bathurst 12 Hour,The race also incorporated the opening round of the 2013 Australian GT Championship.,9.966647658625103,False
5a89372855429951533612e6,What is the length of the track where the 2013 Liqui Moly Bathurst 12 Hour was staged?,6.213 km long,bridge,hard,BM25,3,D005,D005_C002,2016 Liqui Moly Bathurst 12 Hour,"The event, which was staged at the Mount Panorama Circuit, near Bathurst, in New South Wales, Australia on 7 February 2016, was the fourteenth running of the Bathurst 12 Hour.",8.380304252390133,False
5a89372855429951533612e6,What is the length of the track where the 2013 Liqui Moly Bathurst 12 Hour was staged?,6.213 km long,bridge,hard,BM25,4,D008,D008_C002,2015 Liqui Moly Bathurst 12 Hour,"The event, which was staged at the Mount Panorama Circuit, near Bathurst, in New South Wales, Australia on 8 February 2015, was the thirteenth running of the Bathurst 12 Hour.",8.380304252390133,False
5a89372855429951533612e6,What is the length of the track where the 2013 Liqui Moly Bathurst 12 Hour was staged?,6.213 km long,bridge,hard,BM25,5,D010,D010_C002,2014 Liqui Moly Bathurst 12 Hour,"The event, which was staged at the Mount Panorama Circuit, near Bathurst, in New South Wales, Australia on 9 February 2014, was the twelfth running of the Bathurst 12 Hour.",8.380304252390133,False
5abd90545542996e802b47d7,"Fast Cars, Danger, Fire and Knives includes guest appearances from which hip hop record executive?",Jaime Meline,bridge,medium,BM25,1,D007,D007_C001,"Fast Cars, Danger, Fire and Knives","Fast Cars, Danger, Fire and Knives is an EP by American hip hop artist Aesop Rock.",17.36282203781227,False
5abd90545542996e802b47d7,"Fast Cars, Danger, Fire and Knives includes guest appearances from which hip hop record executive?",Jaime Meline,bridge,medium,BM25,2,D007,D007_C003,"Fast Cars, Danger, Fire and Knives","Vocals are handled by Aesop Rock, with guest appearances from Camu Tao and Metro of S.A. Smash and Definitive Jux label head El-P.",14.043952250592717,True
5abd90545542996e802b47d7,"Fast Cars, Danger, Fire and Knives includes guest appearances from which hip hop record executive?",Jaime Meline,bridge,medium,BM25,3,D007,D007_C004,"Fast Cars, Danger, Fire and Knives",All scratches are performed by DJ Big Wiz.,13.269069692460498,False
5abd90545542996e802b47d7,"Fast Cars, Danger, Fire and Knives includes guest appearances from which hip hop record executive?",Jaime Meline,bridge,medium,BM25,4,D007,D007_C002,"Fast Cars, Danger, Fire and Knives","Released via the Definitive Jux label on February 22, 2005, the record is produced by Blockhead and Aesop Rock himself, with the former producing three tracks and the latter producing four, with one track produced by Rob Sonic.",9.786566981114516,False
5abd90545542996e802b47d7,"Fast Cars, Danger, Fire and Knives includes guest appearances from which hip hop record executive?",Jaime Meline,bridge,medium,BM25,5,D004,D004_C003,Lord Steppington,"The record was produced entirely by Alchemist and Evidence, and includes guest appearances from Action Bronson, Roc Marciano, Blu, Fashawn, Rakaa, Oh No, Styles P, Domo Genesis and The Whooliganz – Alchemist's old group which included actor Scott Caan.",8.721012336855901,False
5aba66c855429939ce03dcdb,"Gunmen from Laredo starred which narrator of ""Frontier""?",Walter Darwin Coy,bridge,medium,BM25,1,D005,D005_C001,Gunmen from Laredo,"Gunmen from Laredo is a 1959 American western film produced and directed by Wallace MacDonald, which stars Robert Knapp, Maureen Hingert, and Walter Coy.",9.079351139476513,True
5aba66c855429939ce03dcdb,"Gunmen from Laredo starred which narrator of ""Frontier""?",Walter Darwin Coy,bridge,medium,BM25,2,D007,D007_C007,Frontier Texas!,The narrator in the theater is actor-artist Buck Taylor from Fort Worth.,5.842476829141332,False
5aba66c855429939ce03dcdb,"Gunmen from Laredo starred which narrator of ""Frontier""?",Walter Darwin Coy,bridge,medium,BM25,3,D010,D010_C002,Bruce Harwood,"In addition to ""The X-Files"", Harwood portrayed Byers in the spin-off series ""The Lone Gunmen"", which aired thirteen episodes in 2001.",3.9720388580125556,False
5aba66c855429939ce03dcdb,"Gunmen from Laredo starred which narrator of ""Frontier""?",Walter Darwin Coy,bridge,medium,BM25,4,D002,D002_C001,The Lone Gunmen,"The Lone Gunmen are a trio of fictional characters, Richard ""Ringo"" Langly, Melvin Frohike and John Fitzgerald Byers, who appeared in recurring roles on the American television series ""The X-Files"", and who starred in the short-lived spin-off, ""The Lone Gunmen"".",3.646030597953681,False
5aba66c855429939ce03dcdb,"Gunmen from Laredo starred which narrator of ""Frontier""?",Walter Darwin Coy,bridge,medium,BM25,5,D008,D008_C002,Walter Coy,"He was best known for narrating the NBC western anthology series, ""Frontier"", which aired early Sunday evenings in the 1955–1956 season.",3.4145841590288923,True
5a7722d655429966f1a36c99,Where did the form of music played by Die Rhöner Säuwäntzt originate?,United States,bridge,medium,BM25,1,D009,D009_C001,Die Rhöner Säuwäntzt,"Die Rhöner Säuwäntzt are a Skiffle-Bluesband from Eichenzell-Lütter in Hessen, Germany.",11.493107619720284,True
5a7722d655429966f1a36c99,Where did the form of music played by Die Rhöner Säuwäntzt originate?,United States,bridge,medium,BM25,2,D009,D009_C003,Die Rhöner Säuwäntzt,"The expression ""Säuwäntzt"" means pork belly and refers also to untidy or unruly children and youth.",9.929144831724475,False
5a7722d655429966f1a36c99,Where did the form of music played by Die Rhöner Säuwäntzt originate?,United States,bridge,medium,BM25,3,D009,D009_C002,Die Rhöner Säuwäntzt,"The line-up consists of Martin Caba, Christoph Günther and Christoph Leipold playing Skiffle-Blues with lyrics based on Rhön Mountains dialect and other Hessian dialects varieties.",8.013307674526487,False
5a7722d655429966f1a36c99,Where did the form of music played by Die Rhöner Säuwäntzt originate?,United States,bridge,medium,BM25,4,D002,D002_C003,Bubu music,"In its folk form, the music is played by blowing on bamboo cane flutes and on metal pipes -often repurposed auto parts.",6.137873312617346,False
5a7722d655429966f1a36c99,Where did the form of music played by Die Rhöner Säuwäntzt originate?,United States,bridge,medium,BM25,5,D002,D002_C001,Bubu music,Bubu music is traditional music played by the Temne people in Sierra Leone.,5.660265582869071,False
5ade025e5542997dc790711e,In which American football game was Malcolm Smith named Most Valuable player?,Super Bowl XLVIII,bridge,easy,BM25,1,D002,D002_C004,Malcolm Smith (American football),Smith was named the Most Valuable Player of Super Bowl XLVIII after they defeated the Denver Broncos.,10.279938264300766,True
5ade025e5542997dc790711e,In which American football game was Malcolm Smith named Most Valuable player?,Super Bowl XLVIII,bridge,easy,BM25,2,D005,D005_C002,Steve Clark (American football),"He also played on two state championship teams in high school which were a combined (25-1) over two years and was a five team all-American including ""Parade Magazine"", he was also named Most Valuable Player of the state of Utah.",7.6101206179557535,False
5ade025e5542997dc790711e,In which American football game was Malcolm Smith named Most Valuable player?,Super Bowl XLVIII,bridge,easy,BM25,3,D002,D002_C002,Malcolm Smith (American football),Smith played college football at USC.,7.079368120757033,False
5ade025e5542997dc790711e,In which American football game was Malcolm Smith named Most Valuable player?,Super Bowl XLVIII,bridge,easy,BM25,4,D002,D002_C001,Malcolm Smith (American football),"Malcolm Xavier Smith (born July 5, 1989) is an American football linebacker for the San Francisco 49ers of the National Football League (NFL).",6.665278712172697,False
5ade025e5542997dc790711e,In which American football game was Malcolm Smith named Most Valuable player?,Super Bowl XLVIII,bridge,easy,BM25,5,D002,D002_C003,Malcolm Smith (American football),He was drafted by the Seattle Seahawks in the seventh round of the 2011 NFL Draft.,5.859597466137133,False
5ab381b155429969a97a816b,"What U.S Highway gives access to Zilpo Road, and is also known as Midland Trail?",US 60,bridge,hard,BM25,1,D010,D010_C003,"Glen Ferris, West Virginia","The sole highway linking Glen Ferris to the area is U.S. Route 60, known also as the Midland Trail.",13.604117036437987,False
5ab381b155429969a97a816b,"What U.S Highway gives access to Zilpo Road, and is also known as Midland Trail?",US 60,bridge,hard,BM25,2,D003,D003_C002,Peterman Hill,The road was originally known as Midland Trail and later U.S. 60 alternate until 1964 when it reverted to county maintenance.,11.915492327377583,False
5ab381b155429969a97a816b,"What U.S Highway gives access to Zilpo Road, and is also known as Midland Trail?",US 60,bridge,hard,BM25,3,D002,D002_C003,RISE (sculpture),It is informally known as The Balls on the Falls as this junction also gives access to the Falls Road area via Broadway.,11.077908472003234,False
5ab381b155429969a97a816b,"What U.S Highway gives access to Zilpo Road, and is also known as Midland Trail?",US 60,bridge,hard,BM25,4,D004,D004_C004,Arkansas Highway 113,This also gives access to some rural areas west of Morrilton.,9.649887479651262,False
5ab381b155429969a97a816b,"What U.S Highway gives access to Zilpo Road, and is also known as Midland Trail?",US 60,bridge,hard,BM25,5,D001,D001_C002,Zilpo Road,"The nine mile byway starts south of Morehead, Kentucky and can be accessed by U.S. Highway 60.",8.295508064466844,True
5ae0d91e55429924de1b7198,"The 1988 American comedy film, The Great Outdoors, starred a four-time Academy Award nominee, who received a star on the Hollywood Walk of Fame in what year?",2006,bridge,medium,BM25,1,D009,D009_C001,The Great Outdoors (film),"The Great Outdoors is a 1988 American comedy film directed by Howard Deutch, and written and produced by John Hughes.",20.445317685774658,True
5ae0d91e55429924de1b7198,"The 1988 American comedy film, The Great Outdoors, starred a four-time Academy Award nominee, who received a star on the Hollywood Walk of Fame in what year?",2006,bridge,medium,BM25,2,D004,D004_C005,Annette Bening,"In 2006, she received a star on the Hollywood Walk of Fame.",12.804999581060228,True
5ae0d91e55429924de1b7198,"The 1988 American comedy film, The Great Outdoors, starred a four-time Academy Award nominee, who received a star on the Hollywood Walk of Fame in what year?",2006,bridge,medium,BM25,3,D010,D010_C003,John Lithgow,Lithgow has received a star on the Hollywood Walk of Fame and has been inducted into the American Theater Hall of Fame.,12.046558871341889,False
5ae0d91e55429924de1b7198,"The 1988 American comedy film, The Great Outdoors, starred a four-time Academy Award nominee, who received a star on the Hollywood Walk of Fame in what year?",2006,bridge,medium,BM25,4,D009,D009_C002,The Great Outdoors (film),"It stars Dan Aykroyd, John Candy, Stephanie Faracy and Annette Bening in her film debut.",11.94013874570122,True
5ae0d91e55429924de1b7198,"The 1988 American comedy film, The Great Outdoors, starred a four-time Academy Award nominee, who received a star on the Hollywood Walk of Fame in what year?",2006,bridge,medium,BM25,5,D007,D007_C007,Kevin Bacon,"In 2003, Bacon received a star on the Hollywood Walk of Fame for his contributions to the motion pictures industry.",11.856865635906379,False
5ac2a5d455429921a00ab01b,What are the names of the current members of  American heavy metal band who wrote the music for  Hurt Locker The Musical? ,"Hetfield and Ulrich, longtime lead guitarist Kirk Hammett, and bassist Robert Trujillo.",bridge,easy,BM25,1,D002,D002_C001,Hurt Locker (musical),"Hurt Locker The Musical is a fictional musical in the 2014 Broadway premiere production of ""Hedwig and the Angry Inch"".",16.311539635979873,False
5ac2a5d455429921a00ab01b,What are the names of the current members of  American heavy metal band who wrote the music for  Hurt Locker The Musical? ,"Hetfield and Ulrich, longtime lead guitarist Kirk Hammett, and bassist Robert Trujillo.",bridge,easy,BM25,2,D002,D002_C003,Hurt Locker (musical),"Fake Playbills for the musical are used as props and are found scattered on the floor of the Belasco Theatre and contains advertisements for other fake musicals based on feature films such as ""Gravity on Ice"", ""Container Store: The Musical"", ""The Entire Bible"", and ""SoulCycle on Broadway"".",16.030938925908796,False
5ac2a5d455429921a00ab01b,What are the names of the current members of  American heavy metal band who wrote the music for  Hurt Locker The Musical? ,"Hetfield and Ulrich, longtime lead guitarist Kirk Hammett, and bassist Robert Trujillo.",bridge,easy,BM25,3,D002,D002_C002,Hurt Locker (musical),"In the Broadway performance of ""Hedwig and the Angry Inch"" the musical opens with Hedwig explaining that the musical only ran for a single night before closing during intermission, and that she has convinced a producer to let her perform in what would otherwise be an empty stage.",14.881428632217858,False
5ac2a5d455429921a00ab01b,What are the names of the current members of  American heavy metal band who wrote the music for  Hurt Locker The Musical? ,"Hetfield and Ulrich, longtime lead guitarist Kirk Hammett, and bassist Robert Trujillo.",bridge,easy,BM25,4,D002,D002_C004,Hurt Locker (musical),"The Playbills, which describe the musical as having ""explosions, negligible storytelling, camouflage and tits"", also state that the musical's cast included actors such as Taye Diggs (who would go on to play the role of Hedwig in the summer of 2015) and that the music was written by Metallica and Stephen R. Schwartz, which is the real name of ""Hedwig"" songwriter Stephen Trask.",13.944523209428482,True
5ac2a5d455429921a00ab01b,What are the names of the current members of  American heavy metal band who wrote the music for  Hurt Locker The Musical? ,"Hetfield and Ulrich, longtime lead guitarist Kirk Hammett, and bassist Robert Trujillo.",bridge,easy,BM25,5,D010,D010_C004,Metallica,"Guitarist Dave Mustaine (who went on to form Megadeth) and bassists Ron McGovney, Cliff Burton, and Jason Newsted are also former members of the band.",11.362633380957007,False
5adc1309554299438c868d3b,"Human Error"" is the season finale of the third season of a tv show that aired on what network?",Fox,bridge,medium,BM25,1,D004,D004_C001,Human Error (House),"""Human Error"" is the twenty-fourth episode and season finale of the third season of ""House"" and the seventieth episode overall.",19.2836471857302,True
5adc1309554299438c868d3b,"Human Error"" is the season finale of the third season of a tv show that aired on what network?",Fox,bridge,medium,BM25,2,D006,D006_C006,Robert Chase,"Chase has been attracted to Allison Cameron since the beginning of the show and embarks on a romantic relationship with her in ""Human Error.""",13.760945395642871,False
5adc1309554299438c868d3b,"Human Error"" is the season finale of the third season of a tv show that aired on what network?",Fox,bridge,medium,BM25,3,D007,D007_C005,The Voice Portugal,"RTP1 later announced the first season of ""The Voice Kids Portugal"" and the third season of the main show.",11.388898797884712,False
5adc1309554299438c868d3b,"Human Error"" is the season finale of the third season of a tv show that aired on what network?",Fox,bridge,medium,BM25,4,D009,D009_C001,Through the Looking Glass (Lost),"""Through the Looking Glass"" is the third season finale of the ABC television series ""Lost"", consisting of the 22nd and 23rd episodes of the third season.",10.958600964095107,False
5adc1309554299438c868d3b,"Human Error"" is the season finale of the third season of a tv show that aired on what network?",Fox,bridge,medium,BM25,5,D008,D008_C001,House (TV series),"House (also called House, M.D.) is an American television medical drama that originally ran on the Fox network for eight seasons, from November 16, 2004 to May 21, 2012.",10.739229968980174,True
5a83168855429966c78a6b2e,"Dua Lipa, an English singer, songwriter and model, the album spawned the number-one single ""New Rules"" is a song by English singer Dua Lipa from her eponymous debut studio album, released in what year?",2017,bridge,easy,BM25,1,D009,D009_C001,New Rules (song),"""New Rules"" is a song by English singer Dua Lipa from her eponymous debut studio album (2017).",23.228768346394087,True
5a83168855429966c78a6b2e,"Dua Lipa, an English singer, songwriter and model, the album spawned the number-one single ""New Rules"" is a song by English singer Dua Lipa from her eponymous debut studio album, released in what year?",2017,bridge,easy,BM25,2,D004,D004_C001,Be the One (Dua Lipa song),"""Be the One"" is a song by English singer Dua Lipa from her eponymous debut studio album (2017).",21.930489791739603,False
5a83168855429966c78a6b2e,"Dua Lipa, an English singer, songwriter and model, the album spawned the number-one single ""New Rules"" is a song by English singer Dua Lipa from her eponymous debut studio album, released in what year?",2017,bridge,easy,BM25,3,D002,D002_C001,Dua Lipa,"Dua Lipa ( ; ] ; born 22 August 1995) is an English singer, songwriter and model.",21.556351302919957,False
5a83168855429966c78a6b2e,"Dua Lipa, an English singer, songwriter and model, the album spawned the number-one single ""New Rules"" is a song by English singer Dua Lipa from her eponymous debut studio album, released in what year?",2017,bridge,easy,BM25,4,D002,D002_C007,Dua Lipa,"The album spawned seven singles, including the top-10 single ""Be the One"" and the number-one single ""New Rules"".",18.686464236193956,False
5a83168855429966c78a6b2e,"Dua Lipa, an English singer, songwriter and model, the album spawned the number-one single ""New Rules"" is a song by English singer Dua Lipa from her eponymous debut studio album, released in what year?",2017,bridge,easy,BM25,5,D001,D001_C001,Last Dance (Dua Lipa song),"""Last Dance"" is a song by English singer Dua Lipa from her eponymous debut studio album (2017).",18.22182323298985,False
5ab698885542995eadef002a,"American politician Joe Heck ran unsuccessfully against Democrat Catherine Cortez Masto, a woman who previously served as the 32nd Attorney General of where?",Nevada,bridge,easy,BM25,1,D005,D005_C003,Joe Heck,He ran unsuccessfully against Democrat Catherine Cortez Masto in the general election for the open Nevada United States Senate seat in 2016.,20.778585668240602,True
5ab698885542995eadef002a,"American politician Joe Heck ran unsuccessfully against Democrat Catherine Cortez Masto, a woman who previously served as the 32nd Attorney General of where?",Nevada,bridge,easy,BM25,2,D004,D004_C003,Catherine Cortez Masto,She previously served as the 32nd Attorney General of Nevada from 2007 to 2015.,16.796988474439452,True
5ab698885542995eadef002a,"American politician Joe Heck ran unsuccessfully against Democrat Catherine Cortez Masto, a woman who previously served as the 32nd Attorney General of where?",Nevada,bridge,easy,BM25,3,D004,D004_C001,Catherine Cortez Masto,"Catherine Marie Cortez Masto (born March 29, 1964) is an American attorney and politician who is the junior United States Senator from Nevada.",14.029456108641462,False
5ab698885542995eadef002a,"American politician Joe Heck ran unsuccessfully against Democrat Catherine Cortez Masto, a woman who previously served as the 32nd Attorney General of where?",Nevada,bridge,easy,BM25,4,D001,D001_C003,Kamala Harris,She previously served as the 32nd Attorney General of California.,11.445458375550386,False
5ab698885542995eadef002a,"American politician Joe Heck ran unsuccessfully against Democrat Catherine Cortez Masto, a woman who previously served as the 32nd Attorney General of where?",Nevada,bridge,easy,BM25,5,D005,D005_C001,Joe Heck,"Joseph John “Joe” Heck (born October 30, 1961) is an American politician, physician, and U.S. Army Brigadier General who had served as the U.S. Representative for Nevada's 3rd congressional district from 2011 to 2017.",10.950165539180885,True
5ab345db55429969a97a8122,"Which state does the drug stores, of which the CEO is Warren Bryant, are located?",Hawaii,bridge,medium,BM25,1,D005,D005_C002,Leader Drug Stores,"It has a business affiliation with Cardinal Health, which sponsors the network and owns the name ""Leader Drug Stores"".",10.093736818685167,False
5ab345db55429969a97a8122,"Which state does the drug stores, of which the CEO is Warren Bryant, are located?",Hawaii,bridge,medium,BM25,2,D008,D008_C001,Warren Bryant,Warren Bryant was the CEO of Longs Drugs Store Corporation out of California prior to the retail chain's acquisition by CVS/Caremark.,9.876612054530735,True
5ab345db55429969a97a8122,"Which state does the drug stores, of which the CEO is Warren Bryant, are located?",Hawaii,bridge,medium,BM25,3,D003,D003_C001,Longs Drugs,Longs Drugs is an American chain with approximately 40 drug stores throughout the state of Hawaii.,6.829132992654249,True
5ab345db55429969a97a8122,"Which state does the drug stores, of which the CEO is Warren Bryant, are located?",Hawaii,bridge,medium,BM25,4,D008,D008_C005,Warren Bryant,He is also a director of OfficeMax Incorporated.,6.394830877745973,False
5ab345db55429969a97a8122,"Which state does the drug stores, of which the CEO is Warren Bryant, are located?",Hawaii,bridge,medium,BM25,5,D001,D001_C003,USA Drug,"Its headquarters are still located in Pine Bluff with additional offices in Little Rock, Arkansas, Tulsa, Oklahoma, and Memphis, Tennessee.",6.3447421903477075,False
5adf732a5542993a75d264e9,Which  American politician did Donahue replaced ,Kelli Ward,bridge,easy,BM25,1,D005,D005_C004,Sue Donahue,Donahue did not run for re-election in 2016 and was replaced by Sonny Borrelli.,5.9062319359929045,False
5adf732a5542993a75d264e9,Which  American politician did Donahue replaced ,Kelli Ward,bridge,easy,BM25,2,D005,D005_C001,Sue Donahue,Sue Donahue is an American politician.,3.4115512140308377,False
5adf732a5542993a75d264e9,Which  American politician did Donahue replaced ,Kelli Ward,bridge,easy,BM25,3,D004,D004_C002,Anne Donahue,"She has served as a Republican member of the Vermont House of Representatives since 2003, representing the Washington-2 district, which includes the Washington County towns of Berlin and Northfield.",3.0469767458517363,False
5adf732a5542993a75d264e9,Which  American politician did Donahue replaced ,Kelli Ward,bridge,easy,BM25,4,D004,D004_C001,Anne Donahue,Anne de la Blanchetai Donahue is an American politician from the state of Vermont.,2.813621777236526,False
5adf732a5542993a75d264e9,Which  American politician did Donahue replaced ,Kelli Ward,bridge,easy,BM25,5,D005,D005_C003,Sue Donahue,Donahue replaced Kelli Ward who resigned to run for the United States Senate.,2.6702433884874823,True
5ac2a912554299218029dae8,"Which band was founded first, Hole, the rock band that Courtney Love was a frontwoman of, or The Wolfhounds?",The Wolfhounds,comparison,medium,BM25,1,D010,D010_C003,Courtney Love,"She rose to prominence as the frontwoman of the alternative rock band Hole, which she formed in 1989.",10.836578271705644,True
5ac2a912554299218029dae8,"Which band was founded first, Hole, the rock band that Courtney Love was a frontwoman of, or The Wolfhounds?",The Wolfhounds,comparison,medium,BM25,2,D007,D007_C003,Turpentine (song),"The song was one of the band's first compositions and remained unreleased for seven years before being released on the band's second EP, ""The First Session"" on August 26, 1997.",10.117286892079344,False
5ac2a912554299218029dae8,"Which band was founded first, Hole, the rock band that Courtney Love was a frontwoman of, or The Wolfhounds?",The Wolfhounds,comparison,medium,BM25,3,D010,D010_C002,Courtney Love,"Prolific in the punk and grunge scenes of the 1990s, Love has enjoyed a career that spans four decades.",8.452024681696802,False
5ac2a912554299218029dae8,"Which band was founded first, Hole, the rock band that Courtney Love was a frontwoman of, or The Wolfhounds?",The Wolfhounds,comparison,medium,BM25,4,D008,D008_C002,Miss World (song),"The song was released as the band's fifth single and the first from their second studio album, ""Live Through This"", in March 1994.",8.418795197557603,False
5ac2a912554299218029dae8,"Which band was founded first, Hole, the rock band that Courtney Love was a frontwoman of, or The Wolfhounds?",The Wolfhounds,comparison,medium,BM25,5,D009,D009_C003,"Softer, Softest",The single was released just as the band finished their extensive touring in 1995.,6.841698178914701,False
5a7272eb5542997f827839d7,How old is the female main protagonist of Catching Fire?,16-year-old,bridge,medium,BM25,1,D004,D004_C005,To Heart 2,"Its story centers on the male protagonist Takaaki Kouno, and focuses on the appeal of the female main characters.",8.447056183347609,False
5a7272eb5542997f827839d7,How old is the female main protagonist of Catching Fire?,16-year-old,bridge,medium,BM25,2,D010,D010_C004,"Hello, Good-bye",The primary focus of the game is the appeal of the four female main characters.,7.965007937509931,False
5a7272eb5542997f827839d7,How old is the female main protagonist of Catching Fire?,16-year-old,bridge,medium,BM25,3,D006,D006_C004,Moon (visual novel),"The story follows the protagonist Ikumi Amasawa, a girl who joins an organization called Fargo in the hopes of discovering why and how her mother died, who was a member of the same group.",6.8295371614848275,False
5a7272eb5542997f827839d7,How old is the female main protagonist of Catching Fire?,16-year-old,bridge,medium,BM25,4,D005,D005_C002,The Hunger Games (novel),"It is written in the voice of 16-year-old Katniss Everdeen, who lives in the future, post-apocalyptic nation of Panem in North America.",6.208710623861734,True
5a7272eb5542997f827839d7,How old is the female main protagonist of Catching Fire?,16-year-old,bridge,medium,BM25,5,D003,D003_C003,H2O: Footprints in the Sand,"The gameplay in ""HO"" follows a plot line that offers pre-determined scenarios with courses of interaction, and focuses on the appeal of the three female main characters.",5.941966577780388,False
5ac2c3545542990b17b1548b,Chang Ucchin was born in korea during a time that ended with the conclusion of what? ,World War II,bridge,medium,BM25,1,D005,D005_C001,Korea under Japanese rule,Korea under Japanese rule began with the end of the short-lived Korean Empire in 1910 and ended at the conclusion of World War II in 1945.,9.875130219882298,True
5ac2c3545542990b17b1548b,Chang Ucchin was born in korea during a time that ended with the conclusion of what? ,World War II,bridge,medium,BM25,2,D009,D009_C002,Chang Yong-hak,Chang was born in Hamyeong Buk-do in what is now North Korea.,8.69185061859423,False
5ac2c3545542990b17b1548b,Chang Ucchin was born in korea during a time that ended with the conclusion of what? ,World War II,bridge,medium,BM25,3,D005,D005_C002,Korea under Japanese rule,"Japanese rule of Korea was the outcome of a process that began with the Japan–Korea Treaty of 1876, whereby a complex coalition of the Meiji government, military, and business officials sought to integrate Korea both politically and economically into the Empire of Japan.",6.7650711992163055,False
5ac2c3545542990b17b1548b,Chang Ucchin was born in korea during a time that ended with the conclusion of what? ,World War II,bridge,medium,BM25,4,D010,D010_C004,Chang Ucchin,"He became a professor of fine arts at Seoul National University in 1954, but resigned to paint full-time from 1960.",6.7400789962918815,False
5ac2c3545542990b17b1548b,Chang Ucchin was born in korea during a time that ended with the conclusion of what? ,World War II,bridge,medium,BM25,5,D010,D010_C002,Chang Ucchin,Chang was born when Korea was still under Japanese colonial rule.,6.658880746135158,True
5ae3b4d05542992f92d82349,Who is the director of the 2003 film which has scenes in it filmed at the Quality Cafe in Los Angeles?,Todd Phillips,bridge,hard,BM25,1,D002,D002_C002,Good Life Cafe,"In 2008, director Ava DuVernay, who had performed at the cafe with the Figures of Speech hip hop group, released a documentary about the cafe, ""This Is The Life"".",17.359470571148062,False
5ae3b4d05542992f92d82349,Who is the director of the 2003 film which has scenes in it filmed at the Quality Cafe in Los Angeles?,Todd Phillips,bridge,hard,BM25,2,D010,D010_C001,Quality Cafe (diner),"The Quality Cafe (also known as Quality Diner) is a now-defunct diner at 1236 West 7th Street in Los Angeles, California.",13.465506957609541,True
5ae3b4d05542992f92d82349,Who is the director of the 2003 film which has scenes in it filmed at the Quality Cafe in Los Angeles?,Todd Phillips,bridge,hard,BM25,3,D007,D007_C001,Quality Cafe,"Quality Cafe is the name of two different former locations in Downtown Los Angeles, California.",13.276564800711487,False
5ae3b4d05542992f92d82349,Who is the director of the 2003 film which has scenes in it filmed at the Quality Cafe in Los Angeles?,Todd Phillips,bridge,hard,BM25,4,D010,D010_C003,Quality Cafe (diner),"It was also featured in Season 1 of the 2007 television series ""Mad Men,"" in the episode ""5G"".",12.625621794808298,False
5ae3b4d05542992f92d82349,Who is the director of the 2003 film which has scenes in it filmed at the Quality Cafe in Los Angeles?,Todd Phillips,bridge,hard,BM25,5,D006,D006_C001,John Miner,"Composer John Miner may be best known for his rock opera Heavens Cafe, which was staged at the Flamingo Theater in Las Vegas 1996, the Charleston Performing Arts Center in 1997, and later at Insurgo Theater in Los Angeles in 2004.",12.508435509695161,False
5a76a401554299373536012b,"New Faces of 1952 is a musical revue with songs and comedy skits, it helped jump start the career of which young performer, and American actress?",Carol Lawrence,bridge,easy,BM25,1,D003,D003_C001,New Faces of 1952,New Faces of 1952 is a musical revue with songs and comedy skits.,20.725808338714206,False
5a76a401554299373536012b,"New Faces of 1952 is a musical revue with songs and comedy skits, it helped jump start the career of which young performer, and American actress?",Carol Lawrence,bridge,easy,BM25,2,D003,D003_C003,New Faces of 1952,"It helped jump start the careers of several young performers including Paul Lynde, Alice Ghostley, Eartha Kitt, Robert Clary, Carol Lawrence, Ronny Graham, performer/writer Mel Brooks (as Melvin Brooks), and lyricist Sheldon Harnick.",18.189411662551418,True
5a76a401554299373536012b,"New Faces of 1952 is a musical revue with songs and comedy skits, it helped jump start the career of which young performer, and American actress?",Carol Lawrence,bridge,easy,BM25,3,D007,D007_C001,New Faces (film),"New Faces is a 1954 American film adaptation of the musical revue ""New Faces of 1952"" directed by Harry Horner and sketches directed by John Beal.",11.062772488199847,False
5a76a401554299373536012b,"New Faces of 1952 is a musical revue with songs and comedy skits, it helped jump start the career of which young performer, and American actress?",Carol Lawrence,bridge,easy,BM25,4,D001,D001_C002,Guess Who I Saw Today,"The song was originally composed for Leonard Sillman's Broadway musical revue ""New Faces of 1952"" in which it was sung by June Carroll.",9.192488933356248,False
5a76a401554299373536012b,"New Faces of 1952 is a musical revue with songs and comedy skits, it helped jump start the career of which young performer, and American actress?",Carol Lawrence,bridge,easy,BM25,5,D006,D006_C002,How to Eat Like a Child,"Based on Delia Ephron's best-selling book of the same name, and adapted for television by Judith Kahan with music and lyrics by John Forster, the one-hour special, through a series of comedy skits and songs, lampoons the adult world through the eyes of children.",9.161776717231525,False
5ae3918b5542994393b9e709,Were Pavel Urysohn and Leonid Levin known for the same type of work?,no,comparison,medium,BM25,1,D008,D008_C001,Pavel Urysohn,"Pavel Samuilovich Urysohn (Па́вел Самуи́лович Урысо́н ) (February 3, 1898 – August 17, 1924) was a Soviet mathematician of Jewish origin who is best known for his contributions in dimension theory, and for developing Urysohn's Metrization Theorem and Urysohn's Lemma, both of which are fundamental results in topology.",8.888235764427815,True
5ae3918b5542994393b9e709,Were Pavel Urysohn and Leonid Levin known for the same type of work?,no,comparison,medium,BM25,2,D008,D008_C003,Pavel Urysohn,He and Pavel Alexandrov formulated the modern definition of compactness in 1923.,8.7753681708387,False
5ae3918b5542994393b9e709,Were Pavel Urysohn and Leonid Levin known for the same type of work?,no,comparison,medium,BM25,3,D008,D008_C002,Pavel Urysohn,"His name is also commemorated in the terms Urysohn universal space, Fréchet–Urysohn space, Menger–Urysohn dimension and Urysohn integral equation.",8.456354066389094,False
5ae3918b5542994393b9e709,Were Pavel Urysohn and Leonid Levin known for the same type of work?,no,comparison,medium,BM25,4,D005,D005_C003,Tony Levin,Levin is best known for his work with King Crimson and Peter Gabriel.,7.8144280049844035,False
5ae3918b5542994393b9e709,Were Pavel Urysohn and Leonid Levin known for the same type of work?,no,comparison,medium,BM25,5,D009,D009_C002,Meyer Levin,"Perhaps best known for his work on the Leopold and Loeb case, Levin worked as a journalist (for the ""Chicago Daily News"" and, from 1933–39, as an editor for ""Esquire"").",7.742755549143944,False
5a8efd3c55429918e830d179,Are both The New Pornographers and Kings of Leon American rock bands?,no,comparison,hard,BM25,1,D003,D003_C001,Kings of Leon,"Kings of Leon is an American rock band that formed in Nashville, Tennessee, in 1999.",11.186509472069844,True
5a8efd3c55429918e830d179,Are both The New Pornographers and Kings of Leon American rock bands?,no,comparison,hard,BM25,2,D003,D003_C002,Kings of Leon,"The band is composed of brothers Caleb Followill (b. January 14, 1982, lead vocals, rhythm guitar), Nathan Followill (b. June 26, 1979, drums, percussion, backing vocals) and Jared Followill (b. November 20, 1986, bass guitar, backing vocals), with their cousin Matthew Followill (b. September 10, 1984, lead guitar, backing vocals).",4.850727298981006,False
5a8efd3c55429918e830d179,Are both The New Pornographers and Kings of Leon American rock bands?,no,comparison,hard,BM25,3,D005,D005_C001,Neko Case,"Neko Richelle Case ( ; born September 8, 1970) is an American singer-songwriter, best known for her solo career and her contributions as a member of the Canadian indie rock group The New Pornographers.",4.654939726962338,False
5a8efd3c55429918e830d179,Are both The New Pornographers and Kings of Leon American rock bands?,no,comparison,hard,BM25,4,D008,D008_C001,Kurt Dahle,"Kurt Colin Dahle is a Canadian musician best known for his work as a drummer and vocalist with the rock bands Age of Electric, Limblifter, and The New Pornographers.",4.500763987946956,False
5a8efd3c55429918e830d179,Are both The New Pornographers and Kings of Leon American rock bands?,no,comparison,hard,BM25,5,D009,D009_C006,Phantom Buffalo,"The band's jangly, psychedelic pop music has been compared to The Byrds and New Zealand's The Chills, as well as North American indie-pop acts like The Shins and The New Pornographers.",4.4775878371745845,False
5a8b63755542997f31a41cfe,"750 7th Avenue and 101 Park Avenue, are located in which city?",New York City,comparison,easy,BM25,1,D002,D002_C003,101 Park Avenue,"Eli Attia Architects designed the building, which is the 64th tallest in New York.",9.077263643662413,False
5a8b63755542997f31a41cfe,"750 7th Avenue and 101 Park Avenue, are located in which city?",New York City,comparison,easy,BM25,2,D004,D004_C004,750 7th Avenue,"The building's continuous helix design, culminating in a chimney-like extension, was caused by the New York City Building Code, which requires setbacks.",8.63354346882715,False
5a8b63755542997f31a41cfe,"750 7th Avenue and 101 Park Avenue, are located in which city?",New York City,comparison,easy,BM25,3,D002,D002_C001,101 Park Avenue,"101 Park Avenue is a 629 ft tall skyscraper in New York City, New York.",8.410346208236048,True
5a8b63755542997f31a41cfe,"750 7th Avenue and 101 Park Avenue, are located in which city?",New York City,comparison,easy,BM25,4,D004,D004_C001,750 7th Avenue,750 Seventh Avenue is a 615 ft (187m) tall Class-A office skyscraper in New York City.,8.02375698222169,True
5a8b63755542997f31a41cfe,"750 7th Avenue and 101 Park Avenue, are located in which city?",New York City,comparison,easy,BM25,5,D004,D004_C002,750 7th Avenue,It was completed in 1989 in the postmodern style and has 36 floors.,7.321623848079255,False
5ac15df95542994d76dccded,"Which actress played the part of fictitious character Kimberly Ann Hart, in the franchise built around a live action superhero television series taking much of its footage from the Japanese tokusatsu 'Super Sentai'?",Amy Jo Johnson,bridge,easy,BM25,1,D010,D010_C001,Kimberly Hart,"Kimberly Ann Hart is a fictitious character in the ""Power Rangers"" universe.",23.99620648395946,True
5ac15df95542994d76dccded,"Which actress played the part of fictitious character Kimberly Ann Hart, in the franchise built around a live action superhero television series taking much of its footage from the Japanese tokusatsu 'Super Sentai'?",Amy Jo Johnson,bridge,easy,BM25,2,D005,D005_C001,Power Rangers,Power Rangers is an American entertainment and merchandising franchise built around a live action superhero television series.,19.6920129724161,True
5ac15df95542994d76dccded,"Which actress played the part of fictitious character Kimberly Ann Hart, in the franchise built around a live action superhero television series taking much of its footage from the Japanese tokusatsu 'Super Sentai'?",Amy Jo Johnson,bridge,easy,BM25,3,D010,D010_C002,Kimberly Hart,"Played by actress Amy Jo Johnson during the first three seasons of the show, plus on the two feature films of the franchise, Kimberly has the longest tenure of any female ranger in the series' history, and fourth overall.",17.412317759493,True
5ac15df95542994d76dccded,"Which actress played the part of fictitious character Kimberly Ann Hart, in the franchise built around a live action superhero television series taking much of its footage from the Japanese tokusatsu 'Super Sentai'?",Amy Jo Johnson,bridge,easy,BM25,4,D005,D005_C002,Power Rangers,"Produced first by Saban Entertainment, later by BVS Entertainment, and today by SCG Power Rangers, the television series takes much of its footage from the Japanese tokusatsu ""Super Sentai"", produced by Toei Company.",16.54606382681468,True
5ac15df95542994d76dccded,"Which actress played the part of fictitious character Kimberly Ann Hart, in the franchise built around a live action superhero television series taking much of its footage from the Japanese tokusatsu 'Super Sentai'?",Amy Jo Johnson,bridge,easy,BM25,5,D001,D001_C001,Kyōryū Sentai Zyuranger,"Kyōryū Sentai Zyuranger (恐竜戦隊ジュウレンジャー , Kyōryū Sentai Jūrenjā ) is a Japanese tokusatsu television series and the sixteenth installment in the long-running ""Super Sentai"" franchise of superhero programs.",14.002691984148004,False
5a7a02235542996c55b2dcd3,"Who was born first, Pablo Trapero or Aleksander Ford?",Aleksander Ford,comparison,hard,BM25,1,D009,D009_C001,Aleksander Ford,"Aleksander Ford (born Mosze Lifszyc; 24 November 1908 in Kiev, Russian Empire – 4 April 1980 in Naples, Florida, United States) was a Polish Jewish film director; and head of the Polish People's Army Film Crew in the Soviet Union during World War II.",6.701927770487856,True
5a7a02235542996c55b2dcd3,"Who was born first, Pablo Trapero or Aleksander Ford?",Aleksander Ford,comparison,hard,BM25,2,D009,D009_C002,Aleksander Ford,Ford became director of the nationalized Film Polski company following the Red Army occupation of Poland.,6.082829444120846,False
5a7a02235542996c55b2dcd3,"Who was born first, Pablo Trapero or Aleksander Ford?",Aleksander Ford,comparison,hard,BM25,3,D003,D003_C001,Pablo Trapero,"Pablo Trapero (Born 4 October 1971) is an Argentine film producer, editor and director.",3.2663939514282854,True
5a7a02235542996c55b2dcd3,"Who was born first, Pablo Trapero or Aleksander Ford?",Aleksander Ford,comparison,hard,BM25,4,D004,D004_C002,El Bonaerense,It was directed and produced by Pablo Trapero.,1.1363508342382946,False
5a7a02235542996c55b2dcd3,"Who was born first, Pablo Trapero or Aleksander Ford?",Aleksander Ford,comparison,hard,BM25,5,D005,D005_C002,Crane World,The film was produced by Lita Stantic and Pablo Trapero.,1.0746324765780728,False
5ac061ab554299294b218fac,Are Jane and First for Women both women's magazines?,yes,comparison,medium,BM25,1,D010,D010_C004,List of magazines in China,"Madame Figaro"", and ""Elle"" are among such titles both of which entered into the Chinese market in 1988.",7.546154207009035,False
5ac061ab554299294b218fac,Are Jane and First for Women both women's magazines?,yes,comparison,medium,BM25,2,D001,D001_C004,List of magazines in Malaysia,Some international women's magazines are also published in Malaysia.,6.353930398858636,False
5ac061ab554299294b218fac,Are Jane and First for Women both women's magazines?,yes,comparison,medium,BM25,3,D002,D002_C001,First for Women,First for Women is a woman's magazine published by Bauer Media Group in the USA.,6.120543223669414,True
5ac061ab554299294b218fac,Are Jane and First for Women both women's magazines?,yes,comparison,medium,BM25,4,D004,D004_C003,Rabotnitsa,"While the journal's beginnings are attributed to Lenin and several women who were close to him, he did not contribute to the first seven issues.",5.787861416772749,False
5ac061ab554299294b218fac,Are Jane and First for Women both women's magazines?,yes,comparison,medium,BM25,5,D004,D004_C002,Rabotnitsa,"Founded in 1914, and first published on Women's Day, it is the first socialist women's journal, and the most politically left of the women's periodicals.",5.666730843121589,False
5ab5a2f85542997d4ad1f197,What profession does Nicholas Ray and Elia Kazan have in common?,director,comparison,medium,BM25,1,D002,D002_C001,Nicholas Ray,"Nicholas Ray (born Raymond Nicholas Kienzle Jr., August 7, 1911 – June 16, 1979) was an American film director best known for the movie ""Rebel Without a Cause.""",5.94108341203229,True
5ab5a2f85542997d4ad1f197,What profession does Nicholas Ray and Elia Kazan have in common?,director,comparison,medium,BM25,2,D010,D010_C001,Macao (film),Macao is a 1952 black-and-white film noir adventure directed by Josef von Sternberg and Nicholas Ray.,5.482067023349362,False
5ab5a2f85542997d4ad1f197,What profession does Nicholas Ray and Elia Kazan have in common?,director,comparison,medium,BM25,3,D010,D010_C002,Macao (film),Producer Howard Hughes fired director von Sternberg during filming and hired Nicholas Ray to finish it.,5.401941174462745,False
5ab5a2f85542997d4ad1f197,What profession does Nicholas Ray and Elia Kazan have in common?,director,comparison,medium,BM25,4,D009,D009_C003,Maya Kazan,She is the daughter of screenwriters Nicholas Kazan and Robin Swicord.,3.3690827506960743,False
5ab5a2f85542997d4ad1f197,What profession does Nicholas Ray and Elia Kazan have in common?,director,comparison,medium,BM25,5,D003,D003_C001,Elia Kazan,"Elia Kazan (born Elias Kazantzoglou September 7, 1909 – September 28, 2003) was a Greek-American director, producer, writer and actor, described by ""The New York Times"" as ""one of the most honored and influential directors in Broadway and Hollywood history"".",3.1169057016329482,True
5abd7ca05542993062266cab,Where is the company that purchased Aixam based in?,"Roseau, Minnesota, USA",bridge,medium,BM25,1,D002,D002_C001,Aixam,"Aixam-Mega is a French automobile manufacturer based in Aix-les-Bains, Savoie.",7.625219077611246,False
5abd7ca05542993062266cab,Where is the company that purchased Aixam based in?,"Roseau, Minnesota, USA",bridge,medium,BM25,2,D002,D002_C003,Aixam,"On April 11, 2013, US based Polaris Industries announced that it had acquired Aixam-Mega.",7.419475655495738,True
5abd7ca05542993062266cab,Where is the company that purchased Aixam based in?,"Roseau, Minnesota, USA",bridge,medium,BM25,3,D001,D001_C001,WizKids,"WizKids/NECA, LLC is an American company based in New Jersey that first made its mark in the game industry producing collectible miniatures wargames.",7.413165966109796,False
5abd7ca05542993062266cab,Where is the company that purchased Aixam based in?,"Roseau, Minnesota, USA",bridge,medium,BM25,4,D008,D008_C004,Cliché Skateboards,"In 2009, US-based Dwindle Distribution purchased the company from the Salomon Group.",5.250498714290169,False
5abd7ca05542993062266cab,Where is the company that purchased Aixam based in?,"Roseau, Minnesota, USA",bridge,medium,BM25,5,D003,D003_C002,Arola (microcar),Arola became part of the Aixam group in 1983.,5.026959433151709,False
5a8ce5c7554299441c6b9f64,"Which documentary is about Finnish rock groups, Adam Clayton Powell or The Saimaa Gesture?",The Saimaa Gesture,comparison,medium,BM25,1,D009,D009_C002,The Saimaa Gesture,It is a documentary of three Finnish rock groups aboard the steamboat SS Heinävesi on their tour around Lake Saimaa.,18.244492864720353,True
5a8ce5c7554299441c6b9f64,"Which documentary is about Finnish rock groups, Adam Clayton Powell or The Saimaa Gesture?",The Saimaa Gesture,comparison,medium,BM25,2,D009,D009_C001,The Saimaa Gesture,"The Saimaa Gesture (Finnish: ""Saimaa-ilmiö"" ) is a 1981 film by Finnish directors Aki and Mika Kaurismäki.",12.872510645896968,True
5a8ce5c7554299441c6b9f64,"Which documentary is about Finnish rock groups, Adam Clayton Powell or The Saimaa Gesture?",The Saimaa Gesture,comparison,medium,BM25,3,D002,D002_C001,Adam Clayton Powell (film),Adam Clayton Powell is a 1989 American documentary film directed by Richard Kilberg about the civil rights leader.,9.175549705037904,True
5a8ce5c7554299441c6b9f64,"Which documentary is about Finnish rock groups, Adam Clayton Powell or The Saimaa Gesture?",The Saimaa Gesture,comparison,medium,BM25,4,D004,D004_C004,Adam Clayton Powell IV,"Beginning in 2001, Powell represented the 68th Assembly District, which includes parts of Harlem and East Harlem.",6.275231948631969,False
5a8ce5c7554299441c6b9f64,"Which documentary is about Finnish rock groups, Adam Clayton Powell or The Saimaa Gesture?",The Saimaa Gesture,comparison,medium,BM25,5,D002,D002_C002,Adam Clayton Powell (film),It was nominated for an Academy Award for Best Documentary Feature.,4.822720079625095,False
5a81ff1d554299676cceb1c3,"Who was inducted into the Rock and Roll Hall of Fame, David Lee Roth or Cia Berg?",David Lee Roth,comparison,medium,BM25,1,D008,D008_C002,David Lee Roth,"In 2007, he was inducted into the Rock and Roll Hall of Fame.",17.58832646749495,True
5a81ff1d554299676cceb1c3,"Who was inducted into the Rock and Roll Hall of Fame, David Lee Roth or Cia Berg?",David Lee Roth,comparison,medium,BM25,2,D005,D005_C009,The Midnighters,"The group's lead singer, Hank Ballard, was inducted into the Rock and Roll Hall of Fame in 1990.",15.195124553533017,False
5a81ff1d554299676cceb1c3,"Who was inducted into the Rock and Roll Hall of Fame, David Lee Roth or Cia Berg?",David Lee Roth,comparison,medium,BM25,3,D003,D003_C006,Sammy Hagar,"On March 12, 2007, Hagar was inducted into the Rock and Roll Hall of Fame as a member of Van Halen.",14.323194927457092,False
5a81ff1d554299676cceb1c3,"Who was inducted into the Rock and Roll Hall of Fame, David Lee Roth or Cia Berg?",David Lee Roth,comparison,medium,BM25,4,D005,D005_C010,The Midnighters,"The Midnighters as a ""group"" were inducted into the Rock and Roll Hall of Fame on April 14, 2012.",13.877727036976744,False
5a81ff1d554299676cceb1c3,"Who was inducted into the Rock and Roll Hall of Fame, David Lee Roth or Cia Berg?",David Lee Roth,comparison,medium,BM25,5,D007,D007_C002,Cia Berg,"She was at one time the lead singer of the Swedish rock band Whale, who released the single ""Hobo Humpin' Slobo Babe"".",12.180799085507095,True
5ae732685542991e8301cbc3,Zimbabwe's Guwe Secondary School has a sister school in what New York cunty?,Nassau County,bridge,medium,BM25,1,D008,D008_C002,Guwe Secondary School,"It has a sister school in Carle Place, New York, United States.",16.50426686557054,True
5ae732685542991e8301cbc3,Zimbabwe's Guwe Secondary School has a sister school in what New York cunty?,Nassau County,bridge,medium,BM25,2,D008,D008_C001,Guwe Secondary School,Guwe Secondary School is located in Zimbabwe.,11.25526606458498,False
5ae732685542991e8301cbc3,Zimbabwe's Guwe Secondary School has a sister school in what New York cunty?,Nassau County,bridge,medium,BM25,3,D009,D009_C002,Singwango Secondary School,"It had a sister school in Carle Place, New York, United States, although Carle Place High School still donates sports equipment and clothes.",9.947250674636077,False
5ae732685542991e8301cbc3,Zimbabwe's Guwe Secondary School has a sister school in what New York cunty?,Nassau County,bridge,medium,BM25,4,D010,D010_C001,Carle Place High School,"Carle Place Middle/High School is a six-year comprehensive public high school located in the hamlet of Carle Place in Nassau County, New York.",8.218153587470233,True
5ae732685542991e8301cbc3,Zimbabwe's Guwe Secondary School has a sister school in what New York cunty?,Nassau County,bridge,medium,BM25,5,D003,D003_C004,J. Sterling Morton High School East,"Morton East's sister school, J. Sterling Morton High School West is a four-year secondary school.",8.069344626629338,False
5a8a2ebc5542996c9b8d5e33,"The Royal Commission into Drug Trafficking (1977–1979) or Woodward Royal Commission was a royal commission initiated by the New South Wales Government to investigate drug trafficking in New South Wales, Australia, especially links between the New South Wales Police and Mafia, The Honoured Society, is a Calabrian 'Ndrangheta criminal confederation, started in Melbourne and currently active in all of which country?  ",Australia,bridge,easy,BM25,1,D002,D002_C001,Royal Commission into Drug Trafficking,"The Royal Commission into Drug Trafficking (1977–1979) or Woodward Royal Commission was a royal commission initiated by the New South Wales Government to investigate drug trafficking in New South Wales, Australia, especially links between the Mafia and New South Wales Police and the disappearance of anti-marijuana campaigner Donald Mackay.",47.997329632895855,True
5a8a2ebc5542996c9b8d5e33,"The Royal Commission into Drug Trafficking (1977–1979) or Woodward Royal Commission was a royal commission initiated by the New South Wales Government to investigate drug trafficking in New South Wales, Australia, especially links between the New South Wales Police and Mafia, The Honoured Society, is a Calabrian 'Ndrangheta criminal confederation, started in Melbourne and currently active in all of which country?  ",Australia,bridge,easy,BM25,2,D006,D006_C001,Honoured Society (Australia),"The Honoured Society (Italian: ""Onorata Società"" ) is a Calabrian 'Ndrangheta criminal confederation, started in Melbourne and currently active in all Australia.",39.32245658192369,True
5a8a2ebc5542996c9b8d5e33,"The Royal Commission into Drug Trafficking (1977–1979) or Woodward Royal Commission was a royal commission initiated by the New South Wales Government to investigate drug trafficking in New South Wales, Australia, especially links between the New South Wales Police and Mafia, The Honoured Society, is a Calabrian 'Ndrangheta criminal confederation, started in Melbourne and currently active in all of which country?  ",Australia,bridge,easy,BM25,3,D007,D007_C001,Royal Commission of Inquiry into Drug Trafficking,"The Royal Commission of Inquiry into Drug Trafficking (1981–1983), also known as the Stewart Royal Commission, was a Royal Commission set up in 1981 by the Commonwealth, Queensland, New South Wales and Victorian governments to inquire into various drug trafficking and related criminal activities of Terence John Clark and his associates.",24.853099163903032,False
5a8a2ebc5542996c9b8d5e33,"The Royal Commission into Drug Trafficking (1977–1979) or Woodward Royal Commission was a royal commission initiated by the New South Wales Government to investigate drug trafficking in New South Wales, Australia, especially links between the New South Wales Police and Mafia, The Honoured Society, is a Calabrian 'Ndrangheta criminal confederation, started in Melbourne and currently active in all of which country?  ",Australia,bridge,easy,BM25,4,D004,D004_C001,Kennedy Royal Commission,"The Royal commission into whether there has been corrupt or criminal conduct by any Western Australian Police Officer, commonly known as the Kennedy Royal Commission, was a Royal Commission established in 2002 by the state government of Western Australia to determine whether any officer of the Western Australia Police had engaged in corrupt or criminal conduct.",21.807037074353552,False
5a8a2ebc5542996c9b8d5e33,"The Royal Commission into Drug Trafficking (1977–1979) or Woodward Royal Commission was a royal commission initiated by the New South Wales Government to investigate drug trafficking in New South Wales, Australia, especially links between the New South Wales Police and Mafia, The Honoured Society, is a Calabrian 'Ndrangheta criminal confederation, started in Melbourne and currently active in all of which country?  ",Australia,bridge,easy,BM25,5,D008,D008_C001,Chelmsford Royal Commission,"The Chelmsford Royal Commission (1988–1990), chaired by Justice John Patrick Slattery, was established by the New South Wales state government, ostensibly to investigate mental health services in The state.",20.42883234692399,False
5add28c85542992ae4cec4be,"The 337th Flight Test Squadron (337 FLTS) was most recently part of the 46th Test Wing and based at McClellan Air Force Base, a former United States Air Force base located in the North Highlands area of Sacramento County, in which US state?",California,bridge,easy,BM25,1,D008,D008_C001,McClellan Air Force Base,"McClellan Air Force Base (1935–2001) is a former United States Air Force base located in the North Highlands area of Sacramento County, 7 mi northeast of Sacramento, California.",34.35607188578938,True
5add28c85542992ae4cec4be,"The 337th Flight Test Squadron (337 FLTS) was most recently part of the 46th Test Wing and based at McClellan Air Force Base, a former United States Air Force base located in the North Highlands area of Sacramento County, in which US state?",California,bridge,easy,BM25,2,D006,D006_C001,337th Flight Test Squadron,"The 337th Flight Test Squadron (337 FLTS) was most recently part of the 46th Test Wing and based at McClellan Air Force Base, California.",31.219923542778417,True
5add28c85542992ae4cec4be,"The 337th Flight Test Squadron (337 FLTS) was most recently part of the 46th Test Wing and based at McClellan Air Force Base, a former United States Air Force base located in the North Highlands area of Sacramento County, in which US state?",California,bridge,easy,BM25,3,D005,D005_C001,586th Flight Test Squadron,"The 586th Flight Test Squadron (586 FLTS) is part of the 96th Test Wing based at Holloman Air Force Base, New Mexico.",16.97718970448372,False
5add28c85542992ae4cec4be,"The 337th Flight Test Squadron (337 FLTS) was most recently part of the 46th Test Wing and based at McClellan Air Force Base, a former United States Air Force base located in the North Highlands area of Sacramento County, in which US state?",California,bridge,easy,BM25,4,D002,D002_C001,46th Test Wing,"The 46th Test Wing is an inactive wing of the United States Air Force last based at Eglin Air Force Base, Florida.",14.638629196448967,False
5add28c85542992ae4cec4be,"The 337th Flight Test Squadron (337 FLTS) was most recently part of the 46th Test Wing and based at McClellan Air Force Base, a former United States Air Force base located in the North Highlands area of Sacramento County, in which US state?",California,bridge,easy,BM25,5,D004,D004_C001,486th Flight Test Squadron,"The 486th Flight Test Squadron is a secretive unit, with a somewhat misleading designation, assigned to Eglin Air Force Base, Florida, and which is associated with United States Department of State Foreign Emergency Support Team activities.",14.230997041388274,False
5a7d90195542991319bc93cf,The axial turbojet Pirna 014 was designed by engineers from this German aircraft and aircraft engine manufacturer based in which city?,Dessau,bridge,medium,BM25,1,D008,D008_C001,Pirna 014,"The Pirna 014 was an axial turbojet designed in East Germany (or the GDR) in the mid- to late 1950s by former Junkers engineers, who were repatriated to East Germany in 1954 after being held in custody in the Soviet Union following World War II.",15.959997227744985,True
5a7d90195542991319bc93cf,The axial turbojet Pirna 014 was designed by engineers from this German aircraft and aircraft engine manufacturer based in which city?,Dessau,bridge,medium,BM25,2,D001,D001_C001,Hexatron Engineering,"Hexatron Engineering Co., Inc. is an American aerospace engineering, aircraft engine and aircraft parts manufacturer based in Salt Lake City, Utah.",8.725063787682693,False
5a7d90195542991319bc93cf,The axial turbojet Pirna 014 was designed by engineers from this German aircraft and aircraft engine manufacturer based in which city?,Dessau,bridge,medium,BM25,3,D005,D005_C001,Orenda Iroquois,The Orenda PS.13 Iroquois was an advanced turbojet engine designed for military use.,7.044349945599773,False
5a7d90195542991319bc93cf,The axial turbojet Pirna 014 was designed by engineers from this German aircraft and aircraft engine manufacturer based in which city?,Dessau,bridge,medium,BM25,4,D004,D004_C002,BMW R32,"An aircraft engine manufacturer during World War I, BMW was forced to diversify after the Treaty of Versailles banned the German air force and German aircraft manufacture.",6.908715725630786,False
5a7d90195542991319bc93cf,The axial turbojet Pirna 014 was designed by engineers from this German aircraft and aircraft engine manufacturer based in which city?,Dessau,bridge,medium,BM25,5,D003,D003_C001,Engine Alliance,"The Engine Alliance (EA) is an American aircraft engine manufacturer based in East Hartford, Connecticut.",6.414321590675867,False
5abe3f9455429976d4830aaa,"Which faith is designated to the University of Providence, private university accredited by the NW association of Schools and Colleges and located in a third largest city in Montana after being passed by Missoula? ",Roman Catholic,bridge,easy,BM25,1,D009,D009_C002,University of Providence,The university is accredited by the Northwest Association of Schools and Colleges.,21.13787280749935,True
5abe3f9455429976d4830aaa,"Which faith is designated to the University of Providence, private university accredited by the NW association of Schools and Colleges and located in a third largest city in Montana after being passed by Missoula? ",Roman Catholic,bridge,easy,BM25,2,D010,D010_C003,Jacksonville University,It is a member of the Independent Colleges and Universities of Florida and is accredited by the Southern Association of Colleges and Schools (SACS) and the Association to Advance Collegiate Schools of Business (AACSB).,17.955884166212503,False
5abe3f9455429976d4830aaa,"Which faith is designated to the University of Providence, private university accredited by the NW association of Schools and Colleges and located in a third largest city in Montana after being passed by Missoula? ",Roman Catholic,bridge,easy,BM25,3,D003,D003_C004,Lynn University,"The university is accredited by the Commission on Colleges of the Southern Association of Colleges and Schools to award associate's, baccalaureate, master's and doctoral degrees.",17.423734621678282,False
5abe3f9455429976d4830aaa,"Which faith is designated to the University of Providence, private university accredited by the NW association of Schools and Colleges and located in a third largest city in Montana after being passed by Missoula? ",Roman Catholic,bridge,easy,BM25,4,D007,D007_C002,Ohio Northern University,ONU is accredited by The Higher Learning Commission and the North Central Association of Colleges and Schools.,16.951173347797337,False
5abe3f9455429976d4830aaa,"Which faith is designated to the University of Providence, private university accredited by the NW association of Schools and Colleges and located in a third largest city in Montana after being passed by Missoula? ",Roman Catholic,bridge,easy,BM25,5,D008,D008_C003,Cooperating Colleges of Greater Springfield,"It includes 4-year public and private institutions as well as 2-year community colleges, all of which are non-profit schools accredited by the New England Association of Schools and Colleges.",16.658814218136477,False
5abee5e25542994516f45473,Pauline Henry was known as the vocalist of a very popular cover song. Which album was this song from?,The Joshua Tree,bridge,medium,BM25,1,D008,D008_C002,Pauline Henry,"She was the vocalist in the Scottish band The Chimes, best known for their 1990 cover version of U2's ""I Still Haven't Found What I'm Looking For"", between 1988 and 1991.",10.903264455990733,True
5abee5e25542994516f45473,Pauline Henry was known as the vocalist of a very popular cover song. Which album was this song from?,The Joshua Tree,bridge,medium,BM25,2,D003,D003_C002,"Livin' in the Sunlight, Lovin' in the Moonlight","On March 22, 1930 Bing Crosby and the Paul Whiteman Orchestra recorded a popular cover of this song as well.",8.0230148021188,False
5abee5e25542994516f45473,Pauline Henry was known as the vocalist of a very popular cover song. Which album was this song from?,The Joshua Tree,bridge,medium,BM25,3,D004,D004_C002,The Chimes (album),"Featuring singer Pauline Henry on vocals, the album includes their cover of U2's ""I Still Haven't Found What I'm Looking For"", which reached number 6 in the UK Singles Chart, along with their other Top 40 hit ""Heaven"", which reached number 24.",7.809593883471503,False
5abee5e25542994516f45473,Pauline Henry was known as the vocalist of a very popular cover song. Which album was this song from?,The Joshua Tree,bridge,medium,BM25,4,D006,D006_C005,Dragostea Din Tei,"A popular cover of the song was made by Italian-Romanian pop singer Haiducii, which also charted in many countries, especially Italy and Sweden, where it topped the singles charts.",7.311605066924884,False
5abee5e25542994516f45473,Pauline Henry was known as the vocalist of a very popular cover song. Which album was this song from?,The Joshua Tree,bridge,medium,BM25,5,D008,D008_C003,Pauline Henry,"Following her departure from the group, Henry embarked on a solo career, and achieved five UK top 40 singles between 1993 and 1996.",7.306234901662542,False
5ae78ec5554299540e5a5605,Guitars for Wounded Warriors is an album that was recorded in the village in which New York county?,Ulster County,bridge,hard,BM25,1,D003,D003_C003,Guitars for Wounded Warriors,"All tracks were recorded at Tarquin's Jungle Room Studios in New Paltz (village), New York.",15.381047930670272,True
5ae78ec5554299540e5a5605,Guitars for Wounded Warriors is an album that was recorded in the village in which New York county?,Ulster County,bridge,hard,BM25,2,D003,D003_C001,Guitars for Wounded Warriors,"Guitars for Wounded Warriors is the sixth solo studio album by guitarist Brian Tarquin, released in August 2014 by Cleopatra Records.",11.906703064979977,False
5ae78ec5554299540e5a5605,Guitars for Wounded Warriors is an album that was recorded in the village in which New York county?,Ulster County,bridge,hard,BM25,3,D005,D005_C001,"New Paltz (village), New York",New Paltz is a village in Ulster County located in the U.S. state of New York.,11.651896171211384,True
5ae78ec5554299540e5a5605,Guitars for Wounded Warriors is an album that was recorded in the village in which New York county?,Ulster County,bridge,hard,BM25,4,D010,D010_C003,List of counties in New York,"The most recent county formation in New York was in 1914, when Bronx County was created from the portions of New York City that had been annexed from Westchester County in the late 19th century and added to New York County.",10.475217122092253,False
5ae78ec5554299540e5a5605,Guitars for Wounded Warriors is an album that was recorded in the village in which New York county?,Ulster County,bridge,hard,BM25,5,D003,D003_C002,Guitars for Wounded Warriors,"In 2016, it received a Best Compilation Album nomination by the Independent Music Awards.",9.999828621717135,False
5a760a5f554299109176e629,"What American country music singer-songwriter, born in May of 1942, sang a duet with her ex-husband the same year that he released the song ""The Battle?""",Tammy Wynette,bridge,medium,BM25,1,D010,D010_C006,The Battle (George Jones song),"Meanwhile, the single ""Golden Ring,"" a duet with his estranged ex-wife Tammy Wynette, became a #1 hit that same year.",22.237557171469657,True
5a760a5f554299109176e629,"What American country music singer-songwriter, born in May of 1942, sang a duet with her ex-husband the same year that he released the song ""The Battle?""",Tammy Wynette,bridge,medium,BM25,2,D004,D004_C001,Bobby Lewis (country singer),"Bobby Lewis (born May 9, 1942 in Hodgenville, Kentucky) is an American country music singer-songwriter.",15.5995286591549,False
5a760a5f554299109176e629,"What American country music singer-songwriter, born in May of 1942, sang a duet with her ex-husband the same year that he released the song ""The Battle?""",Tammy Wynette,bridge,medium,BM25,3,D009,D009_C001,Lane Brody,"Lane Brody (born September 24, 1955 in Oak Park, Illinois) is an American country music singer-songwriter, active since the early 1980s, best known for her 1984 Billboard-topping country hit ""The Yellow Rose"" (a duet with country music singer Johnny Lee), and for the Oscar-nominated song ""Over You"" from the 1983 film ""Tender Mercies"".",14.421432166184918,False
5a760a5f554299109176e629,"What American country music singer-songwriter, born in May of 1942, sang a duet with her ex-husband the same year that he released the song ""The Battle?""",Tammy Wynette,bridge,medium,BM25,4,D010,D010_C001,The Battle (George Jones song),"""The Battle"" is a song by American country music artist George Jones.",12.476835900476411,True
5a760a5f554299109176e629,"What American country music singer-songwriter, born in May of 1942, sang a duet with her ex-husband the same year that he released the song ""The Battle?""",Tammy Wynette,bridge,medium,BM25,5,D003,D003_C001,Tammy Wynette,"Tammy Wynette (born Virginia Wynette Pugh; May 5, 1942 – April 6, 1998) was an American country music singer-songwriter and one of country music's best-known artists and biggest-selling female singers.",12.417221414964766,True
5a7a52745542996c55b2dd4f,"Who was born first, Francis Nethersole or Elizabeth Stuart?",Sir Francis Nethersole,bridge,hard,BM25,1,D004,D004_C001,Francis Nethersole,"Sir Francis Nethersole (1587–1659) was an English diplomat, secretary to the Electress Elizabeth, Member of Parliament for Corfe Castle, Dorset, and a Civil War political pamphleteer.",9.33195881902478,True
5a7a52745542996c55b2dd4f,"Who was born first, Francis Nethersole or Elizabeth Stuart?",Sir Francis Nethersole,bridge,hard,BM25,2,D008,D008_C001,Elisabeth of the Palatinate,"Elisabeth of the Palatinate (26 December 1618 – 11 February 1680), also known as Elisabeth of Bohemia, Princess Elisabeth of the Palatinate, or Princess-Abbess of Herford Abbey, was the eldest daughter of Frederick V, Elector Palatine (who was briefly King of Bohemia), and Elizabeth Stuart.",5.360554566747601,False
5a7a52745542996c55b2dd4f,"Who was born first, Francis Nethersole or Elizabeth Stuart?",Sir Francis Nethersole,bridge,hard,BM25,3,D008,D008_C002,Elisabeth of the Palatinate,"She was born in Heidelberg, Germany, spending the first nine years of her life there.",5.0895122813930165,False
5a7a52745542996c55b2dd4f,"Who was born first, Francis Nethersole or Elizabeth Stuart?",Sir Francis Nethersole,bridge,hard,BM25,4,D003,D003_C001,"Margaret Howard, Countess of Nottingham","Margaret Stuart (or Stewart) (c. 1591 – 4 August 1639), was an English court office holder.",3.9864088953142938,False
5a7a52745542996c55b2dd4f,"Who was born first, Francis Nethersole or Elizabeth Stuart?",Sir Francis Nethersole,bridge,hard,BM25,5,D009,D009_C002,A Singular Life,"It was first published in serial form in ""The Atlantic Monthly"" from January through October 1895, and published in novel form in late 1895.",2.6706309428776036,False
5ac1f7f355429964131be2ae,What does the Hacker-Pschorr Brewery have to limit in order to comply with German regulations?,ingredients in beer,bridge,hard,BM25,1,D001,D001_C001,Hacker-Pschorr Brewery,"Hacker-Pschorr is a brewery in Munich, formed in 1972 out of the merger of two breweries, Hacker and Pschorr.",14.192182308324691,True
5ac1f7f355429964131be2ae,What does the Hacker-Pschorr Brewery have to limit in order to comply with German regulations?,ingredients in beer,bridge,hard,BM25,2,D001,D001_C002,Hacker-Pschorr Brewery,"Hacker was founded in 1417, 99 years before the enactment of the Reinheitsgebot Purity Law of 1516.",11.583286797145325,False
5ac1f7f355429964131be2ae,What does the Hacker-Pschorr Brewery have to limit in order to comply with German regulations?,ingredients in beer,bridge,hard,BM25,3,D005,D005_C004,Self-executing order,"If the party does not comply with the request, the sanctions will apply with no further court order required.",9.337941716153013,False
5ac1f7f355429964131be2ae,What does the Hacker-Pschorr Brewery have to limit in order to comply with German regulations?,ingredients in beer,bridge,hard,BM25,4,D010,D010_C004,Greisen–Zatsepin–Kuzmin limit,The limit is at the same order of magnitude as the upper limit for energy at which cosmic rays have experimentally been detected.,8.926416214145036,False
5ac1f7f355429964131be2ae,What does the Hacker-Pschorr Brewery have to limit in order to comply with German regulations?,ingredients in beer,bridge,hard,BM25,5,D004,D004_C001,Building regulations approval,"To comply with the Building Act 1984 and the subsequent statutory instruments known as the Building Regulations, Building regulations approval is required to construct certain structures in England and Wales.",5.760773628883415,False
5a74248855429929fddd83e5,"Don Barry Mason was the founder of the Psychedelic Shamanistic Institute (PSI), which other member that's Welsh, that died on 10 April 2016?",Dennis Howard Marks,bridge,easy,BM25,1,D010,D010_C001,Don Barry Mason,"Don 'Barry' Mason (1950–2006) was the founder of the Psychedelic Shamanistic Institute (PSI), a networking organisation that encouraged ethnobotany and scientific research into cannabis and other psychoactive plants while contributing substantially to the public debate about drug policy reform.",28.883344092776714,False
5a74248855429929fddd83e5,"Don Barry Mason was the founder of the Psychedelic Shamanistic Institute (PSI), which other member that's Welsh, that died on 10 April 2016?",Dennis Howard Marks,bridge,easy,BM25,2,D002,D002_C002,Charles Cardoza Poindexter,"Poindexter was also known for being the precursor, but not a Founder, of the oldest intercollegiate fraternity for blacks in America, Alpha Phi Alpha, who later on became a prominent member and influence in Omega Psi Phi, using his earlier experience to develop much of the framework.",9.15557879705356,False
5a74248855429929fddd83e5,"Don Barry Mason was the founder of the Psychedelic Shamanistic Institute (PSI), which other member that's Welsh, that died on 10 April 2016?",Dennis Howard Marks,bridge,easy,BM25,3,D004,D004_C006,The Ride Tour,On 14 March 2016 it was announced that the band will play several dates in North America in June 2016.,8.94707184526912,False
5a74248855429929fddd83e5,"Don Barry Mason was the founder of the Psychedelic Shamanistic Institute (PSI), which other member that's Welsh, that died on 10 April 2016?",Dennis Howard Marks,bridge,easy,BM25,4,D009,D009_C003,Here It Comes Again (The Fortunes song),"It reached number four on the UK Singles Chart and number twenty-seven on the U.S. ""Billboard"" Hot 100 chart that same year.",8.640387215478148,False
5a74248855429929fddd83e5,"Don Barry Mason was the founder of the Psychedelic Shamanistic Institute (PSI), which other member that's Welsh, that died on 10 April 2016?",Dennis Howard Marks,bridge,easy,BM25,5,D008,D008_C001,Matthew Mason (Welsh cricketer),Matthew Barry Mason (born 24 November 1984 in Swansea) is a Welsh cricketer.,8.1661083528221,False
5abd04f15542996e802b467e,What male actor starred in The Messenger?,Robert Sheehan,bridge,easy,BM25,1,D005,D005_C001,The Messenger (2015 horror film),"The Messenger is a 2015 British supernatural mystery horror film directed by David Blair, written by Andrew Kirk and starring Robert Sheehan and Lily Cole.",5.132252585867604,True
5abd04f15542996e802b467e,What male actor starred in The Messenger?,Robert Sheehan,bridge,easy,BM25,2,D002,D002_C002,Sverrir Gudnason,He starred in the 2007 television series How Soon Is Now.,4.126867950133902,False
5abd04f15542996e802b467e,What male actor starred in The Messenger?,Robert Sheehan,bridge,easy,BM25,3,D004,D004_C003,Robert Sheehan,"He also co-starred in the film ""Killing Bono"" as Ivan McCormick.",4.041427451611539,False
5abd04f15542996e802b467e,What male actor starred in The Messenger?,Robert Sheehan,bridge,easy,BM25,4,D004,D004_C004,Robert Sheehan,"In late 2011 he starred in John Crowley's production of J. M. Synge's comic play ""The Playboy of the Western World"" at the Old Vic Theatre in London.",3.8280011319613916,False
5abd04f15542996e802b467e,What male actor starred in The Messenger?,Robert Sheehan,bridge,easy,BM25,5,D010,D010_C003,Kurt Kreuger,"He starred with, among others, Ingrid Bergman and Humphrey Bogart.",2.4381397876911888,False
5ac3ad225542995ef918c1da,Are Gin and tonic and Paloma both cocktails based on tequila?,no,comparison,medium,BM25,1,D002,D002_C001,Paloma (cocktail),"The paloma (Spanish for ""dove"") is a tequila-based cocktail.",7.609500777267459,True
5ac3ad225542995ef918c1da,Are Gin and tonic and Paloma both cocktails based on tequila?,no,comparison,medium,BM25,2,D004,D004_C003,Seafood cocktail,"Seafood cocktails often include lime juice, a tomato based sauce and are sometimes served with lemon.",7.1272148560313955,False
5ac3ad225542995ef918c1da,Are Gin and tonic and Paloma both cocktails based on tequila?,no,comparison,medium,BM25,3,D004,D004_C001,Seafood cocktail,"Seafood cocktails are appetizer dishes including shrimp cocktail, squid cocktail, and mixed seafood cocktails.",6.149110075530882,False
5ac3ad225542995ef918c1da,Are Gin and tonic and Paloma both cocktails based on tequila?,no,comparison,medium,BM25,4,D002,D002_C002,Paloma (cocktail),"This drink is most commonly prepared by mixing tequila with a grapefruit-flavored soda such as Fresca, Squirt, or Jarritos and served on the rocks with a lime wedge.",5.806808334305868,False
5ac3ad225542995ef918c1da,Are Gin and tonic and Paloma both cocktails based on tequila?,no,comparison,medium,BM25,5,D004,D004_C004,Seafood cocktail,Seafood cocktails are eaten in the U.S. and Latin America.,5.747067151301277,False
5a736bfa5542991f29ee2e03,Who is older Glenn Hughes or Ross Lynch?,Glenn Hughes,comparison,hard,BM25,1,D003,D003_C001,Ross Lynch,"Ross Shor Lynch (born December 29, 1995) is an American singer, songwriter, and actor.",5.664236403221706,True
5a736bfa5542991f29ee2e03,Who is older Glenn Hughes or Ross Lynch?,Glenn Hughes,comparison,hard,BM25,2,D003,D003_C005,Ross Lynch,The movie is set to debut in the fall of 2017.,4.71774131774722,False
5a736bfa5542991f29ee2e03,Who is older Glenn Hughes or Ross Lynch?,Glenn Hughes,comparison,hard,BM25,3,D003,D003_C002,Ross Lynch,He is one of the founding members of the pop rock band R5.,4.51415524480537,False
5a736bfa5542991f29ee2e03,Who is older Glenn Hughes or Ross Lynch?,Glenn Hughes,comparison,hard,BM25,4,D001,D001_C002,Babette Hughes,"She was born in Seattle, Washington and while an English student at the University of Washington she met the American playwright Glenn Hughes who she married in 1924 for around 20 years.",4.294356125829584,False
5a736bfa5542991f29ee2e03,Who is older Glenn Hughes or Ross Lynch?,Glenn Hughes,comparison,hard,BM25,5,D003,D003_C004,Ross Lynch,"Lynch is also starring in a new horror/thriller movie called ""My Friend Dahmer,"" where he plays the role of Jeffrey Dahmer in his teenage years.",4.156907718037537,False
5addfe6c5542997dc790710e,"In what year was the creator of the current arrangement of the ""Simpson's Theme"" born?","March 28, 1941",bridge,hard,BM25,1,D007,D007_C006,Donnie Simpson,"He was ""Billboard's"" ""Radio Personality of the Year"" and ""Program Director of the Year"".",14.563923389769116,False
5addfe6c5542997dc790710e,"In what year was the creator of the current arrangement of the ""Simpson's Theme"" born?","March 28, 1941",bridge,hard,BM25,2,D009,D009_C004,The Simpsons Theme,"The theme, as used for the opening sequence, was re-arranged during season 2, and the current arrangement by Alf Clausen was introduced at the beginning of the third season.",13.60943235770405,True
5addfe6c5542997dc790710e,"In what year was the creator of the current arrangement of the ""Simpson's Theme"" born?","March 28, 1941",bridge,hard,BM25,3,D004,D004_C003,Hail to the Hills of Westwood,The current arrangement performed by the UCLA Marching Band was written by band member Dwayne S. Milburn for the 1985 football season.,12.299133223145654,False
5addfe6c5542997dc790710e,"In what year was the creator of the current arrangement of the ""Simpson's Theme"" born?","March 28, 1941",bridge,hard,BM25,4,D001,D001_C002,Mark Simpson (clarinetist),"In the same year, Simpson was also the winner of the BBC Young Composer of the Year competition, becoming the only person in history to have ever won both competitions.",12.233551906892899,False
5addfe6c5542997dc790710e,"In what year was the creator of the current arrangement of the ""Simpson's Theme"" born?","March 28, 1941",bridge,hard,BM25,5,D001,D001_C001,Mark Simpson (clarinetist),"Mark Simpson (born 26 September 1988) is a British composer and clarinettist from Liverpool, who won the BBC Young Musician of the Year 2006 title on 20 May 2006, playing Nielsen's Clarinet Concerto with the Northern Sinfonia and Yan Pascal Tortelier at The Sage Gateshead.",11.044869619302384,False
5a7a0a965542996c55b2dce7,The Southern Railway runs from Vienna to Graz and the border with Slovenia at Spielfeld via the first mountain railway built in Europe to use what kind of track?,standard gauge track,bridge,hard,BM25,1,D003,D003_C001,Southern Railway (Austria),"The Southern Railway (German: ""Südbahn"" ) is a railway in Austria that runs from Vienna to Graz and the border with Slovenia at Spielfeld via Semmering and Bruck an der Mur.",31.48423241239446,True
5a7a0a965542996c55b2dce7,The Southern Railway runs from Vienna to Graz and the border with Slovenia at Spielfeld via the first mountain railway built in Europe to use what kind of track?,standard gauge track,bridge,hard,BM25,2,D001,D001_C001,Semmering railway,"The Semmering railway (German: ""Semmeringbahn"" ) in Austria, which starts at Gloggnitz and leads over the Semmering to Mürzzuschlag was the first mountain railway in Europe built with a standard gauge track.",20.36634087799466,True
5a7a0a965542996c55b2dce7,The Southern Railway runs from Vienna to Graz and the border with Slovenia at Spielfeld via the first mountain railway built in Europe to use what kind of track?,standard gauge track,bridge,hard,BM25,3,D010,D010_C001,Reisseck Railway,"The Reisseck Railway (sometimes Reißeck Railway, German: ""Reißeckbahn"" ) is a mountain railway, that runs from Carinthia's Möll valley into the Reißeck Group, a small mountain range in southern Austria.",12.057396838332698,False
5a7a0a965542996c55b2dce7,The Southern Railway runs from Vienna to Graz and the border with Slovenia at Spielfeld via the first mountain railway built in Europe to use what kind of track?,standard gauge track,bridge,hard,BM25,4,D005,D005_C004,Carolina and Northwestern Railway,"Choosing to use the name 'Norfolk Southern Railway' for the merger, in 1981, the original Ca&NW line along with original Norfolk Southern Railway was renamed Carolina and Northwestern once again.",11.968375317862446,False
5a7a0a965542996c55b2dce7,The Southern Railway runs from Vienna to Graz and the border with Slovenia at Spielfeld via the first mountain railway built in Europe to use what kind of track?,standard gauge track,bridge,hard,BM25,5,D009,D009_C004,East Siberian Railway,"To the south, the East Siberian Railway runs close to the Russo-Mongolian border (railway station of Naushki).",11.965407700944144,False
5a8ae49155429951533613a3,In what show did Cynthia Nixon receive the 2004 Primetime Emmy Award for Outstanding Supporting Actress in a Comedy Series and a Screen Actors Guild Award for her performance?,Sex and the City,bridge,easy,BM25,1,D010,D010_C002,Cynthia Nixon,"She is known for her portrayal of Miranda Hobbes in the HBO series, ""Sex and the City"" (1998–2004), for which she won the 2004 Primetime Emmy Award for Outstanding Supporting Actress in a Comedy Series.",18.109401091585298,True
5a8ae49155429951533613a3,In what show did Cynthia Nixon receive the 2004 Primetime Emmy Award for Outstanding Supporting Actress in a Comedy Series and a Screen Actors Guild Award for her performance?,Sex and the City,bridge,easy,BM25,2,D009,D009_C005,Crazy Eyes (character),She received the Emmy Award for Outstanding Supporting Actress in a Drama Series as well as the Screen Actors Guild Award for Outstanding Performance by a Female Actor in a Comedy Series for her season two performance.,13.465343990609913,False
5a8ae49155429951533613a3,In what show did Cynthia Nixon receive the 2004 Primetime Emmy Award for Outstanding Supporting Actress in a Comedy Series and a Screen Actors Guild Award for her performance?,Sex and the City,bridge,easy,BM25,3,D004,D004_C002,Lucy Liu,"She became known for playing the role of the vicious and ill-mannered Ling Woo in the television series ""Ally McBeal"" (1998–2002), for which she was nominated for a Primetime Emmy Award for Outstanding Supporting Actress in a Comedy Series and a Screen Actors Guild Award for Outstanding Performance by a Female Actor in a Comedy Series.",13.42816114403496,False
5a8ae49155429951533613a3,In what show did Cynthia Nixon receive the 2004 Primetime Emmy Award for Outstanding Supporting Actress in a Comedy Series and a Screen Actors Guild Award for her performance?,Sex and the City,bridge,easy,BM25,4,D006,D006_C002,Uzo Aduba,"She is known for her role as Suzanne ""Crazy Eyes"" Warren on the Netflix original series ""Orange Is the New Black"" (2013–present), for which she won an Emmy Award for Outstanding Guest Actress in a Comedy Series in 2014, an Emmy Award for Outstanding Supporting Actress in a Drama Series in 2015, and two Screen Actors Guild Awards for Outstanding Performance by a Female Actor in a Comedy Series in 2014 and 2015.",12.43795873527352,False
5a8ae49155429951533613a3,In what show did Cynthia Nixon receive the 2004 Primetime Emmy Award for Outstanding Supporting Actress in a Comedy Series and a Screen Actors Guild Award for her performance?,Sex and the City,bridge,easy,BM25,5,D002,D002_C006,Frances Conroy,"For her performance in ""Coven"", she was nominated again for a Primetime Emmy Award for Outstanding Supporting Actress in a Miniseries or a Movie.",11.267238744881425,False
5a74bdbf5542996c70cfadc7,"Lee Jun-fan played what character in ""The Green Hornet"" television series?",Kato,bridge,medium,BM25,1,D006,D006_C001,Bruce Lee,"Lee Jun-fan (; November 27, 1940 – July 20, 1973), known professionally as Bruce Lee, was a Hong Kong and American actor, film director, martial artist, martial arts instructor, philosopher and founder of the martial art Jeet Kune Do.",7.912871278385378,True
5a74bdbf5542996c70cfadc7,"Lee Jun-fan played what character in ""The Green Hornet"" television series?",Kato,bridge,medium,BM25,2,D009,D009_C001,The Green Hornet (TV series),The Green Hornet is a television series on the ABC US television network that aired for the 1966–1967 TV season starring Van Williams as the Green Hornet/Britt Reid and Bruce Lee as Kato.,7.836947442995046,False
5a74bdbf5542996c70cfadc7,"Lee Jun-fan played what character in ""The Green Hornet"" television series?",Kato,bridge,medium,BM25,3,D002,D002_C005,Kato (The Green Hornet),"Keye Luke took the role in the movie serials, and in the television series he was portrayed by Bruce Lee.",7.391819138161612,True
5a74bdbf5542996c70cfadc7,"Lee Jun-fan played what character in ""The Green Hornet"" television series?",Kato,bridge,medium,BM25,4,D002,D002_C002,Kato (The Green Hornet),"This character has also appeared with the Green Hornet in film, television, book and comic book versions.",6.643691272634786,False
5a74bdbf5542996c70cfadc7,"Lee Jun-fan played what character in ""The Green Hornet"" television series?",Kato,bridge,medium,BM25,5,D010,D010_C003,Green Hornet,"The character appeared in film serials in the 1940s, a television show in the 1960s, multiple comic book series from the 1940s on, and a feature film in January 2011.",6.3110797805343655,False
5ab99943554299131ca42391,"The 1895/96 Football League season was the eighth in Football League history with Everton, their Goodison Park home, is a football stadium located in Walton, Liverpool, in which country?",England,bridge,easy,BM25,1,D007,D007_C001,1895–96 Everton F.C. season,The 1895/96 Football League season was the eighth in Football League history with Everton having been an ever present in the top division.,24.33965337102928,False
5ab99943554299131ca42391,"The 1895/96 Football League season was the eighth in Football League history with Everton, their Goodison Park home, is a football stadium located in Walton, Liverpool, in which country?",England,bridge,easy,BM25,2,D010,D010_C001,Goodison Park,"Goodison Park is a football stadium located in Walton, Liverpool, England.",23.982789864314242,True
5ab99943554299131ca42391,"The 1895/96 Football League season was the eighth in Football League history with Everton, their Goodison Park home, is a football stadium located in Walton, Liverpool, in which country?",England,bridge,easy,BM25,3,D007,D007_C004,1895–96 Everton F.C. season,Their Goodison Park home hosted the drawn semi final between Wednesday and Bolton Wanderers.,15.531091349670046,True
5ab99943554299131ca42391,"The 1895/96 Football League season was the eighth in Football League history with Everton, their Goodison Park home, is a football stadium located in Walton, Liverpool, in which country?",England,bridge,easy,BM25,4,D006,D006_C001,Anfield,"Anfield is a football stadium in Anfield, Liverpool, England which has a seating capacity of 54,074 making it the sixth largest football stadium in England.",14.338164712689291,False
5ab99943554299131ca42391,"The 1895/96 Football League season was the eighth in Football League history with Everton, their Goodison Park home, is a football stadium located in Walton, Liverpool, in which country?",England,bridge,easy,BM25,5,D010,D010_C002,Goodison Park,The stadium has been home to Premier League club Everton since its completion in 1892 and is one of the world's oldest purpose-built football grounds.,13.622423912742082,False
5a8195f35542995ce29dcc0c,"A Head Full of Dreams Tour is the seventh tour by Coldplay, and which had it's first show at a stadium that is known as Estadio Unico and is owned by who?",Province of Buenos Aires,bridge,medium,BM25,1,D003,D003_C005,A Head Full of Dreams Tour,"The first show of the tour was held at the Estadio Ciudad de La Plata in La Plata, Argentina, on 31 March 2016 and is set to conclude at the same venue on 15 November 2017.",15.861712610458165,True
5a8195f35542995ce29dcc0c,"A Head Full of Dreams Tour is the seventh tour by Coldplay, and which had it's first show at a stadium that is known as Estadio Unico and is owned by who?",Province of Buenos Aires,bridge,medium,BM25,2,D002,D002_C002,Estadio Ciudad de La Plata,"It is also known popularly as the Estadio Único and is owned by the Province of Buenos Aires, administered jointly by the provincial government, the Municipality of La Plata, and the football clubs Estudiantes de La Plata and Gimnasia y Esgrima de la Plata.",15.816545243566237,True
5a8195f35542995ce29dcc0c,"A Head Full of Dreams Tour is the seventh tour by Coldplay, and which had it's first show at a stadium that is known as Estadio Unico and is owned by who?",Province of Buenos Aires,bridge,medium,BM25,3,D001,D001_C001,A Head Full of Dreams,A Head Full of Dreams is the seventh studio album by the British rock band Coldplay.,13.82795791041571,False
5a8195f35542995ce29dcc0c,"A Head Full of Dreams Tour is the seventh tour by Coldplay, and which had it's first show at a stadium that is known as Estadio Unico and is owned by who?",Province of Buenos Aires,bridge,medium,BM25,4,D002,D002_C001,Estadio Ciudad de La Plata,"The Estadio Ciudad de La Plata (""City of La Plata Stadium"") is a multi-purpose stadium located in the city of La Plata, Argentina.",13.445388845522173,False
5a8195f35542995ce29dcc0c,"A Head Full of Dreams Tour is the seventh tour by Coldplay, and which had it's first show at a stadium that is known as Estadio Unico and is owned by who?",Province of Buenos Aires,bridge,medium,BM25,5,D003,D003_C001,A Head Full of Dreams Tour,"The A Head Full of Dreams Tour is the seventh concert tour currently being undertaken by British alternative rock band Coldplay, launched in support of their namesake seventh studio album ""A Head Full of Dreams"".",12.735964102986431,True
5ab70446554299110f219a94,"Roger Avary (born August 23, 1965) is a Canadian film and television producer, screenwriter and director in the American mass media industry, he wrote the screenplay for Beowulf, a 2007 British-American 3D motion capture epic fantasy film, directed by who?",Robert Zemeckis,bridge,easy,BM25,1,D005,D005_C001,Roger Avary,"Roger Avary (born August 23, 1965) is a Canadian film and television producer, screenwriter and director in the American mass media industry.",48.209760873834846,False
5ab70446554299110f219a94,"Roger Avary (born August 23, 1965) is a Canadian film and television producer, screenwriter and director in the American mass media industry, he wrote the screenplay for Beowulf, a 2007 British-American 3D motion capture epic fantasy film, directed by who?",Robert Zemeckis,bridge,easy,BM25,2,D001,D001_C001,Beowulf (2007 film),"Beowulf is a 2007 British-American 3D motion capture epic fantasy film directed by Robert Zemeckis and written by Neil Gaiman and Roger Avary, based on the Old English epic poem of the same name.",34.08705622398574,True
5ab70446554299110f219a94,"Roger Avary (born August 23, 1965) is a Canadian film and television producer, screenwriter and director in the American mass media industry, he wrote the screenplay for Beowulf, a 2007 British-American 3D motion capture epic fantasy film, directed by who?",Robert Zemeckis,bridge,easy,BM25,3,D005,D005_C003,Roger Avary,"He wrote the screenplays for ""Silent Hill"" and ""Beowulf"".",18.569842335269865,True
5ab70446554299110f219a94,"Roger Avary (born August 23, 1965) is a Canadian film and television producer, screenwriter and director in the American mass media industry, he wrote the screenplay for Beowulf, a 2007 British-American 3D motion capture epic fantasy film, directed by who?",Robert Zemeckis,bridge,easy,BM25,4,D008,D008_C001,Beowulf: Return to the Shieldlands,"Beowulf is a British epic fantasy drama television series from ITV, consisting of 12 episodes and created by James Dormer, Tim Haines, and Katie Newman.",18.54894625767234,False
5ab70446554299110f219a94,"Roger Avary (born August 23, 1965) is a Canadian film and television producer, screenwriter and director in the American mass media industry, he wrote the screenplay for Beowulf, a 2007 British-American 3D motion capture epic fantasy film, directed by who?",Robert Zemeckis,bridge,easy,BM25,5,D009,D009_C002,Christopher Panzner,"He has worked for a number of pioneers in the television and film industry, notably as Technical Director for the inventor of interactive television shopping, the Home Shopping Network and as Operations Director, France, for the inventor of the colorization process for black-and-white films, Color Systems Technology.",15.53109060110115,False
5adbe1e755429947ff173853,"The American Pre-Code comedy film featuring an American actress, dancer, and singer, widely known for performing in films and RKO's musical films, was released in what year?",1932,bridge,medium,BM25,1,D002,D002_C001,Ginger Rogers,"Ginger Rogers (born Virginia Katherine McMath; July 16, 1911 – April 25, 1995) was an American actress, dancer, and singer, widely known for performing in films and RKO's musical films, partnered with Fred Astaire.",35.60563608050666,True
5adbe1e755429947ff173853,"The American Pre-Code comedy film featuring an American actress, dancer, and singer, widely known for performing in films and RKO's musical films, was released in what year?",1932,bridge,medium,BM25,2,D007,D007_C004,Cracked Nuts,The film was one of RKO's only financial successes of the year.,9.887730639262024,False
5adbe1e755429947ff173853,"The American Pre-Code comedy film featuring an American actress, dancer, and singer, widely known for performing in films and RKO's musical films, was released in what year?",1932,bridge,medium,BM25,3,D009,D009_C001,The Gay Nighties,The Gay Nighties is a 1933 American Pre-Code comedy film featuring Clark & McCullough and directed by Mark Sandrich.,9.512503393346384,False
5adbe1e755429947ff173853,"The American Pre-Code comedy film featuring an American actress, dancer, and singer, widely known for performing in films and RKO's musical films, was released in what year?",1932,bridge,medium,BM25,4,D008,D008_C001,The Half-Naked Truth,"The Half-Naked Truth is a 1932 American Pre-Code comedy film directed by Gregory LaCava and featuring Lee Tracy as a carnival pitchman who finagles his girlfriend, a fiery hoochie dancer played by Lupe Vélez, into a major Broadway revue under the auspices of an impresario portrayed by Frank Morgan.",8.87367725385713,False
5adbe1e755429947ff173853,"The American Pre-Code comedy film featuring an American actress, dancer, and singer, widely known for performing in films and RKO's musical films, was released in what year?",1932,bridge,medium,BM25,5,D001,D001_C003,International House (1933 film),"It is a mixture of comedy and musical acts tied together by a slim plot line, in the style of the Big Broadcast pictures that were also released by Paramount during the 1930s.",8.832929119219683,False
5a904e725542995651fb5118,"An edited version of ""Just the Two of Us"" reached number two on the ""Billboard"" Hot 100 behind a song written and composed by Donna Weiss and Jackie DeShannon which spend how many weeks at No. 1 on the ""Billboard"" hot 100?",nine,bridge,medium,BM25,1,D008,D008_C003,Just the Two of Us (Grover Washington Jr. song),"An edited version reached number two on the ""Billboard"" Hot 100, staying there for 3 weeks, behind ""Morning Train (9 to 5)"" by Sheena Easton and ""Bette Davis Eyes"" by Kim Carnes.",26.27694220488291,True
5a904e725542995651fb5118,"An edited version of ""Just the Two of Us"" reached number two on the ""Billboard"" Hot 100 behind a song written and composed by Donna Weiss and Jackie DeShannon which spend how many weeks at No. 1 on the ""Billboard"" hot 100?",nine,bridge,medium,BM25,2,D008,D008_C005,Just the Two of Us (Grover Washington Jr. song),"Bill Withers included the edited version on the 1981 compilation ""Bill Withers' Greatest Hits"" and many subsequent greatest hits collections.",21.57647160388872,False
5a904e725542995651fb5118,"An edited version of ""Just the Two of Us"" reached number two on the ""Billboard"" Hot 100 behind a song written and composed by Donna Weiss and Jackie DeShannon which spend how many weeks at No. 1 on the ""Billboard"" hot 100?",nine,bridge,medium,BM25,3,D003,D003_C002,Bette Davis Eyes,"DeShannon recorded it in 1974; Carnes's 1981 version spent nine weeks at No. 1 on the ""Billboard"" Hot 100 and was ""Billboard""' s biggest hit of 1981.",20.625098488742406,True
5a904e725542995651fb5118,"An edited version of ""Just the Two of Us"" reached number two on the ""Billboard"" Hot 100 behind a song written and composed by Donna Weiss and Jackie DeShannon which spend how many weeks at No. 1 on the ""Billboard"" hot 100?",nine,bridge,medium,BM25,4,D008,D008_C001,Just the Two of Us (Grover Washington Jr. song),"""Just the Two of Us"" is a 1981 R&B single written by Bill Withers, William Salter and Ralph MacDonald, which was recorded by Grover Washington Jr. and Bill Withers.",18.354442178505366,True
5a904e725542995651fb5118,"An edited version of ""Just the Two of Us"" reached number two on the ""Billboard"" Hot 100 behind a song written and composed by Donna Weiss and Jackie DeShannon which spend how many weeks at No. 1 on the ""Billboard"" hot 100?",nine,bridge,medium,BM25,5,D001,D001_C002,New Arrangement,"It contains the first recording of ""Bette Davis Eyes"", written by Donna Weiss and Jackie DeShannon in 1974 and covered by Kim Carnes on the album ""Mistaken Identity"" (1981).",17.792839187154286,False
5a7daae35542990b8f503a1d,"Which band has more members, Saint Motel or Curve?",Saint Motel,comparison,hard,BM25,1,D005,D005_C004,Curve Lake First Nation,"The Curve Lake First Nation registered a population on these three reserves of 741, with an additional 1,050 registered band members living off-reserve.",3.917755537052802,False
5a7daae35542990b8f503a1d,"Which band has more members, Saint Motel or Curve?",Saint Motel,comparison,hard,BM25,2,D008,D008_C001,Saint Motel,"Saint Motel is an American indie pop band from Los Angeles, whose music has been described as everything from ""dream pop"" to ""indie prog"".",3.5421858044224566,True
5a7daae35542990b8f503a1d,"Which band has more members, Saint Motel or Curve?",Saint Motel,comparison,hard,BM25,3,D007,D007_C003,Lars Stalfors,"He has also worked with and has new releases on deck with Foster the People, Electric Guest, White Lung, Antwon, HEALTH, Alice Glass, Saint Motel, Local Natives.”",3.3331449964935196,False
5a7daae35542990b8f503a1d,"Which band has more members, Saint Motel or Curve?",Saint Motel,comparison,hard,BM25,4,D002,D002_C003,Lior Goldenberg,"He has worked with Rancid, Macy Gray, Sheryl Crow, MxPx, Vanessa Carlton, Marilyn Manson, Andrew W.K., Crosby, Stills, Nash & Young, Alanis Morissette, Ziggy Marley, and indie bands Allen Stone, Crash Kings, Saint Motel and Wil Seabrook.",2.186136988043042,False
5a7daae35542990b8f503a1d,"Which band has more members, Saint Motel or Curve?",Saint Motel,comparison,hard,BM25,5,D006,D006_C001,Voyeur (Saint Motel album),"Voyeur is the debut album by American band Saint Motel, released on July 10, 2012 through OnThe Records.",2.104124974997389,False
5ae6038155429929b0807a55,"""Funnybot"" is the second episode of the fifteenth season of which American animated television series, created by Trey Parker and Matt Stone?  ",South Park,bridge,easy,BM25,1,D009,D009_C001,Funnybot,"""Funnybot"" is the second episode of the fifteenth season of the American animated television series ""South Park"", and the 211th episode of the series overall.",20.242483902259973,False
5ae6038155429929b0807a55,"""Funnybot"" is the second episode of the fifteenth season of which American animated television series, created by Trey Parker and Matt Stone?  ",South Park,bridge,easy,BM25,2,D004,D004_C001,South Park (season 12),"The twelfth season of ""South Park"", an American animated television series created by Trey Parker and Matt Stone, began airing on March 12, 2008.",11.88444704740182,False
5ae6038155429929b0807a55,"""Funnybot"" is the second episode of the fifteenth season of which American animated television series, created by Trey Parker and Matt Stone?  ",South Park,bridge,easy,BM25,3,D008,D008_C001,South Park (season 10),"The tenth season of ""South Park"", an American animated television series created by Trey Parker and Matt Stone, began airing on March 22, 2006.",11.88444704740182,True
5ae6038155429929b0807a55,"""Funnybot"" is the second episode of the fifteenth season of which American animated television series, created by Trey Parker and Matt Stone?  ",South Park,bridge,easy,BM25,4,D002,D002_C001,South Park (season 7),"Season seven of ""South Park"", an American animated television series created by Trey Parker and Matt Stone, began airing on March 19, 2003.",10.758653916818439,False
5ae6038155429929b0807a55,"""Funnybot"" is the second episode of the fifteenth season of which American animated television series, created by Trey Parker and Matt Stone?  ",South Park,bridge,easy,BM25,5,D003,D003_C001,South Park (season 8),"Season eight of ""South Park"", an American animated television series created by Trey Parker and Matt Stone, began airing on March 17, 2004.",10.758653916818439,False
5a71458e5542994082a3e738,"Which private research university is located in Chestnut Hill, Massachusetts Boston College or Stanford University? ",Boston College,comparison,easy,BM25,1,D008,D008_C001,Stanford University,"Stanford University (Stanford; officially Leland Stanford Junior University, colloquially the Farm) is a private research university in Stanford, California, adjacent to Palo Alto and between San Jose and San Francisco.",16.83628068913267,True
5a71458e5542994082a3e738,"Which private research university is located in Chestnut Hill, Massachusetts Boston College or Stanford University? ",Boston College,comparison,easy,BM25,2,D005,D005_C001,Boston College,"Boston College (also referred to as BC) is a private Jesuit Catholic research university located in the affluent village of Chestnut Hill, Massachusetts, United States, 6 mi west of downtown Boston.",14.526237655854489,True
5a71458e5542994082a3e738,"Which private research university is located in Chestnut Hill, Massachusetts Boston College or Stanford University? ",Boston College,comparison,easy,BM25,3,D008,D008_C002,Stanford University,Stanford's undergraduate program is the most selective in America.,10.330478674203952,False
5a71458e5542994082a3e738,"Which private research university is located in Chestnut Hill, Massachusetts Boston College or Stanford University? ",Boston College,comparison,easy,BM25,4,D007,D007_C001,Jesuit Ivy,"""Jesuit Ivy"" is the title of a commencement speech delivered at Boston College, a Jesuit university in Chestnut Hill, Massachusetts, United States.",8.172189227415286,False
5a71458e5542994082a3e738,"Which private research university is located in Chestnut Hill, Massachusetts Boston College or Stanford University? ",Boston College,comparison,easy,BM25,5,D009,D009_C004,Chestnut Hill Reservoir Historic District,"Most of the water works facilities are also located in Boston; the terminal house of the Sudbury Aqueduct, which is part of this district, is located just over the line in Newton.",8.014613049593986,False
5a73332b5542992359bc3287,"What American stage, film, and television actor  who also appeared in a large number of musicals, played Samson in the 1949 film ""Samson and Delilah"".",Victor John Mature,bridge,easy,BM25,1,D005,D005_C003,Victor Mature,He also appeared in a large number of musicals opposite such stars as Rita Hayworth and Betty Grable.,18.210420106587794,True
5a73332b5542992359bc3287,"What American stage, film, and television actor  who also appeared in a large number of musicals, played Samson in the 1949 film ""Samson and Delilah"".",Victor John Mature,bridge,easy,BM25,2,D010,D010_C002,Samson and Delilah (1984 film),Mature played Samson in the 1949 film and had a small cameo as the father of Antony Hamilton's Samson.,15.76348265110653,False
5a73332b5542992359bc3287,"What American stage, film, and television actor  who also appeared in a large number of musicals, played Samson in the 1949 film ""Samson and Delilah"".",Victor John Mature,bridge,easy,BM25,3,D004,D004_C001,Eric Thal,"Eric Thal (born August 10, 1965) is an American film and stage actor, perhaps best known as Ariel in Sidney Lumet's ""A Stranger Among Us""; Sam Nivens in ""The Puppet Masters""; Samson in ""Samson and Delilah""; Meade Howell in ""The Wedding""; and Rick in ""Six Degrees of Separation"".",12.643611576933191,False
5a73332b5542992359bc3287,"What American stage, film, and television actor  who also appeared in a large number of musicals, played Samson in the 1949 film ""Samson and Delilah"".",Victor John Mature,bridge,easy,BM25,4,D010,D010_C001,Samson and Delilah (1984 film),"Samson and Delilah is a 1984 television film adaptation of the biblical story of Samson and Delilah, starring Max von Sydow, Belinda Bauer, Antony Hamilton, Daniel Stern and Victor Mature.",11.878990868283712,True
5a73332b5542992359bc3287,"What American stage, film, and television actor  who also appeared in a large number of musicals, played Samson in the 1949 film ""Samson and Delilah"".",Victor John Mature,bridge,easy,BM25,5,D008,D008_C001,Ivan Samson,"Ivan Samson (28 August 1894 – 1 May 1963) was a British stage, film and television actor.",10.993269977348898,False
5ae500fd55429908b63264d8,Iqaluit Airport and Canadian North are based out of what country?,Canada,bridge,easy,BM25,1,D007,D007_C001,Nunatsiaq News,"Nunatsiaq News (Inuktitut: ᓄᓇᑦᓯᐊᕐᒥ ᐱᕙᓪᓕᐊᔪᑦ ) is a Canadian weekly newspaper based in Iqaluit, Nunavut serving Nunavut and the Nunavik region of northern Quebec and has been in operation since 1973.",4.4186822940285815,False
5ae500fd55429908b63264d8,Iqaluit Airport and Canadian North are based out of what country?,Canada,bridge,easy,BM25,2,D001,D001_C003,Iqaluit Airport,"It hosts scheduled passenger service from Ottawa, Montreal, Rankin Inlet and Kuujjuaq on carriers such as First Air and Canadian North, and from smaller communities throughout eastern Nunavut.",4.238607694014879,False
5ae500fd55429908b63264d8,Iqaluit Airport and Canadian North are based out of what country?,Canada,bridge,easy,BM25,3,D001,D001_C001,Iqaluit Airport,"Iqaluit Airport (IATA: YFB, ICAO: CYFB) serves Iqaluit, Nunavut, Canada and is located adjacent to the town.",4.2345682046471556,True
5ae500fd55429908b63264d8,Iqaluit Airport and Canadian North are based out of what country?,Canada,bridge,easy,BM25,4,D008,D008_C001,Air Nunavut,"Air Nunavut is an airline based in Iqaluit, Nunavut, Canada.",4.14418061754203,False
5ae500fd55429908b63264d8,Iqaluit Airport and Canadian North are based out of what country?,Canada,bridge,easy,BM25,5,D006,D006_C004,Canadian North,Its main base is Edmonton Airport.,3.9114900732368527,False
5ab292e4554299545a2cf993,In what political party was the man who officially opened he Royal Spa Centre in 1972?,Conservative,bridge,medium,BM25,1,D002,D002_C002,Royal Spa Centre,"The Centre was officially opened on 15 June 1972 by Anthony Eden, one time MP for Leamington and Warwick and Prime Minister of the UK.",14.6689882704066,True
5ab292e4554299545a2cf993,In what political party was the man who officially opened he Royal Spa Centre in 1972?,Conservative,bridge,medium,BM25,2,D002,D002_C001,Royal Spa Centre,"The Royal Spa Centre is a Theatre in Leamington Spa, England.",10.531393631101505,True
5ab292e4554299545a2cf993,In what political party was the man who officially opened he Royal Spa Centre in 1972?,Conservative,bridge,medium,BM25,3,D007,D007_C002,Royal Pump Rooms,It was the most famous of several spa baths opened in Leamington between the late-18th and mid-19th centuries.,9.48062326434351,False
5ab292e4554299545a2cf993,In what political party was the man who officially opened he Royal Spa Centre in 1972?,Conservative,bridge,medium,BM25,4,D008,D008_C001,Conservative Party (UK),"The Conservative Party, officially the Conservative and Unionist Party, is a centre-right political party in the United Kingdom.",8.798644107960472,False
5ab292e4554299545a2cf993,In what political party was the man who officially opened he Royal Spa Centre in 1972?,Conservative,bridge,medium,BM25,5,D007,D007_C005,Royal Pump Rooms,"After a major redevelopment in 1997-99 the building now houses ""Leamington Spa Art Gallery & Museum"", a public library, a Tourist Information Centre, cafe and assembly rooms.",6.302068559932247,False
5a8514545542992a431d1ad2,Which Oscar-nominated film was written by the screenwriter who wrote a 1991 romantic drama based upon a screenplay by Sooni Taraporevala?,Salaam Bombay,bridge,medium,BM25,1,D001,D001_C001,Mississippi Masala,"Mississippi Masala is a 1991 romantic drama film directed by Mira Nair, based upon a screenplay by Sooni Taraporevala, starring Denzel Washington, Sarita Choudhury, and Roshan Seth.",15.924139861126392,True
5a8514545542992a431d1ad2,Which Oscar-nominated film was written by the screenwriter who wrote a 1991 romantic drama based upon a screenplay by Sooni Taraporevala?,Salaam Bombay,bridge,medium,BM25,2,D007,D007_C003,The Namesake (film),Sooni Taraporevala wrote the screenplay.,13.377014729490636,False
5a8514545542992a431d1ad2,Which Oscar-nominated film was written by the screenwriter who wrote a 1991 romantic drama based upon a screenplay by Sooni Taraporevala?,Salaam Bombay,bridge,medium,BM25,3,D003,D003_C001,Sooni Taraporevala,"Sooni Taraporevala (born 1957) is an Indian screenwriter, photographer and filmmaker who is best known as the screenwriter of ""Mississippi Masala"", ""The Namesake"" and Oscar-nominated ""Salaam Bombay"" (1988), all directed by Mira Nair.",13.274813041327821,True
5a8514545542992a431d1ad2,Which Oscar-nominated film was written by the screenwriter who wrote a 1991 romantic drama based upon a screenplay by Sooni Taraporevala?,Salaam Bombay,bridge,medium,BM25,4,D010,D010_C002,Such a Long Journey (film),The film is directed by Sturla Gunnarsson with a screenplay by Sooni Taraporevala.,10.60011229507231,False
5a8514545542992a431d1ad2,Which Oscar-nominated film was written by the screenwriter who wrote a 1991 romantic drama based upon a screenplay by Sooni Taraporevala?,Salaam Bombay,bridge,medium,BM25,5,D009,D009_C002,Parineeta (2005 film),"Directed by debutant Pradeep Sarkar, it was based upon a screenplay by the film's producer, Vidhu Vinod Chopra.",10.267824250587203,False
5ae3345f55429928c4239682,Are both Tim McIlrath and Spike Slawson American punk rock musicians?,yes,comparison,medium,BM25,1,D005,D005_C001,Spike Slawson,"Spike Slawson is an American punk rock musician, a member of Me First and the Gimme Gimmes, Swingin' Utters, Filthy Thievin' Bastards, Re-Volts, and Uke-Hunt.",8.726345863988922,True
5ae3345f55429928c4239682,Are both Tim McIlrath and Spike Slawson American punk rock musicians?,yes,comparison,medium,BM25,2,D003,D003_C003,The Dwarves Must Die,"There are several cameos, including Dexter Holland from The Offspring, Nash Kato from Urge Overkill, desert rock icon Nick Oliveri, Josh Freese from The Vandals, Spike Slawson from Me First and the Gimme Gimmes, gangster rapper San Quinn, DJ Marz, and even the original Space Ghost himself, Gary Owens.",5.571571230947736,False
5ae3345f55429928c4239682,Are both Tim McIlrath and Spike Slawson American punk rock musicians?,yes,comparison,medium,BM25,3,D002,D002_C001,Tim McIlrath,"Timothy James ""Tim"" McIlrath (born November 3, 1978) is an American punk rock musician.",5.418608238485224,True
5ae3345f55429928c4239682,Are both Tim McIlrath and Spike Slawson American punk rock musicians?,yes,comparison,medium,BM25,4,D001,D001_C004,Give It All,"It is a hardcore punk song, with lyrics that are about ""being a punk rocker in today's world,"" according to lead vocalist Tim McIlrath.",5.151892674092828,False
5ae3345f55429928c4239682,Are both Tim McIlrath and Spike Slawson American punk rock musicians?,yes,comparison,medium,BM25,5,D010,D010_C003,Filthy Thieving Bastards,"Spike Slawson (also from Swingin' Utters) later joined the band, along with recording engineer Randy Burk.",5.061395314073984,False
5ac1b48f55429963665198f3,"The Golden Globe Award winner for best actor from ""Roseanne"" starred along what actress in Gigantic?",Zooey Deschanel,bridge,medium,BM25,1,D006,D006_C002,John Goodman,"Early in his career, he was best known for playing Dan Conner on the ABC TV series ""Roseanne"" (1988–1997), for which he won a Golden Globe Award for Best Actor in 1993.",9.274901797086168,True
5ac1b48f55429963665198f3,"The Golden Globe Award winner for best actor from ""Roseanne"" starred along what actress in Gigantic?",Zooey Deschanel,bridge,medium,BM25,2,D009,D009_C005,Cantinflas,"To audiences in the United States, he is best remembered as co-starring with David Niven in the Academy Award winner for Best Picture film ""Around the World in 80 Days"", for which Moreno won a Golden Globe Award for Best Actor – Motion Picture Musical or Comedy.",8.310951604150572,False
5ac1b48f55429963665198f3,"The Golden Globe Award winner for best actor from ""Roseanne"" starred along what actress in Gigantic?",Zooey Deschanel,bridge,medium,BM25,3,D004,D004_C003,Russell Crowe filmography,"He is also a winner of the BAFTA Award for Best Actor in a Leading Role and Golden Globe Award for Best Actor – Motion Picture Drama for his portrayal of John Forbes Nash Jr. in the biographical drama ""A Beautiful Mind"" (2001).",8.25673053540183,False
5ac1b48f55429963665198f3,"The Golden Globe Award winner for best actor from ""Roseanne"" starred along what actress in Gigantic?",Zooey Deschanel,bridge,medium,BM25,4,D003,D003_C004,Cate Blanchett,"In 2013, she starred as Jasmine Francis in Woody Allen's ""Blue Jasmine"", for which she won numerous accolades including the Academy Award for Best Actress.",8.14736116562233,False
5ac1b48f55429963665198f3,"The Golden Globe Award winner for best actor from ""Roseanne"" starred along what actress in Gigantic?",Zooey Deschanel,bridge,medium,BM25,5,D002,D002_C002,First Monday in October (film),The film stars Walter Matthau (for which he was nominated for a Golden Globe Award for Best Actor – Motion Picture Musical or Comedy) and Jill Clayburgh (for which she was nominated for a Golden Globe Award for Best Actress – Motion Picture Musical or Comedy).,7.608410652705323,False
5ab9d58855429939ce03dc3a,"The expert mentor to the celebrities that perform on ""Splash!"" won the 2009 FINA World Championionship in the individual event at what age? ",15,bridge,medium,BM25,1,D001,D001_C002,Tom Daley,"Tom Daley specialises in the 10-metre platform event and is a double World champion in the event; he won the 2009 FINA World Championionship in the individual event at the age of 15, before regaining it in 2017.",21.507705078352878,True
5ab9d58855429939ce03dc3a,"The expert mentor to the celebrities that perform on ""Splash!"" won the 2009 FINA World Championionship in the individual event at what age? ",15,bridge,medium,BM25,2,D002,D002_C004,Splash! (UK TV series),"Gabby Logan and Vernon Kay present the show, whilst Team GB Olympic Bronze Medal winning diver Tom Daley is the expert mentor to the celebrities.",17.302649938645676,True
5ab9d58855429939ce03dc3a,"The expert mentor to the celebrities that perform on ""Splash!"" won the 2009 FINA World Championionship in the individual event at what age? ",15,bridge,medium,BM25,3,D002,D002_C002,Splash! (UK TV series),is a British television series that follows celebrities as they try to master the art of diving.,12.300454928102743,False
5ab9d58855429939ce03dc3a,"The expert mentor to the celebrities that perform on ""Splash!"" won the 2009 FINA World Championionship in the individual event at what age? ",15,bridge,medium,BM25,4,D002,D002_C003,Splash! (UK TV series),The celebrities perform each week in front of a panel of judges and a live audience in an Olympic-size diving pool with the result each week partly determined by public vote.,10.560178642439604,False
5ab9d58855429939ce03dc3a,"The expert mentor to the celebrities that perform on ""Splash!"" won the 2009 FINA World Championionship in the individual event at what age? ",15,bridge,medium,BM25,5,D003,D003_C006,Zoe Arancini,She has been included on the roster to represent the country at the 2012 Summer Olympics.,10.244034234633858,False
5ab9121555429919ba4e238a,"Still Da Baddest is the fourth studio album by American rapper Trina, following the poor chart performance, ""I Got a Thang for You"" featuring which American singer/songwriter, record producer, business woman, and television personality, and was born in Oakland, California?",Keyshia Cole,bridge,easy,BM25,1,D010,D010_C001,Keyshia Cole,"Keyshia Cole (born October 15, 1981) is an American singer/songwriter, record producer, business woman, and television personality.",34.99409881850421,True
5ab9121555429919ba4e238a,"Still Da Baddest is the fourth studio album by American rapper Trina, following the poor chart performance, ""I Got a Thang for You"" featuring which American singer/songwriter, record producer, business woman, and television personality, and was born in Oakland, California?",Keyshia Cole,bridge,easy,BM25,2,D003,D003_C004,Still da Baddest,"Following the poor chart performance, ""I Got a Thang for You"" featuring Keyshia Cole, was released as the album's second single.",29.48648722115861,True
5ab9121555429919ba4e238a,"Still Da Baddest is the fourth studio album by American rapper Trina, following the poor chart performance, ""I Got a Thang for You"" featuring which American singer/songwriter, record producer, business woman, and television personality, and was born in Oakland, California?",Keyshia Cole,bridge,easy,BM25,3,D003,D003_C001,Still da Baddest,Still Da Baddest is the fourth studio album by American rapper Trina.,24.487164221523383,False
5ab9121555429919ba4e238a,"Still Da Baddest is the fourth studio album by American rapper Trina, following the poor chart performance, ""I Got a Thang for You"" featuring which American singer/songwriter, record producer, business woman, and television personality, and was born in Oakland, California?",Keyshia Cole,bridge,easy,BM25,4,D001,D001_C001,I Got a Thang for You,"""I Got a Thang for You"" is the second single from Miami-based rapper Trina's fourth album ""Still da Baddest"".",23.816094356802125,False
5ab9121555429919ba4e238a,"Still Da Baddest is the fourth studio album by American rapper Trina, following the poor chart performance, ""I Got a Thang for You"" featuring which American singer/songwriter, record producer, business woman, and television personality, and was born in Oakland, California?",Keyshia Cole,bridge,easy,BM25,5,D001,D001_C002,I Got a Thang for You,The song features American R&B singer Keyshia Cole.,19.603299973405157,False
5abf037a5542993fe9a41dbe,What profession does Am Rong and Alexandre Rockwell have in common?,filmmaker,comparison,medium,BM25,1,D004,D004_C009,Koh Rong Sanloem,Alternatives have since become widespread and are in common usage.,8.123067812655844,False
5abf037a5542993fe9a41dbe,What profession does Am Rong and Alexandre Rockwell have in common?,filmmaker,comparison,medium,BM25,2,D005,D005_C001,Am Rong,"Am Rong (1929 – May 1975) was a Cambodian soldier and filmmaker, who acted as a spokesman on military matters for the Khmer Republic during the Cambodian Civil War.",3.6782324853021846,True
5abf037a5542993fe9a41dbe,What profession does Am Rong and Alexandre Rockwell have in common?,filmmaker,comparison,medium,BM25,3,D010,D010_C002,Rong (surname),"Among these names, 荣 Róng and 容 Róng are relatively common.",3.554321482101951,False
5abf037a5542993fe9a41dbe,What profession does Am Rong and Alexandre Rockwell have in common?,filmmaker,comparison,medium,BM25,4,D009,D009_C005,Alexandre Rockwell,"Rockwell grew up in Cambridge, MA and moved to New York City in his early 20s.",2.9595524754962956,False
5abf037a5542993fe9a41dbe,What profession does Am Rong and Alexandre Rockwell have in common?,filmmaker,comparison,medium,BM25,5,D003,D003_C001,In the Soup,In the Soup is a 1992 independent comedy directed by Alexandre Rockwell.,2.7420502207293165,False
5ab3ed12554299753aec59f3,El Nuevo Cojo and Golf Magazine are both special interest publications but which one is owned by Time Inc?,Golf Magazine,comparison,medium,BM25,1,D003,D003_C001,Golf Magazine,"Golf Magazine is a monthly golf magazine owned by ""Time Inc."" It was started in April, 1959 by Universal Publishing and Distributing, who sold it to Times Mirror in 1972.",8.918881948747789,True
5ab3ed12554299753aec59f3,El Nuevo Cojo and Golf Magazine are both special interest publications but which one is owned by Time Inc?,Golf Magazine,comparison,medium,BM25,2,D010,D010_C004,Time Inc.,It also has subsidiaries which it co-operates with the UK magazine house Time Inc.,8.464644621776893,False
5ab3ed12554299753aec59f3,El Nuevo Cojo and Golf Magazine are both special interest publications but which one is owned by Time Inc?,Golf Magazine,comparison,medium,BM25,3,D004,D004_C005,El Nuevo Cojo,The website slowly embraced a wider audience by covering general interest issues.,7.294248259213664,False
5ab3ed12554299753aec59f3,El Nuevo Cojo and Golf Magazine are both special interest publications but which one is owned by Time Inc?,Golf Magazine,comparison,medium,BM25,4,D001,D001_C002,Australian Law Librarians' Association,"Currently it has official state level bodies in NSW, Victoria, South Australia, Northern Territory and Western Australia and supports the industry through professional development, special interest publications, and events.",6.985286525960678,False
5ab3ed12554299753aec59f3,El Nuevo Cojo and Golf Magazine are both special interest publications but which one is owned by Time Inc?,Golf Magazine,comparison,medium,BM25,5,D008,D008_C001,Golf Digest,Golf Digest is a monthly golf magazine published by Condé Nast Publications in the United States.,6.174156473115524,False
5abcfc3b554299114383a1ad,Who funds the bowling team that includes the school bus driver for Springfield Elementary School?,Mr. Burns,bridge,medium,BM25,1,D003,D003_C002,Otto Mann,He is the school bus driver for Springfield Elementary School.,18.885492861897674,True
5abcfc3b554299114383a1ad,Who funds the bowling team that includes the school bus driver for Springfield Elementary School?,Mr. Burns,bridge,medium,BM25,2,D009,D009_C004,The Otto Show,"He shows the guitar to Otto the bus driver, who plays it and consequently makes the children late for school.",15.024042788670616,False
5abcfc3b554299114383a1ad,Who funds the bowling team that includes the school bus driver for Springfield Elementary School?,Mr. Burns,bridge,medium,BM25,3,D001,D001_C003,Team Homer,"In the episode, Homer starts a bowling team with Moe, Apu, and Otto.",11.070628034010596,True
5abcfc3b554299114383a1ad,Who funds the bowling team that includes the school bus driver for Springfield Elementary School?,Mr. Burns,bridge,medium,BM25,4,D005,D005_C002,2006 Huntsville bus crash,"Police stated that the bus went over the side of the road after a car driven by another Lee High student tried to swerve around the bus, causing the bus driver to swerve going over the cliff.",10.846184265434141,False
5abcfc3b554299114383a1ad,Who funds the bowling team that includes the school bus driver for Springfield Elementary School?,Mr. Burns,bridge,medium,BM25,5,D009,D009_C005,The Otto Show,"Racing to Springfield Elementary, Otto crashes the school bus and is suspended until he can get his license back.",10.444264319837538,False
5a74f2ff5542993748c89748,What city are George Washington University Hospital and MedStar Washington Hospital Center located in?,"Washington, D.C.",comparison,medium,BM25,1,D009,D009_C002,MedStar Washington Hospital Center,"Health services in primary, secondary and tertiary care are offered to adult and neonatal patients.",8.2259864743415,False
5a74f2ff5542993748c89748,What city are George Washington University Hospital and MedStar Washington Hospital Center located in?,"Washington, D.C.",comparison,medium,BM25,2,D010,D010_C004,"West End, Washington, D.C.","The George Washington University and George Washington University Hospital are on the edge of the West End, at Washington Circle.",7.796148979773034,False
5a74f2ff5542993748c89748,What city are George Washington University Hospital and MedStar Washington Hospital Center located in?,"Washington, D.C.",comparison,medium,BM25,3,D007,D007_C001,George Washington University Hospital,"The George Washington University Hospital is located in Washington, D.C. in the United States.",6.880499067981769,True
5a74f2ff5542993748c89748,What city are George Washington University Hospital and MedStar Washington Hospital Center located in?,"Washington, D.C.",comparison,medium,BM25,4,D003,D003_C003,MedStar Georgetown University Hospital,MedStar Georgetown is co-located with the Georgetown University Medical Center and is affiliated with the Georgetown University School of Medicine.,6.751534655354182,False
5a74f2ff5542993748c89748,What city are George Washington University Hospital and MedStar Washington Hospital Center located in?,"Washington, D.C.",comparison,medium,BM25,5,D005,D005_C002,Children's National Medical Center,"Located just north of the McMillan Reservoir and Howard University, it shares grounds with Washington Hospital Center, National Rehabilitation Hospital, and the DC Veterans Affairs Medical Center.",5.3729390120289775,False
5ac52b495542994611c8b3de,what is the connection between Peter O'Meara and Norman Dike?,Band of Brothers,bridge,easy,BM25,1,D004,D004_C001,Peter O'Meara,Peter O'Meara is an award-winning Irish actor.,8.979333254264995,False
5ac52b495542994611c8b3de,what is the connection between Peter O'Meara and Norman Dike?,Band of Brothers,bridge,easy,BM25,2,D005,D005_C004,Norman Dike,"Dike was portrayed in the HBO miniseries ""Band of Brothers"" by Peter O'Meara.",7.974527339265716,True
5ac52b495542994611c8b3de,what is the connection between Peter O'Meara and Norman Dike?,Band of Brothers,bridge,easy,BM25,3,D001,D001_C001,Peter O'Meara (rugby union),Peter O'Meara was the inaugural CEO of the Western Force rugby union team.,7.466434448241246,False
5ac52b495542994611c8b3de,what is the connection between Peter O'Meara and Norman Dike?,Band of Brothers,bridge,easy,BM25,4,D004,D004_C002,Peter O'Meara,"Lauded for his work on the London stage he came to the screen in the groundbreaking HBO series ""Band of Brothers"" playing 1st Lt Norman Dike.",6.282384188205397,True
5ac52b495542994611c8b3de,what is the connection between Peter O'Meara and Norman Dike?,Band of Brothers,bridge,easy,BM25,5,D004,D004_C004,Peter O'Meara,For this he received the Western Heritage Bronze Wrangler award.,6.138716108245375,False
5a72b1c25542992359bc3172,"What author has contributed to such works as ""New Statesmen"", ""The Nation"", and ""The Atlantic"", among others, while also being being associated with Dysteleology?",Christopher Hitchens,bridge,medium,BM25,1,D003,D003_C006,Silas Bent,"As a freelance writer he contributed articles to ""The New York Times"", ""Harper's Weekly"" and ""The Atlantic"" among others.",15.963003647773503,False
5a72b1c25542992359bc3172,"What author has contributed to such works as ""New Statesmen"", ""The Nation"", and ""The Atlantic"", among others, while also being being associated with Dysteleology?",Christopher Hitchens,bridge,medium,BM25,2,D008,D008_C004,Christopher Hitchens,"He contributed to ""New Statesman"", ""The Nation"", ""The Weekly Standard"", ""The Atlantic"", ""London Review of Books"", ""The Times Literary Supplement"", ""Slate"", ""Free Inquiry"" and ""Vanity Fair"".",14.502721993321629,True
5a72b1c25542992359bc3172,"What author has contributed to such works as ""New Statesmen"", ""The Nation"", and ""The Atlantic"", among others, while also being being associated with Dysteleology?",Christopher Hitchens,bridge,medium,BM25,3,D005,D005_C003,Dysteleology,"Dysteleology is an aggressive, yet optimistic, form of science-oriented atheism originally perhaps associated with Haeckel and his followers, but now perhaps more associated with the type of atheism of Richard Dawkins, Sam Harris, or Christopher Hitchens.",12.740025766740777,True
5a72b1c25542992359bc3172,"What author has contributed to such works as ""New Statesmen"", ""The Nation"", and ""The Atlantic"", among others, while also being being associated with Dysteleology?",Christopher Hitchens,bridge,medium,BM25,4,D009,D009_C003,Emily Matchar,"Her work has appeared in ""The Atlantic"", ""Salon"", ""The Washington Post"", ""Time"", ""The New Republic"", ""Gourmet"", and ""Outside"", among others.",12.495945081465756,False
5a72b1c25542992359bc3172,"What author has contributed to such works as ""New Statesmen"", ""The Nation"", and ""The Atlantic"", among others, while also being being associated with Dysteleology?",Christopher Hitchens,bridge,medium,BM25,5,D007,D007_C002,Skylite,"Along with The Blackwood Brothers and The Statesmen Quartet, Skylite signed, among others, The Speer Family, and the Oak Ridge Quartet (later renamed The Oak Ridge Boys).",11.930528763610145,False
5a72a00d5542991f9a20c53c,Who developed the prototype pacemaker used by the 34th President of the USA?,R Adams Cowley,bridge,medium,BM25,1,D006,D006_C008,R Adams Cowley,He is also known for being one of the first surgeons to perform open-heart surgery and invented both a surgical clamp that bears his name and a prototype pacemaker that was used by Dwight D. Eisenhower.,12.016874293969181,True
5a72a00d5542991f9a20c53c,Who developed the prototype pacemaker used by the 34th President of the USA?,R Adams Cowley,bridge,medium,BM25,2,D001,D001_C001,Dwight D. Eisenhower,"Dwight David ""Ike"" Eisenhower ( ; October 14, 1890 – March 28, 1969) was an American politician and Army general who served as the 34th President of the United States from 1953 until 1961.",9.898506178109418,True
5a72a00d5542991f9a20c53c,Who developed the prototype pacemaker used by the 34th President of the USA?,R Adams Cowley,bridge,medium,BM25,3,D007,D007_C002,David Eisenhower,"He is the only grandson of 34th President of the United States, Dwight D. Eisenhower, and the son-in-law of the 37th President of the United States Richard Nixon.",9.723338903546876,False
5a72a00d5542991f9a20c53c,Who developed the prototype pacemaker used by the 34th President of the USA?,R Adams Cowley,bridge,medium,BM25,4,D005,D005_C001,Andrés Avelino Cáceres,"Andrés Avelino Cáceres Dorregaray (November 10, 1836 – October 10, 1923) served as the President of Peru three times during the 19th century, from 1881 to 1882 as the 34th President of Peru, then from 1886 to 1890 as the 36th President of Peru, and again from 1894 to 1895 as the 38th President of Peru.",8.99570710120598,False
5a72a00d5542991f9a20c53c,Who developed the prototype pacemaker used by the 34th President of the USA?,R Adams Cowley,bridge,medium,BM25,5,D003,D003_C002,2013 America's Cup,Oracle Team USA defended the America's Cup by a score of 9 to 8.,8.574526763672509,False
5a8fa73e5542992414482b22,Which publishing company has published Bizarre and a sister publication devoted to the anomalous phenomena popularised by Charles Fort?,Dennis Publishing,bridge,medium,BM25,1,D004,D004_C002,Bizarre (magazine),"It was published by Dennis Publishing, and was a sister publication to the ""Fortean Times"".",19.60256188405043,True
5a8fa73e5542992414482b22,Which publishing company has published Bizarre and a sister publication devoted to the anomalous phenomena popularised by Charles Fort?,Dennis Publishing,bridge,medium,BM25,2,D001,D001_C001,Fortean Times,Fortean Times is a British monthly magazine devoted to the anomalous phenomena popularised by Charles Fort.,14.359019618379849,True
5a8fa73e5542992414482b22,Which publishing company has published Bizarre and a sister publication devoted to the anomalous phenomena popularised by Charles Fort?,Dennis Publishing,bridge,medium,BM25,3,D001,D001_C002,Fortean Times,"Previously published by John Brown Publishing (from 1991 to 2001) and then I Feel Good Publishing (2001 to 2005), it is now published by Dennis Publishing Ltd.",10.165369422553873,True
5a8fa73e5542992414482b22,Which publishing company has published Bizarre and a sister publication devoted to the anomalous phenomena popularised by Charles Fort?,Dennis Publishing,bridge,medium,BM25,4,D004,D004_C001,Bizarre (magazine),Bizarre was a British alternative magazine published from 1997 to 2015.,8.123932524111973,True
5a8fa73e5542992414482b22,Which publishing company has published Bizarre and a sister publication devoted to the anomalous phenomena popularised by Charles Fort?,Dennis Publishing,bridge,medium,BM25,5,D005,D005_C001,Super-Sargasso Sea,"The Super-Sargasso Sea is the dimension into which lost things go, whose existence was proposed by Charles Fort, writer and researcher into anomalous phenomena.",7.624554509110033,False
5a8dfbeb5542995085b3736e,"Who performed the lead single on the album Friends in Low Places, No Fences, that reached #1 on Billboard?",Garth Brooks,bridge,medium,BM25,1,D010,D010_C002,Friends in Low Places,"It was released on August 6, 1990 as the lead single from his album ""No Fences"".",17.421534336789634,True
5a8dfbeb5542995085b3736e,"Who performed the lead single on the album Friends in Low Places, No Fences, that reached #1 on Billboard?",Garth Brooks,bridge,medium,BM25,2,D010,D010_C001,Friends in Low Places,"""Friends in Low Places"" is a song performed by American country pop artist Garth Brooks.",13.748243005848046,True
5a8dfbeb5542995085b3736e,"Who performed the lead single on the album Friends in Low Places, No Fences, that reached #1 on Billboard?",Garth Brooks,bridge,medium,BM25,3,D001,D001_C001,Chipmunks in Low Places,Chipmunks in Low Places is a country album written by John Boylan and Andrew Gold and performed by Alvin and the Chipmunks.,11.348182628691315,False
5a8dfbeb5542995085b3736e,"Who performed the lead single on the album Friends in Low Places, No Fences, that reached #1 on Billboard?",Garth Brooks,bridge,medium,BM25,4,D009,D009_C005,No Fences,"No Fences remains Brooks' best-selling studio album to date with 17 million copies shipped in the US, and is the album that made him an international star.",11.10457383041245,False
5a8dfbeb5542995085b3736e,"Who performed the lead single on the album Friends in Low Places, No Fences, that reached #1 on Billboard?",Garth Brooks,bridge,medium,BM25,5,D009,D009_C003,No Fences,"The album also reached #3 on the ""Billboard"" 200.",10.923661259055036,False
5ab39701554299233954ff5e,Hate to Feel is the tenth track on what Alice in Chains' album that peaked as number six on the Billboard 200?,Dirt,bridge,medium,BM25,1,D010,D010_C001,Hate to Feel,"""Hate to Feel"" is the tenth track on Alice in Chains' album ""Dirt"" (1992).",33.42587531463724,True
5ab39701554299233954ff5e,Hate to Feel is the tenth track on what Alice in Chains' album that peaked as number six on the Billboard 200?,Dirt,bridge,medium,BM25,2,D010,D010_C002,Hate to Feel,"The song was included on the compilation albums ""Music Bank"" (1999) and ""The Essential Alice in Chains"".",18.86458618614265,False
5ab39701554299233954ff5e,Hate to Feel is the tenth track on what Alice in Chains' album that peaked as number six on the Billboard 200?,Dirt,bridge,medium,BM25,3,D010,D010_C003,Hate to Feel,It has also been the ninth track on later prints of the album and eleventh on others.,17.40746880872774,False
5ab39701554299233954ff5e,Hate to Feel is the tenth track on what Alice in Chains' album that peaked as number six on the Billboard 200?,Dirt,bridge,medium,BM25,4,D008,D008_C002,Dirt (Alice in Chains album),"Peaking at number six on the ""Billboard"" 200, the album was also well received by music critics.",15.942355783676735,True
5ab39701554299233954ff5e,Hate to Feel is the tenth track on what Alice in Chains' album that peaked as number six on the Billboard 200?,Dirt,bridge,medium,BM25,5,D008,D008_C001,Dirt (Alice in Chains album),"Dirt is the second studio album by the American rock band Alice in Chains, released on September 29, 1992, through Columbia Records.",14.749423118579147,False
5ab6ad2855429953192ad35e,"The lead singer and guitarist in the Portland, Oregon rock band consisting of John Gourley, Zach Carothers, Kyle O'Quin, Jason Sechrist and Eric Howk, goes by what alias?",The Fantastic The,bridge,medium,BM25,1,D008,D008_C003,Portugal. The Man,"The group consists of John Gourley, Zach Carothers, Kyle O'Quin, Jason Sechrist and Eric Howk.",31.39928677638316,True
5ab6ad2855429953192ad35e,"The lead singer and guitarist in the Portland, Oregon rock band consisting of John Gourley, Zach Carothers, Kyle O'Quin, Jason Sechrist and Eric Howk, goes by what alias?",The Fantastic The,bridge,medium,BM25,2,D004,D004_C003,Portugal. The Man discography,"The band was formed in 2004 in Wasilla, Alaska by John Gourley, Zach Carothers, Kyle O'Quin, Jason Sechrist and Eric Howk.",28.414578918449283,False
5ab6ad2855429953192ad35e,"The lead singer and guitarist in the Portland, Oregon rock band consisting of John Gourley, Zach Carothers, Kyle O'Quin, Jason Sechrist and Eric Howk, goes by what alias?",The Fantastic The,bridge,medium,BM25,3,D007,D007_C002,John Gourley,"He is the lead singer and guitarist in the Portland, Oregon rock band Portugal.",18.75201061454484,True
5ab6ad2855429953192ad35e,"The lead singer and guitarist in the Portland, Oregon rock band consisting of John Gourley, Zach Carothers, Kyle O'Quin, Jason Sechrist and Eric Howk, goes by what alias?",The Fantastic The,bridge,medium,BM25,4,D010,D010_C001,Hutch Harris,"Hutch Harris is an American songwriter and musician, and the lead guitarist/vocalist of Portland, Oregon rock band The Thermals.",12.465758330807857,False
5ab6ad2855429953192ad35e,"The lead singer and guitarist in the Portland, Oregon rock band consisting of John Gourley, Zach Carothers, Kyle O'Quin, Jason Sechrist and Eric Howk, goes by what alias?",The Fantastic The,bridge,medium,BM25,5,D009,D009_C003,The Satanic Satanist,The album's artwork is a combination of photographs and watercolor illustrations by lead singer John Gourley.,10.878750113356338,False
5adf8d5b5542995534e8c7e1,What year was the winner of the 2016 Marrakesh ePrix born?,1988,bridge,medium,BM25,1,D005,D005_C001,2016 Marrakesh ePrix,"The 2016 Marrakesh ePrix (formally the 2016 FIA Formula E Marrakesh ePrix) was a Formula E motor race held on 12 November 2016 at the Circuit Moulay El Hassan in Marrakesh, Morocco in front of a crowd of 7,000 people.",10.574371963622943,False
5adf8d5b5542995534e8c7e1,What year was the winner of the 2016 Marrakesh ePrix born?,1988,bridge,medium,BM25,2,D005,D005_C002,2016 Marrakesh ePrix,It was the second round of the 2016–17 Formula E season and the first time the series had visited the African continent.,9.367153857705663,False
5adf8d5b5542995534e8c7e1,What year was the winner of the 2016 Marrakesh ePrix born?,1988,bridge,medium,BM25,3,D005,D005_C003,2016 Marrakesh ePrix,"The 33-lap race was won by e.Dams-Renault driver Sébastien Buemi, who started from the seventh position.",8.174481931338745,True
5adf8d5b5542995534e8c7e1,What year was the winner of the 2016 Marrakesh ePrix born?,1988,bridge,medium,BM25,4,D005,D005_C004,2016 Marrakesh ePrix,Sam Bird finished second for the Virgin team and Mahindra driver Felix Rosenqvist came in third.,6.7684291077777905,False
5adf8d5b5542995534e8c7e1,What year was the winner of the 2016 Marrakesh ePrix born?,1988,bridge,medium,BM25,5,D010,D010_C003,FPAI Indian Player of the Year,The first winner of the award was Dempo striker Sunil Chhetri.,6.681559530004021,False
5ae5b3df5542992663a4f20b,"South Korean actor Kim Yool-ho starred in what 2016 movie directed by Yeon Sang-ho Yeon Sang-ho and starring actors Gong Yoo, Jung Yu-mi, and Ma Dong-seok?",Train to Busan,bridge,easy,BM25,1,D004,D004_C001,Train to Busan,"Train to Busan () is a 2016 South Korean zombie apocalypse action thriller film directed by Yeon Sang-ho and starring Gong Yoo, Jung Yu-mi, and Ma Dong-seok.",25.283616277487774,True
5ae5b3df5542992663a4f20b,"South Korean actor Kim Yool-ho starred in what 2016 movie directed by Yeon Sang-ho Yeon Sang-ho and starring actors Gong Yoo, Jung Yu-mi, and Ma Dong-seok?",Train to Busan,bridge,easy,BM25,2,D007,D007_C001,Kim Yool-ho,"Kim Yool-ho (; born February 21, 1985) is a South Korean actor and model, He is best known for his role in ""The Map Against the World"", in which he played Prince Geumwi, and the 2016 zombie thriller apocalypse film ""Train to Busan"" as ""man in suit 2"", who helps Yong-suk (played by Kim Eui-sung).",11.851489412335402,True
5ae5b3df5542992663a4f20b,"South Korean actor Kim Yool-ho starred in what 2016 movie directed by Yeon Sang-ho Yeon Sang-ho and starring actors Gong Yoo, Jung Yu-mi, and Ma Dong-seok?",Train to Busan,bridge,easy,BM25,3,D008,D008_C001,The Crucible (2011 film),"The Crucible (; also known as Silenced) is a 2011 South Korean drama film  based on the novel of the same name by Gong Ji-young, starring Gong Yoo and Jung Yu-mi.",11.351351081876823,False
5ae5b3df5542992663a4f20b,"South Korean actor Kim Yool-ho starred in what 2016 movie directed by Yeon Sang-ho Yeon Sang-ho and starring actors Gong Yoo, Jung Yu-mi, and Ma Dong-seok?",Train to Busan,bridge,easy,BM25,4,D006,D006_C001,Yeon Sang-ho,Yeon Sang-ho (born 1978) is a South Korean film director and screenwriter.,9.627486334874426,False
5ae5b3df5542992663a4f20b,"South Korean actor Kim Yool-ho starred in what 2016 movie directed by Yeon Sang-ho Yeon Sang-ho and starring actors Gong Yoo, Jung Yu-mi, and Ma Dong-seok?",Train to Busan,bridge,easy,BM25,5,D002,D002_C001,Cafe Noir,"Cafe Noir () is a 2009 South Korean romance melodrama film starring Shin Ha-kyun, Moon Jeong-hee, Kim Hye-na and Jung Yu-mi.",8.852185296516263,False
5ac2423755429951e9e684ff,According to the 2006 census what is the population of the city in which James Iroha Uchechukwu was born ?,"722,664",bridge,medium,BM25,1,D005,D005_C001,Uche James-Iroha,James Iroha Uchechukwu is a Nigerian photographer.,13.662338333779958,False
5ac2423755429951e9e684ff,According to the 2006 census what is the population of the city in which James Iroha Uchechukwu was born ?,"722,664",bridge,medium,BM25,2,D005,D005_C002,Uche James-Iroha,He was born in 1972 in Enugu.,13.071642318747722,True
5ac2423755429951e9e684ff,According to the 2006 census what is the population of the city in which James Iroha Uchechukwu was born ?,"722,664",bridge,medium,BM25,3,D008,D008_C003,Enugu,"The city had a population of 722,664 according to the 2006 Nigerian census.",10.981880055105536,True
5ac2423755429951e9e684ff,According to the 2006 census what is the population of the city in which James Iroha Uchechukwu was born ?,"722,664",bridge,medium,BM25,4,D009,D009_C005,Terang,"The population of Terang has since risen according to the 2011 Census; the population is now 2,348, of which 1,155 are male and 1,193 are female, with the median age being 44.",10.00227739583451,False
5ac2423755429951e9e684ff,According to the 2006 census what is the population of the city in which James Iroha Uchechukwu was born ?,"722,664",bridge,medium,BM25,5,D006,D006_C005,Noorat,"By 2011, according to the census, the population had dropped to 167, although this drop in numbers is a bit deceptive as the town boundary was changed in between the 2006 and 2011 census.",9.790055060322972,False
5a822d4655429926c1cdae45,What actor in the film D.C. Cab also had a role in the TV series Barney Miller?,Max Gail,bridge,medium,BM25,1,D004,D004_C004,Jim Moody (actor),"Jim starred in the 1983 comedy film ""D.C. Cab"" as Arnie, a member of the rival cab company, Emerald Cab.",12.440360981619545,False
5a822d4655429926c1cdae45,What actor in the film D.C. Cab also had a role in the TV series Barney Miller?,Max Gail,bridge,medium,BM25,2,D002,D002_C001,D.C. Cab,"D.C. Cab (also known as Street Fight) is a 1983 American comedy film, starring Max Gail, Adam Baldwin, Mr. T, Charlie Barnett, Gary Busey, Marsha Warfield, and Whitman Mayo.",11.377136972593995,True
5a822d4655429926c1cdae45,What actor in the film D.C. Cab also had a role in the TV series Barney Miller?,Max Gail,bridge,medium,BM25,3,D002,D002_C002,D.C. Cab,The film was written and directed by Joel Schumacher with the story by Topper Carew & Schumacher.,10.81458102359536,False
5a822d4655429926c1cdae45,What actor in the film D.C. Cab also had a role in the TV series Barney Miller?,Max Gail,bridge,medium,BM25,4,D003,D003_C001,Phil Fish (character),"Detective Phil Fish is a fictional NYPD detective in the TV series ""Barney Miller"" and later in the spin off series ""Fish"".",8.18994136078432,False
5a822d4655429926c1cdae45,What actor in the film D.C. Cab also had a role in the TV series Barney Miller?,Max Gail,bridge,medium,BM25,5,D008,D008_C004,Ron Carey (actor),"Carey appeared in the recurring role for the last six of the eight seasons of ""Barney Miller""' s run.",7.340081115653243,False
5ab9672655429970cfb8eabd,Which industry do Richard Hawley and Chicago's Catherine belong to? ,rock band,comparison,easy,BM25,1,D005,D005_C001,Catherine (alternative rock band),"Catherine was an alternative rock band from Chicago, Illinois that was active from 1985 to 1998.",9.067354903159607,True
5ab9672655429970cfb8eabd,Which industry do Richard Hawley and Chicago's Catherine belong to? ,rock band,comparison,easy,BM25,2,D005,D005_C002,Catherine (alternative rock band),They were signed to TVT Records.,5.224884618744356,False
5ab9672655429970cfb8eabd,Which industry do Richard Hawley and Chicago's Catherine belong to? ,rock band,comparison,easy,BM25,3,D006,D006_C002,Truelove's Gutter,"The album title refers to an ancient street in Hawley's native Sheffield, now thought to be the location of present-day Castle Street, which was allegedly named after 18th-century innkeeper Thomas Truelove, who used charge local people to dump their rubbish in the gutter in the street that then flowed down to the River Don.",4.419134313999525,False
5ab9672655429970cfb8eabd,Which industry do Richard Hawley and Chicago's Catherine belong to? ,rock band,comparison,easy,BM25,4,D006,D006_C003,Truelove's Gutter,"Thematically, ""Truelove's Gutter"" is Richard's darkest album to date.",2.081727607827083,False
5ab9672655429970cfb8eabd,Which industry do Richard Hawley and Chicago's Catherine belong to? ,rock band,comparison,easy,BM25,5,D008,D008_C003,A Heavy Nite With...,"It has been alleged that Jason Buckle is a pseudonym for Pulp guitarist Richard Hawley, but this is not the case - Hawley does contribute guitar to the album, however, under the pseudonym Wayne Marsden.",2.0333785802416604,False
5abb1f745542996cc5e49fb5,Are Pam Veasey and Jon Jost both American?,yes,comparison,medium,BM25,1,D010,D010_C001,Jon Jost,Jon Jost (born 16 May 1943 in Chicago) is an American independent filmmaker.,4.133299149400772,True
5abb1f745542996cc5e49fb5,Are Pam Veasey and Jon Jost both American?,yes,comparison,medium,BM25,2,D001,D001_C001,Pam Veasey,"Pamela Renea Veasey (born May 25, 1962) is an American television writer, producer and director.",4.03379596897444,True
5abb1f745542996cc5e49fb5,Are Pam Veasey and Jon Jost both American?,yes,comparison,medium,BM25,3,D002,D002_C001,All the Vermeers in New York,"All the Vermeers in New York is a 1990 American film written, directed and produced by Jon Jost.",3.3276809880063505,False
5abb1f745542996cc5e49fb5,Are Pam Veasey and Jon Jost both American?,yes,comparison,medium,BM25,4,D007,D007_C001,Last Chants for a Slow Dance,Last Chants for a Slow Dance is a 1977 American drama film directed by Jon Jost and starring Tom Blair.,3.2112606618953405,False
5abb1f745542996cc5e49fb5,Are Pam Veasey and Jon Jost both American?,yes,comparison,medium,BM25,5,D004,D004_C002,Black Merda,"The core band members are guitarist/vocalist Anthony Hawkins, bassist/guitarist/vocalist VC L. Veasey, and guitarist/vocalist Charles Hawkins, plus original drummer/vocalist Tyrone Hite.",3.1946872942327245,False
5abbbd0f55429931dba144d5,Maurice Hines and his brother were famous for what?,dancer Gregory Hines,bridge,hard,BM25,1,D010,D010_C002,Maurice Hines,He is the brother of dancer Gregory Hines.,4.8743588388475985,True
5abbbd0f55429931dba144d5,Maurice Hines and his brother were famous for what?,dancer Gregory Hines,bridge,hard,BM25,2,D006,D006_C009,Baron Berkeley,"Therefore, Maurice and his descendants from 1492 to 1553 were ""de jure"" barons only, until the return of the title to the senior heir Henry (and indirectly to his mother Anne), becoming ""de facto"" 7th Baron in 1553.",4.826926026637883,False
5abbbd0f55429931dba144d5,Maurice Hines and his brother were famous for what?,dancer Gregory Hines,bridge,hard,BM25,3,D004,D004_C002,John Hines (Australian soldier),Hines was the subject of a famous photo taken by Frank Hurley that depicted him surrounded by German military equipment and money he had looted during the Battle of Polygon Wood in September 1917.,4.695652850722677,False
5abbbd0f55429931dba144d5,Maurice Hines and his brother were famous for what?,dancer Gregory Hines,bridge,hard,BM25,4,D007,D007_C003,Andrew Hines,"Andrew follows in the footsteps of his brother and crew chief, Matt Hines (NHRA Champion 1996, 97, 98).",4.406954327513292,False
5abbbd0f55429931dba144d5,Maurice Hines and his brother were famous for what?,dancer Gregory Hines,bridge,hard,BM25,5,D010,D010_C001,Maurice Hines,"Maurice Hines (born December 13, 1943) is an American actor, director, singer, and choreographer.",3.994945501890837,False
5ac3e8c65542997ea680c993,Are the New Orleans Outfall Canals the same length as the Augusta Canal?,yes,comparison,hard,BM25,1,D005,D005_C002,New Orleans Outfall Canals,"These canals are a critical element of New Orleans’ flood control system, serving as drainage conduits for much of the city.",13.178701790682245,False
5ac3e8c65542997ea680c993,Are the New Orleans Outfall Canals the same length as the Augusta Canal?,yes,comparison,hard,BM25,2,D005,D005_C001,New Orleans Outfall Canals,"There are three outfall canals in New Orleans, Louisiana – the 17th Street, Orleans Avenue and London Avenue canals.",12.959098787403171,False
5ac3e8c65542997ea680c993,Are the New Orleans Outfall Canals the same length as the Augusta Canal?,yes,comparison,hard,BM25,3,D005,D005_C003,New Orleans Outfall Canals,There are 13 mi of levees and floodwalls that line the sides of the canals.,12.621945056169785,True
5ac3e8c65542997ea680c993,Are the New Orleans Outfall Canals the same length as the Augusta Canal?,yes,comparison,hard,BM25,4,D002,D002_C003,17th Street Canal,"The canal, along with the Orleans Canal and the London Avenue Canal, form the New Orleans Outfall Canals.",11.427442974459314,False
5ac3e8c65542997ea680c993,Are the New Orleans Outfall Canals the same length as the Augusta Canal?,yes,comparison,hard,BM25,5,D007,D007_C002,Orleans Canal,"The canal, along with the 17th Street Canal and the London Avenue Canal, form the New Orleans Outfall Canals.",11.427442974459314,False
5a87390555429960ec39b769,In which stadium do the teams owned by Myra Kraft's husband play?,Gillette Stadium,bridge,medium,BM25,1,D004,D004_C003,Robert Kraft,"His sports holdings include: the National Football League's New England Patriots, Major League Soccer's New England Revolution and the stadium in which both teams play, Gillette Stadium.",14.043492596551477,True
5a87390555429960ec39b769,In which stadium do the teams owned by Myra Kraft's husband play?,Gillette Stadium,bridge,medium,BM25,2,D010,D010_C001,Myra Kraft,"Myra Hiatt Kraft (""née"" Myra Nathalie Hiatt; December 27, 1942 – July 20, 2011) was an American philanthropist and the wife of New England Patriots and New England Revolution owner Robert Kraft.",8.030531036842206,True
5a87390555429960ec39b769,In which stadium do the teams owned by Myra Kraft's husband play?,Gillette Stadium,bridge,medium,BM25,3,D009,D009_C001,PLDT Volleyball Club,The PLDT Home TVolution Power Attackers (women's) and the PLDT Home Telpad-Air Force Turbo Boosters (men's) were professional volleyball teams owned by PLDT that played in the Philippine Super Liga (PSL) from 2013 to 2014.,5.2987936136770735,False
5a87390555429960ec39b769,In which stadium do the teams owned by Myra Kraft's husband play?,Gillette Stadium,bridge,medium,BM25,4,D005,D005_C002,Mane 'n Tail Lady Stallions (2015),"It was one of two teams owned by Federated Distributors, Inc. and was the second team to play under the name ""Mane 'n Tail Lady Stallions"".",4.640412928946274,False
5a87390555429960ec39b769,In which stadium do the teams owned by Myra Kraft's husband play?,Gillette Stadium,bridge,medium,BM25,5,D006,D006_C003,1926 American Football League season,"The initial lineup of teams included the traveling Wildcats and a charter member of the National Football League, the Rock Island Independents, which became a second traveling team after having poor attendance in its first three games.",3.757080244288121,False
5a8766cb5542996e4f3087d6,What southern California based band covered Blue Öyster Cult's Godzilla?,Fu Manchu,bridge,medium,BM25,1,D005,D005_C001,Fu Manchu (band),"Fu Manchu is an American, Southern California-based stoner rock band that formed in 1985.",11.798822546859409,True
5a8766cb5542996e4f3087d6,What southern California based band covered Blue Öyster Cult's Godzilla?,Fu Manchu,bridge,medium,BM25,2,D003,D003_C001,Godzilla (song),"""Godzilla"" is a song by Blue Öyster Cult from their fifth album, ""Spectres"".",5.95388207083212,False
5a8766cb5542996e4f3087d6,What southern California based band covered Blue Öyster Cult's Godzilla?,Fu Manchu,bridge,medium,BM25,3,D003,D003_C004,Godzilla (song),"It has been covered by bands such as Racer X, Fu Manchu, The Smashing Pumpkins, Sebastian Bach and Fighting Gravity.",5.606761529848727,True
5a8766cb5542996e4f3087d6,What southern California based band covered Blue Öyster Cult's Godzilla?,Fu Manchu,bridge,medium,BM25,4,D010,D010_C001,The Essential Blue Öyster Cult,"The Essential Blue Öyster Cult is a compilation album by the hard rock band Blue Öyster Cult, released in 2003 as part of Sony BMG's ""Essential"" series.",5.225826357585322,False
5a8766cb5542996e4f3087d6,What southern California based band covered Blue Öyster Cult's Godzilla?,Fu Manchu,bridge,medium,BM25,5,D003,D003_C003,Godzilla (song),"The song is, along with ""(Don't Fear) The Reaper"" and ""Burnin' for You"", one of Blue Öyster Cult's best known songs and has become a staple of their live performances.",4.620829358365107,False
5a7ca54c55429935c91b527f,"The Swedish-British entertainment studio executive and film executive producer, who was the Executive producer for a 2016 American action thriller film directed by Babak Najafi, currently serve?",CEO of Lionsgate UK & Europe,bridge,easy,BM25,1,D010,D010_C001,London Has Fallen,"London Has Fallen is a 2016 American action thriller film directed by Babak Najafi and written by Creighton Rothenberger, Katrin Benedikt, Chad St. John and Christian Gudegast.",18.88603548543309,True
5a7ca54c55429935c91b527f,"The Swedish-British entertainment studio executive and film executive producer, who was the Executive producer for a 2016 American action thriller film directed by Babak Najafi, currently serve?",CEO of Lionsgate UK & Europe,bridge,easy,BM25,2,D007,D007_C001,Zygi Kamasa,Zygi Kamasa (born 12 November 1969) is a Swedish-British entertainment studio executive and film executive producer.,17.64723839889377,False
5a7ca54c55429935c91b527f,"The Swedish-British entertainment studio executive and film executive producer, who was the Executive producer for a 2016 American action thriller film directed by Babak Najafi, currently serve?",CEO of Lionsgate UK & Europe,bridge,easy,BM25,3,D003,D003_C001,Proud Mary (film),"Proud Mary is an upcoming American action-thriller directed by Babak Najafi, from a screenplay written by John S. Newman and Christian Swegal.",16.607113820762308,False
5a7ca54c55429935c91b527f,"The Swedish-British entertainment studio executive and film executive producer, who was the Executive producer for a 2016 American action thriller film directed by Babak Najafi, currently serve?",CEO of Lionsgate UK & Europe,bridge,easy,BM25,4,D006,D006_C001,Easy Money II: Hard to Kill,"Easy Money II: Hard to Kill (Swedish: ""Snabba Cash II"" ) is a Swedish thriller film directed by Babak Najafi that was released on 17 August 2012.",14.855080464914709,False
5a7ca54c55429935c91b527f,"The Swedish-British entertainment studio executive and film executive producer, who was the Executive producer for a 2016 American action thriller film directed by Babak Najafi, currently serve?",CEO of Lionsgate UK & Europe,bridge,easy,BM25,5,D008,D008_C001,No Code of Conduct,No Code of Conduct is a 1998 action crime thriller film directed by Bret Michaels.,10.234043227076393,False
5a90c2b35542995651fb51df,"an Emmy Award winner and two-time Tony Award winner, was on the episode 15 of the third season of ""Chuck"". what is her name ?",Swoosie Kurtz,bridge,easy,BM25,1,D003,D003_C001,Chuck Versus the Role Models,"""Chuck Versus the Role Models"" is episode 15 of the third season of ""Chuck"".",19.91132450865013,False
5a90c2b35542995651fb51df,"an Emmy Award winner and two-time Tony Award winner, was on the episode 15 of the third season of ""Chuck"". what is her name ?",Swoosie Kurtz,bridge,easy,BM25,2,D008,D008_C002,Swoosie Kurtz,She is an Emmy Award winner and two-time Tony Award winner.,12.183320377147083,True
5a90c2b35542995651fb51df,"an Emmy Award winner and two-time Tony Award winner, was on the episode 15 of the third season of ""Chuck"". what is her name ?",Swoosie Kurtz,bridge,easy,BM25,3,D001,D001_C002,Jane Alexander,She is a Tony Award winner and two-time Emmy Award winner.,11.233639933590185,False
5a90c2b35542995651fb51df,"an Emmy Award winner and two-time Tony Award winner, was on the episode 15 of the third season of ""Chuck"". what is her name ?",Swoosie Kurtz,bridge,easy,BM25,4,D004,D004_C002,Patti LuPone,She is a two-time Grammy Award winner and a two-time Tony Award winner.,10.113696087130545,False
5a90c2b35542995651fb51df,"an Emmy Award winner and two-time Tony Award winner, was on the episode 15 of the third season of ""Chuck"". what is her name ?",Swoosie Kurtz,bridge,easy,BM25,5,D007,D007_C003,Rich Moore,"He is a two-time Emmy Award winner, a three-time Annie Award winner, and an Academy Award winner.",10.04947145689022,False
5ae0fa8b5542997b2ef7d0c6,"What is the current name of the Atlanta Mansion built for the daughter of the 41st Mayor of Atlanta, Georgia?",Lullwater Estate,bridge,medium,BM25,1,D001,D001_C001,Rainbow Terrace,"Rainbow Terrace, now known as Lullwater Estate, is the Mediterranean-style Atlanta mansion built for Lucy Beall Candler Owens Heinz (1882–1962), daughter of Coca-Cola co-founder Asa Griggs Candler.",16.23823045576379,True
5ae0fa8b5542997b2ef7d0c6,"What is the current name of the Atlanta Mansion built for the daughter of the 41st Mayor of Atlanta, Georgia?",Lullwater Estate,bridge,medium,BM25,2,D005,D005_C001,Robert Maddox,"Robert Foster Maddox (April 4, 1870 – 1965) was the 41st Mayor of Atlanta, Georgia.",11.257021253860682,False
5ae0fa8b5542997b2ef7d0c6,"What is the current name of the Atlanta Mansion built for the daughter of the 41st Mayor of Atlanta, Georgia?",Lullwater Estate,bridge,medium,BM25,3,D009,D009_C002,Asa Griggs Candler,"He also served as the 41st Mayor of Atlanta, Georgia from 1916 to 1919.",11.018033296086076,True
5ae0fa8b5542997b2ef7d0c6,"What is the current name of the Atlanta Mansion built for the daughter of the 41st Mayor of Atlanta, Georgia?",Lullwater Estate,bridge,medium,BM25,4,D009,D009_C003,Asa Griggs Candler,"Candler Field, the site of the present-day Hartsfield-Jackson Atlanta International Airport, was named after him, as is Candler Park in Atlanta.",9.521678211415725,False
5ae0fa8b5542997b2ef7d0c6,"What is the current name of the Atlanta Mansion built for the daughter of the 41st Mayor of Atlanta, Georgia?",Lullwater Estate,bridge,medium,BM25,5,D001,D001_C002,Rainbow Terrace,"The architect was G. Lloyd Preacher, the architect of Atlanta City Hall.",8.953546356261793,False
5a74a3bd55429979e28829da,Who invented the type of script used in autographs?,the Sumerians,bridge,medium,BM25,1,D009,D009_C001,Cuneiform script,"Cuneiform script ( or or ), one of the earliest systems of writing, was invented by the Sumerians.",6.6483640021602675,True
5a74a3bd55429979e28829da,Who invented the type of script used in autographs?,the Sumerians,bridge,medium,BM25,2,D007,D007_C002,Elbasan alphabet,"It was named after the city of Elbasan, where it was invented, and was used mainly in the area of Elbasan and Berat, and is the oldest original script used to write Albanian.",6.221676596260176,False
5a74a3bd55429979e28829da,Who invented the type of script used in autographs?,the Sumerians,bridge,medium,BM25,3,D001,D001_C003,Gupta script,"These scripts in turn gave rise to many of the most important scripts of India, including Devanagari (the most common script used for writing Sanskrit since the 19th century), the Gurmukhi script for Punjabi Language, the Bengali-Assamese script, and the Tibetan script.",4.233302502982784,False
5a74a3bd55429979e28829da,Who invented the type of script used in autographs?,the Sumerians,bridge,medium,BM25,4,D006,D006_C001,Hebrew alphabet,"The Hebrew alphabet (Hebrew: אָלֶף־בֵּית עִבְרִי‎ , ""Alefbet Ivri ""), known variously by scholars as the Jewish script, square script and block script, is an abjad script used in the writing of the Hebrew language, also adapted as an alphabet script in the writing of other Jewish languages, most notably in Yiddish (lit.",4.136187116970168,False
5a74a3bd55429979e28829da,Who invented the type of script used in autographs?,the Sumerians,bridge,medium,BM25,5,D008,D008_C004,Siddhaṃ script,The script is a refinement of the script used during the Gupta Empire.,4.131154076051639,False
5a8f938a55429918e830d275,Approximately what percentage of the global population is made up of the ethnic group Princess Fragrant was produced to improve relations with?,17%,bridge,medium,BM25,1,D005,D005_C003,Princess Fragrant,The cartoon was produced to improve relations between the Han Chinese and the Uighurs.,21.003336628857408,True
5a8f938a55429918e830d275,Approximately what percentage of the global population is made up of the ethnic group Princess Fragrant was produced to improve relations with?,17%,bridge,medium,BM25,2,D008,D008_C001,Harvard Foundation,The Harvard Foundation for Intercultural and Race Relations was founded in 1981 by the President and Deans of Harvard University to improve relations among racial and ethnic groups at the University.,12.70902552827639,False
5a8f938a55429918e830d275,Approximately what percentage of the global population is made up of the ethnic group Princess Fragrant was produced to improve relations with?,17%,bridge,medium,BM25,3,D003,D003_C002,Han Chinese,"They constitute approximately 92% of the population of China, 95% of Taiwan (Han Taiwanese), 76% of Singapore, 23% of Malaysia and about 17% of the global population, making them the world's largest ethnic group with over 1.3 billion people.",12.299531723048968,True
5a8f938a55429918e830d275,Approximately what percentage of the global population is made up of the ethnic group Princess Fragrant was produced to improve relations with?,17%,bridge,medium,BM25,4,D006,D006_C005,Muslim population growth,"By 2030, Muslims will make up more than a quarter of the global population.",11.333063227934037,False
5a8f938a55429918e830d275,Approximately what percentage of the global population is made up of the ethnic group Princess Fragrant was produced to improve relations with?,17%,bridge,medium,BM25,5,D005,D005_C001,Princess Fragrant,Princess Fragrant () is a Chinese 3-D cartoon series directed by Deng Jianglei and produced by the Shenzhen Qianheng Cultural Communication Company ().,11.0693326032802,False
5add3b665542997545bbbcd2,The Boren-McCurdy proposals were partially brought about by which Oklahoma politician in 1992?,David Lyle Boren,bridge,medium,BM25,1,D005,D005_C001,Boren-McCurdy proposals,The Boren-McCurdy intelligence reform proposals are two legislative proposals from Senator David Boren and Representative David McCurdy in 1992 (102nd Congress).,13.431908737591947,True
5add3b665542997545bbbcd2,The Boren-McCurdy proposals were partially brought about by which Oklahoma politician in 1992?,David Lyle Boren,bridge,medium,BM25,2,D001,D001_C003,Manifesto Records (UK),"The label had 13 Top 10 hits before being wound down in 2002 (a move partially brought about to ""bottle the labels unique period because of its unprecedented success"").",9.954035875815064,False
5add3b665542997545bbbcd2,The Boren-McCurdy proposals were partially brought about by which Oklahoma politician in 1992?,David Lyle Boren,bridge,medium,BM25,3,D005,D005_C003,Boren-McCurdy proposals,Neither bill passed into law.,7.8800943030831,False
5add3b665542997545bbbcd2,The Boren-McCurdy proposals were partially brought about by which Oklahoma politician in 1992?,David Lyle Boren,bridge,medium,BM25,4,D005,D005_C002,Boren-McCurdy proposals,Both pieces of legislation propose the creation of a National Intelligence Director.,7.490892537615604,False
5add3b665542997545bbbcd2,The Boren-McCurdy proposals were partially brought about by which Oklahoma politician in 1992?,David Lyle Boren,bridge,medium,BM25,5,D006,D006_C008,Cripps' mission,"Cripps had designed the proposals himself, but they were too radical for both Churchill and the Indians; no middle way was found.",5.325845662751928,False
5ab728e45542992aa3b8c7b4,The Thoen Stone is on display at a museum in what county?,Lawrence County,bridge,medium,BM25,1,D009,D009_C003,Thoen Stone,"It is currently on display at the Adams Museum & House in Deadwood, South Dakota.",13.892154988737088,True
5ab728e45542992aa3b8c7b4,The Thoen Stone is on display at a museum in what county?,Lawrence County,bridge,medium,BM25,2,D004,D004_C005,Yarmouth Runic Stone,The Stone is currently on display at the Yarmouth County Museum.,11.963161202159966,False
5ab728e45542992aa3b8c7b4,The Thoen Stone is on display at a museum in what county?,Lawrence County,bridge,medium,BM25,3,D009,D009_C001,Thoen Stone,The Thoen Stone is a sandstone slab dated 1834 that was discovered in the Black Hills of South Dakota by Louis Thoen in 1887.,8.670209769540756,False
5ab728e45542992aa3b8c7b4,The Thoen Stone is on display at a museum in what county?,Lawrence County,bridge,medium,BM25,4,D006,D006_C003,National Railway Museum Shildon,"Shildon acts as an annex, with important exhibits on display in the NRM's headquarters at York, though major exhibits are regularly rotated.",7.3841001617793225,False
5ab728e45542992aa3b8c7b4,The Thoen Stone is on display at a museum in what county?,Lawrence County,bridge,medium,BM25,5,D008,D008_C008,Tankavaara,The museum's stone and mineral collection has more than 2500 samples on display from around the world.,7.313365556738965,False
5a74fbe55542996c70cfae63,"Is Children's National Medical Center or MedStar Washington Hospital Center the largest private hospital in Washington, D.C.?",MedStar Washington Hospital Center,comparison,medium,BM25,1,D009,D009_C001,MedStar Washington Hospital Center,"MedStar Washington Hospital Center is the largest private hospital in Washington, D.C. A member of MedStar Health, the not-for-profit Hospital Center is licensed for 926 beds.",24.841509287036303,True
5a74fbe55542996c70cfae63,"Is Children's National Medical Center or MedStar Washington Hospital Center the largest private hospital in Washington, D.C.?",MedStar Washington Hospital Center,comparison,medium,BM25,2,D008,D008_C002,MedStar Georgetown University Hospital,"It is a not-for-profit, acute care teaching and research facility located in the Georgetown neighborhood of the Northwest Quadrant of Washington, D.C.",14.546031715620831,False
5a74fbe55542996c70cfae63,"Is Children's National Medical Center or MedStar Washington Hospital Center the largest private hospital in Washington, D.C.?",MedStar Washington Hospital Center,comparison,medium,BM25,3,D006,D006_C002,Children's National Medical Center,"Located just north of the McMillan Reservoir and Howard University, it shares grounds with Washington Hospital Center, National Rehabilitation Hospital, and the DC Veterans Affairs Medical Center.",14.53724691584106,False
5a74fbe55542996c70cfae63,"Is Children's National Medical Center or MedStar Washington Hospital Center the largest private hospital in Washington, D.C.?",MedStar Washington Hospital Center,comparison,medium,BM25,4,D006,D006_C001,Children's National Medical Center,"Children’s National Medical Center (formerly DC Children’s Hospital) is ranked among the top 10 children’s hospitals in the country by ""U.S. News & World Report.""",13.05280961435132,True
5a74fbe55542996c70cfae63,"Is Children's National Medical Center or MedStar Washington Hospital Center the largest private hospital in Washington, D.C.?",MedStar Washington Hospital Center,comparison,medium,BM25,5,D006,D006_C003,Children's National Medical Center,"Kurt Newman, M.D., has served as the president and chief executive officer of Children’s National since 2011.",11.779423005878119,False
