query_id,question,expected_answer,question_type,difficulty,retrieval_method,rank,document_id,chunk_id,title,text,retrieval_score,is_supporting
5a7a06935542990198eaf050,Which magazine was started first Arthur's Magazine or First for Women?,Arthur's Magazine,comparison,medium,Dense,1,D006,D006_C001,Arthur's Magazine,Arthur's Magazine (1844–1846) was an American literary periodical published in Philadelphia in the 19th century.,0.7347249388694763,True
5a7a06935542990198eaf050,Which magazine was started first Arthur's Magazine or First for Women?,Arthur's Magazine,comparison,medium,Dense,2,D008,D008_C002,First for Women,The magazine was started in 1989.,0.7120329141616821,False
5a7a06935542990198eaf050,Which magazine was started first Arthur's Magazine or First for Women?,Arthur's Magazine,comparison,medium,Dense,3,D006,D006_C002,Arthur's Magazine,"Edited by T.S. Arthur, it featured work by Edgar A. Poe, J.H. Ingraham, Sarah Josepha Hale, Thomas G. Spear, and others.",0.6726688146591187,False
5a7a06935542990198eaf050,Which magazine was started first Arthur's Magazine or First for Women?,Arthur's Magazine,comparison,medium,Dense,4,D008,D008_C001,First for Women,First for Women is a woman's magazine published by Bauer Media Group in the USA.,0.6579461097717285,True
5a7a06935542990198eaf050,Which magazine was started first Arthur's Magazine or First for Women?,Arthur's Magazine,comparison,medium,Dense,5,D006,D006_C003,Arthur's Magazine,"In May 1846 it was merged into ""Godey's Lady's Book"".",0.6112534403800964,False
5a879ab05542996e4f30887e,The Oberoi family is part of a hotel company that has a head office in what city?,Delhi,bridge,medium,Dense,1,D007,D007_C001,The Oberoi Group,The Oberoi Group is a hotel company with its head office in Delhi.,0.7859134674072266,True
5a879ab05542996e4f30887e,The Oberoi family is part of a hotel company that has a head office in what city?,Delhi,bridge,medium,Dense,2,D002,D002_C001,Oberoi family,"The Oberoi family is an Indian family that is famous for its involvement in hotels, namely through The Oberoi Group.",0.7692292928695679,True
5a879ab05542996e4f30887e,The Oberoi family is part of a hotel company that has a head office in what city?,Delhi,bridge,medium,Dense,3,D007,D007_C002,The Oberoi Group,"Founded in 1934, the company owns and/or operates 30+ luxury hotels and two river cruise ships in six countries, primarily under its Oberoi Hotels & Resorts and Trident Hotels brands.",0.6610299348831177,False
5a879ab05542996e4f30887e,The Oberoi family is part of a hotel company that has a head office in what city?,Delhi,bridge,medium,Dense,4,D005,D005_C001,Mohan Singh Oberoi,"Rai Bahadur Mohan Singh Oberoi (15 August 1898 – 3 May 2002) was an Indian hotelier, the founder and chairman of Oberoi Hotels & Resorts, India's second-largest hotel company, with 35 hotels in India, Sri Lanka, Nepal, Egypt, Australia and Hungary.",0.6481770277023315,False
5a879ab05542996e4f30887e,The Oberoi family is part of a hotel company that has a head office in what city?,Delhi,bridge,medium,Dense,5,D003,D003_C003,Ishqbaaaz,"Nakuul Mehta, Kunal Jaisingh and Leenesh Mattoo respectively portray Shivaay, Omkara and Rudra, the three heirs of the Oberoi family.",0.4272805452346802,False
5a8d7341554299441c6b9fe5,"Musician and satirist Allie Goertz wrote a song about the ""The Simpsons"" character Milhouse, who Matt Groening named after who?",President Richard Nixon,bridge,hard,Dense,1,D004,D004_C004,Allie Goertz,"Subjects of her songs have included the film ""The Room"", the character Milhouse from the television show ""The Simpsons"", and the game Dungeons & Dragons.",0.6921252608299255,False
5a8d7341554299441c6b9fe5,"Musician and satirist Allie Goertz wrote a song about the ""The Simpsons"" character Milhouse, who Matt Groening named after who?",President Richard Nixon,bridge,hard,Dense,2,D005,D005_C001,Milhouse Van Houten,"Milhouse Mussolini van Houten is a fictional character featured in the animated television series ""The Simpsons"", voiced by Pamela Hayden, and created by Matt Groening who named the character after President Richard Nixon's middle name.",0.612425684928894,True
5a8d7341554299441c6b9fe5,"Musician and satirist Allie Goertz wrote a song about the ""The Simpsons"" character Milhouse, who Matt Groening named after who?",President Richard Nixon,bridge,hard,Dense,3,D008,D008_C001,List of The Simpsons video games,"""The Simpsons"" is an American animated television sitcom created by Matt Groening for the Fox Broadcasting Company.",0.585526168346405,False
5a8d7341554299441c6b9fe5,"Musician and satirist Allie Goertz wrote a song about the ""The Simpsons"" character Milhouse, who Matt Groening named after who?",President Richard Nixon,bridge,hard,Dense,4,D008,D008_C005,List of The Simpsons video games,"Groening created a dysfunctional family and named the characters after members of his own family, substituting Bart for his own name.",0.572105884552002,False
5a8d7341554299441c6b9fe5,"Musician and satirist Allie Goertz wrote a song about the ""The Simpsons"" character Milhouse, who Matt Groening named after who?",President Richard Nixon,bridge,hard,Dense,5,D007,D007_C005,Homer Simpson,"He named the character after his father, Homer Groening.",0.5627959966659546,False
5a82171f5542990a1d231f4a, What nationality was James Henry Miller's wife?,American,bridge,medium,Dense,1,D008,D008_C001,June Miller,"June Miller (January 7 or 28, 1902 – February 1, 1979) was the much-written-about second wife of Henry Miller.",0.7057173252105713,False
5a82171f5542990a1d231f4a, What nationality was James Henry Miller's wife?,American,bridge,medium,Dense,2,D010,D010_C001,"Jim Miller (Australian footballer, born 1919)",James Henry Miller (born 30 May 1919) is a former Australian rules footballer in the Victorian Football League (VFL).,0.6245312690734863,False
5a82171f5542990a1d231f4a, What nationality was James Henry Miller's wife?,American,bridge,medium,Dense,3,D003,D003_C003,Incest: From a Journal of Love,"It features Nin's relationships with writer Henry Miller, his wife June Miller, the psychoanalyst Otto Rank, her father Joaquín Nin, and her husband Hugh Parker Guiler.",0.5235443711280823,False
5a82171f5542990a1d231f4a, What nationality was James Henry Miller's wife?,American,bridge,medium,Dense,4,D005,D005_C001,Ewan MacColl,"James Henry Miller (25 January 1915 – 22 October 1989), better known by his stage name Ewan MacColl, was an English folk singer, songwriter, communist, labour activist, actor, poet, playwright and record producer.",0.49769991636276245,True
5a82171f5542990a1d231f4a, What nationality was James Henry Miller's wife?,American,bridge,medium,Dense,5,D007,D007_C002,Henry Miller Memorial Library,Henry Miller’s friend Emil White built the house that is now the Library in the mid-1960s.,0.47624772787094116,False
5a84dd955542997b5ce3ff79,"Cadmium Chloride is slightly soluble in this chemical, it is also called what?",alcohol,bridge,medium,Dense,1,D001,D001_C002,Cadmium chloride,It is a hygroscopic solid that is highly soluble in water and slightly soluble in alcohol.,0.8373819589614868,True
5a84dd955542997b5ce3ff79,"Cadmium Chloride is slightly soluble in this chemical, it is also called what?",alcohol,bridge,medium,Dense,2,D001,D001_C003,Cadmium chloride,"Although it is considered to be ionic, it has considerable covalent character to its bonding.",0.7820820808410645,False
5a84dd955542997b5ce3ff79,"Cadmium Chloride is slightly soluble in this chemical, it is also called what?",alcohol,bridge,medium,Dense,3,D001,D001_C005,Cadmium chloride,Also known are CdCl•HO and CdCl•5HO.,0.7517629861831665,False
5a84dd955542997b5ce3ff79,"Cadmium Chloride is slightly soluble in this chemical, it is also called what?",alcohol,bridge,medium,Dense,4,D001,D001_C001,Cadmium chloride,"Cadmium chloride is a white crystalline compound of cadmium and chlorine, with the formula CdCl.",0.7383489608764648,False
5a84dd955542997b5ce3ff79,"Cadmium Chloride is slightly soluble in this chemical, it is also called what?",alcohol,bridge,medium,Dense,5,D001,D001_C004,Cadmium chloride,"The crystal structure of cadmium chloride (described below), composed of two-dimensional layers of ions, is a reference for describing other crystal structures.",0.6957426071166992,False
5a7e36045542991319bc9440,"Which tennis player won more Grand Slam titles, Henri Leconte or Jonathan Stark?",Jonathan Stark,comparison,medium,Dense,1,D006,D006_C002,Jonathan Stark (tennis),During his career he won two Grand Slam doubles titles (the 1994 French Open Men's Doubles and the 1995 Wimbledon Championships Mixed Doubles).,0.7235764861106873,True
5a7e36045542991319bc9440,"Which tennis player won more Grand Slam titles, Henri Leconte or Jonathan Stark?",Jonathan Stark,comparison,medium,Dense,2,D003,D003_C001,Henri Leconte,Henri Leconte (born 4 July 1963) is a former French professional tennis player.,0.6899741888046265,False
5a7e36045542991319bc9440,"Which tennis player won more Grand Slam titles, Henri Leconte or Jonathan Stark?",Jonathan Stark,comparison,medium,Dense,3,D006,D006_C003,Jonathan Stark (tennis),Stark reached the World No. 1 doubles ranking in 1994.,0.6691035032272339,False
5a7e36045542991319bc9440,"Which tennis player won more Grand Slam titles, Henri Leconte or Jonathan Stark?",Jonathan Stark,comparison,medium,Dense,4,D006,D006_C001,Jonathan Stark (tennis),"Jonathan Stark (born April 3, 1971) is a former professional tennis player from the United States.",0.6371307373046875,True
5a7e36045542991319bc9440,"Which tennis player won more Grand Slam titles, Henri Leconte or Jonathan Stark?",Jonathan Stark,comparison,medium,Dense,5,D008,D008_C002,Ken Rosewall,He won a record 23 tennis Majors including 8 Grand Slam singles titles and before the Open Era a record 15 Pro Slam titles and a record 35 Major finals overall.,0.6196449995040894,False
5adf44985542993a75d2646d,Which genus of moth in the world's seventh-largest country contains only one species?,Crambidae,bridge,hard,Dense,1,D009,D009_C002,Eumacaria,"It contains only one species, Eumacaria madopata, the brown-bordered geometer moth, which is found in North America, where it has been recorded from British Columbia, northern Washington, southern Saskatchewan, from Maine to Florida, South Dakota, North Dakota, Nebraska, Wyoming, Idaho, Colorado and New Mexico.",0.6015060544013977,False
5adf44985542993a75d2646d,Which genus of moth in the world's seventh-largest country contains only one species?,Crambidae,bridge,hard,Dense,2,D010,D010_C002,Nymphuliella,"It contains only one species, Nymphuliella daeckealis, the China Mark Moth, which is found from New Jersey south to Florida and west to Colorado.",0.5891466736793518,False
5adf44985542993a75d2646d,Which genus of moth in the world's seventh-largest country contains only one species?,Crambidae,bridge,hard,Dense,3,D009,D009_C001,Eumacaria,Eumacaria is a genus of moth in the family Geometridae.,0.5531741976737976,False
5adf44985542993a75d2646d,Which genus of moth in the world's seventh-largest country contains only one species?,Crambidae,bridge,hard,Dense,4,D007,D007_C001,Parectropis,Parectropis is a genus in the geometer moth family (Geometridae).,0.543973445892334,False
5adf44985542993a75d2646d,Which genus of moth in the world's seventh-largest country contains only one species?,Crambidae,bridge,hard,Dense,5,D003,D003_C002,Eutrapela,"It contains only one species, Eutrapela clemataria, the curve-toothed geometer moth or purplish-brown looper, which is found in North America, where it has been recorded from Nova Scotia to Florida, west to Texas and north to Saskatchewan.",0.53795325756073,False
5a832c3455429954d2e2ec41,"Who was once considered the best kick boxer in the world, however he has been involved in a number of controversies relating to his ""unsportsmanlike conducts"" in the sport and crimes of violence outside of the ring.",Badr Hari,bridge,easy,Dense,1,D005,D005_C003,Badr Hari,"Hari has been a prominent figure in the world of kickboxing and was once considered the best kickboxer in the world, however he has been involved in a number of controversies relating to his ""unsportsmanlike conducts"" in the sport and crimes of violence outside of the ring.",0.7537099123001099,True
5a832c3455429954d2e2ec41,"Who was once considered the best kick boxer in the world, however he has been involved in a number of controversies relating to his ""unsportsmanlike conducts"" in the sport and crimes of violence outside of the ring.",Badr Hari,bridge,easy,Dense,2,D007,D007_C003,Global Fighting Championship,It was considered as one of the biggest kickboxing and MMA promotion in Middle East.,0.5542961359024048,True
5a832c3455429954d2e2ec41,"Who was once considered the best kick boxer in the world, however he has been involved in a number of controversies relating to his ""unsportsmanlike conducts"" in the sport and crimes of violence outside of the ring.",Badr Hari,bridge,easy,Dense,3,D005,D005_C001,Badr Hari,"Badr Hari (Arabic: بدر هاري‎ ‎ ; born 8 December 1984) is a Moroccan-Dutch super heavyweight kickboxer from Amsterdam, fighting out of Mike's Gym in Oostzaan.",0.4548046588897705,True
5a832c3455429954d2e2ec41,"Who was once considered the best kick boxer in the world, however he has been involved in a number of controversies relating to his ""unsportsmanlike conducts"" in the sport and crimes of violence outside of the ring.",Badr Hari,bridge,easy,Dense,4,D007,D007_C002,Global Fighting Championship,"Fighters from around world on the roster include Badr Hari, Peter Aerts, Peter Graham, Dewey Cooper, Zabit Samedov.",0.4312096834182739,True
5a832c3455429954d2e2ec41,"Who was once considered the best kick boxer in the world, however he has been involved in a number of controversies relating to his ""unsportsmanlike conducts"" in the sport and crimes of violence outside of the ring.",Badr Hari,bridge,easy,Dense,5,D005,D005_C002,Badr Hari,"He is a former K-1 Heavyweight champion (2007—2008), It's Showtime Heavyweight world champion (2009-2010) and ""K-1 World Grand Prix 2009"" finalist.",0.3780374825000763,False
5a7d0db955429909bec76924,"The Dutch-Belgian television series that ""House of Anubis"" was based on first aired in what year?",2006,bridge,medium,Dense,1,D001,D001_C001,House of Anubis,"House of Anubis is a mystery television series developed for Nickelodeon based on the Dutch-Belgian television series ""Het Huis Anubis"".",0.7433064579963684,True
5a7d0db955429909bec76924,"The Dutch-Belgian television series that ""House of Anubis"" was based on first aired in what year?",2006,bridge,medium,Dense,2,D001,D001_C002,House of Anubis,The series was created by Hans Bourlon and Gert Verhulst and premiered on Nickelodeon on 1 January 2011 in the United States and on 25 February 2011 in the United Kingdom.,0.7029141783714294,False
5a7d0db955429909bec76924,"The Dutch-Belgian television series that ""House of Anubis"" was based on first aired in what year?",2006,bridge,medium,Dense,3,D009,D009_C001,Het Huis Anubis,"Het Huis Anubis (""The House of Anubis"") is a Belgian-Dutch children's television drama created by Studio 100 and Nickelodeon, airing in the Netherlands and Flanders.",0.696178674697876,False
5a7d0db955429909bec76924,"The Dutch-Belgian television series that ""House of Anubis"" was based on first aired in what year?",2006,bridge,medium,Dense,4,D001,D001_C004,House of Anubis,The show aired from 1 January 2011 to 17 June 2013.,0.6696670055389404,False
5a7d0db955429909bec76924,"The Dutch-Belgian television series that ""House of Anubis"" was based on first aired in what year?",2006,bridge,medium,Dense,5,D001,D001_C003,House of Anubis,The series is the first series from the network to be filmed outside the United States and the first telenovela-format series for the network.,0.6588921546936035,False
5a89372855429951533612e6,What is the length of the track where the 2013 Liqui Moly Bathurst 12 Hour was staged?,6.213 km long,bridge,hard,Dense,1,D008,D008_C002,2015 Liqui Moly Bathurst 12 Hour,"The event, which was staged at the Mount Panorama Circuit, near Bathurst, in New South Wales, Australia on 8 February 2015, was the thirteenth running of the Bathurst 12 Hour.",0.6994328498840332,False
5a89372855429951533612e6,What is the length of the track where the 2013 Liqui Moly Bathurst 12 Hour was staged?,6.213 km long,bridge,hard,Dense,2,D005,D005_C002,2016 Liqui Moly Bathurst 12 Hour,"The event, which was staged at the Mount Panorama Circuit, near Bathurst, in New South Wales, Australia on 7 February 2016, was the fourteenth running of the Bathurst 12 Hour.",0.6986513137817383,False
5a89372855429951533612e6,What is the length of the track where the 2013 Liqui Moly Bathurst 12 Hour was staged?,6.213 km long,bridge,hard,Dense,3,D007,D007_C002,2013 Liqui Moly Bathurst 12 Hour,"The event, which was staged at the Mount Panorama Circuit, near Bathurst, in New South Wales, Australia on 10 February 2013, was the eleventh running of the Bathurst 12 Hour.",0.6976341009140015,True
5a89372855429951533612e6,What is the length of the track where the 2013 Liqui Moly Bathurst 12 Hour was staged?,6.213 km long,bridge,hard,Dense,4,D010,D010_C002,2014 Liqui Moly Bathurst 12 Hour,"The event, which was staged at the Mount Panorama Circuit, near Bathurst, in New South Wales, Australia on 9 February 2014, was the twelfth running of the Bathurst 12 Hour.",0.6904534101486206,False
5a89372855429951533612e6,What is the length of the track where the 2013 Liqui Moly Bathurst 12 Hour was staged?,6.213 km long,bridge,hard,Dense,5,D007,D007_C001,2013 Liqui Moly Bathurst 12 Hour,"The 2013 Liqui Moly Bathurst 12 Hour was an endurance race for a variety of GT and touring car classes, including: GT3 cars, GT4 cars, Group 3E Series Production Cars and Dubai 24 Hour cars.",0.6537477374076843,True
5abd90545542996e802b47d7,"Fast Cars, Danger, Fire and Knives includes guest appearances from which hip hop record executive?",Jaime Meline,bridge,medium,Dense,1,D007,D007_C001,"Fast Cars, Danger, Fire and Knives","Fast Cars, Danger, Fire and Knives is an EP by American hip hop artist Aesop Rock.",0.6072313785552979,False
5abd90545542996e802b47d7,"Fast Cars, Danger, Fire and Knives includes guest appearances from which hip hop record executive?",Jaime Meline,bridge,medium,Dense,2,D007,D007_C002,"Fast Cars, Danger, Fire and Knives","Released via the Definitive Jux label on February 22, 2005, the record is produced by Blockhead and Aesop Rock himself, with the former producing three tracks and the latter producing four, with one track produced by Rob Sonic.",0.5862407684326172,False
5abd90545542996e802b47d7,"Fast Cars, Danger, Fire and Knives includes guest appearances from which hip hop record executive?",Jaime Meline,bridge,medium,Dense,3,D007,D007_C003,"Fast Cars, Danger, Fire and Knives","Vocals are handled by Aesop Rock, with guest appearances from Camu Tao and Metro of S.A. Smash and Definitive Jux label head El-P.",0.5844042897224426,True
5abd90545542996e802b47d7,"Fast Cars, Danger, Fire and Knives includes guest appearances from which hip hop record executive?",Jaime Meline,bridge,medium,Dense,4,D007,D007_C004,"Fast Cars, Danger, Fire and Knives",All scratches are performed by DJ Big Wiz.,0.5347495079040527,False
5abd90545542996e802b47d7,"Fast Cars, Danger, Fire and Knives includes guest appearances from which hip hop record executive?",Jaime Meline,bridge,medium,Dense,5,D002,D002_C002,El-P,"Originally a member of Company Flow, El-P has been a major driving force in alternative hip hop for more than two decades, producing for several notable rappers such as Aesop Rock, Mr. Lif, and Cage, among others.",0.4485899806022644,False
5aba66c855429939ce03dcdb,"Gunmen from Laredo starred which narrator of ""Frontier""?",Walter Darwin Coy,bridge,medium,Dense,1,D005,D005_C001,Gunmen from Laredo,"Gunmen from Laredo is a 1959 American western film produced and directed by Wallace MacDonald, which stars Robert Knapp, Maureen Hingert, and Walter Coy.",0.6609870195388794,True
5aba66c855429939ce03dcdb,"Gunmen from Laredo starred which narrator of ""Frontier""?",Walter Darwin Coy,bridge,medium,Dense,2,D007,D007_C007,Frontier Texas!,The narrator in the theater is actor-artist Buck Taylor from Fort Worth.,0.6367669105529785,False
5aba66c855429939ce03dcdb,"Gunmen from Laredo starred which narrator of ""Frontier""?",Walter Darwin Coy,bridge,medium,Dense,3,D007,D007_C006,Frontier Texas!,"Visitors see depictions of buffalo hunters, Comanche warriors, explorers, and pioneers in the theatre called the ""Century of Adventure"", 1780-1880.",0.5298048257827759,False
5aba66c855429939ce03dcdb,"Gunmen from Laredo starred which narrator of ""Frontier""?",Walter Darwin Coy,bridge,medium,Dense,4,D001,D001_C006,Louis Stevens (writer),"Stevens' final screenplay was for ""Flaming Frontier"" in 1958, although he did some work on additional dialogue for the 1959 film, ""Desert Desperadoes"".",0.5002261996269226,False
5aba66c855429939ce03dcdb,"Gunmen from Laredo starred which narrator of ""Frontier""?",Walter Darwin Coy,bridge,medium,Dense,5,D008,D008_C002,Walter Coy,"He was best known for narrating the NBC western anthology series, ""Frontier"", which aired early Sunday evenings in the 1955–1956 season.",0.486024409532547,True
5a7722d655429966f1a36c99,Where did the form of music played by Die Rhöner Säuwäntzt originate?,United States,bridge,medium,Dense,1,D009,D009_C001,Die Rhöner Säuwäntzt,"Die Rhöner Säuwäntzt are a Skiffle-Bluesband from Eichenzell-Lütter in Hessen, Germany.",0.6901441216468811,True
5a7722d655429966f1a36c99,Where did the form of music played by Die Rhöner Säuwäntzt originate?,United States,bridge,medium,Dense,2,D009,D009_C002,Die Rhöner Säuwäntzt,"The line-up consists of Martin Caba, Christoph Günther and Christoph Leipold playing Skiffle-Blues with lyrics based on Rhön Mountains dialect and other Hessian dialects varieties.",0.6287932991981506,False
5a7722d655429966f1a36c99,Where did the form of music played by Die Rhöner Säuwäntzt originate?,United States,bridge,medium,Dense,3,D009,D009_C003,Die Rhöner Säuwäntzt,"The expression ""Säuwäntzt"" means pork belly and refers also to untidy or unruly children and youth.",0.5718221664428711,False
5a7722d655429966f1a36c99,Where did the form of music played by Die Rhöner Säuwäntzt originate?,United States,bridge,medium,Dense,4,D007,D007_C003,Kantrum,"In its purest form, cho-kantrum, singers, percussion and fiddles dominate the sound.",0.4076414108276367,False
5a7722d655429966f1a36c99,Where did the form of music played by Die Rhöner Säuwäntzt originate?,United States,bridge,medium,Dense,5,D002,D002_C002,Bubu music,"The music was originally used in witchcraft ceremonies, but later it turned into a popular religious processional style played during Ramadan.",0.3533174395561218,False
5ade025e5542997dc790711e,In which American football game was Malcolm Smith named Most Valuable player?,Super Bowl XLVIII,bridge,easy,Dense,1,D002,D002_C004,Malcolm Smith (American football),Smith was named the Most Valuable Player of Super Bowl XLVIII after they defeated the Denver Broncos.,0.8141523599624634,True
5ade025e5542997dc790711e,In which American football game was Malcolm Smith named Most Valuable player?,Super Bowl XLVIII,bridge,easy,Dense,2,D002,D002_C002,Malcolm Smith (American football),Smith played college football at USC.,0.7324714064598083,False
5ade025e5542997dc790711e,In which American football game was Malcolm Smith named Most Valuable player?,Super Bowl XLVIII,bridge,easy,Dense,3,D002,D002_C003,Malcolm Smith (American football),He was drafted by the Seattle Seahawks in the seventh round of the 2011 NFL Draft.,0.6536588668823242,False
5ade025e5542997dc790711e,In which American football game was Malcolm Smith named Most Valuable player?,Super Bowl XLVIII,bridge,easy,Dense,4,D002,D002_C001,Malcolm Smith (American football),"Malcolm Xavier Smith (born July 5, 1989) is an American football linebacker for the San Francisco 49ers of the National Football League (NFL).",0.6249802112579346,False
5ade025e5542997dc790711e,In which American football game was Malcolm Smith named Most Valuable player?,Super Bowl XLVIII,bridge,easy,Dense,5,D005,D005_C008,Steve Clark (American football),Just recently Steve was named to the top 100 greatest players in the history of the University of Utah actually being named 9th best of All-Time.,0.6071614027023315,False
5ab381b155429969a97a816b,"What U.S Highway gives access to Zilpo Road, and is also known as Midland Trail?",US 60,bridge,hard,Dense,1,D001,D001_C004,Zilpo Road,"It follows FSR 918, which is a two lane paved road suitable for all motor vehicles and is usually open throughout the year.",0.6392899751663208,False
5ab381b155429969a97a816b,"What U.S Highway gives access to Zilpo Road, and is also known as Midland Trail?",US 60,bridge,hard,Dense,2,D001,D001_C001,Zilpo Road,"Zilpo Road is a National Forest Scenic Byway in the forested hills of eastern Kentucky, United States.",0.619587779045105,False
5ab381b155429969a97a816b,"What U.S Highway gives access to Zilpo Road, and is also known as Midland Trail?",US 60,bridge,hard,Dense,3,D001,D001_C002,Zilpo Road,"The nine mile byway starts south of Morehead, Kentucky and can be accessed by U.S. Highway 60.",0.6016187071800232,True
5ab381b155429969a97a816b,"What U.S Highway gives access to Zilpo Road, and is also known as Midland Trail?",US 60,bridge,hard,Dense,4,D001,D001_C003,Zilpo Road,The byway travels through the Daniel Boone National Forest and ends on the western shore of Cave Run Lake at the Zilpo Recreation Area.,0.5902482271194458,False
5ab381b155429969a97a816b,"What U.S Highway gives access to Zilpo Road, and is also known as Midland Trail?",US 60,bridge,hard,Dense,5,D003,D003_C002,Peterman Hill,The road was originally known as Midland Trail and later U.S. 60 alternate until 1964 when it reverted to county maintenance.,0.5611095428466797,False
5ae0d91e55429924de1b7198,"The 1988 American comedy film, The Great Outdoors, starred a four-time Academy Award nominee, who received a star on the Hollywood Walk of Fame in what year?",2006,bridge,medium,Dense,1,D009,D009_C001,The Great Outdoors (film),"The Great Outdoors is a 1988 American comedy film directed by Howard Deutch, and written and produced by John Hughes.",0.7094113230705261,True
5ae0d91e55429924de1b7198,"The 1988 American comedy film, The Great Outdoors, starred a four-time Academy Award nominee, who received a star on the Hollywood Walk of Fame in what year?",2006,bridge,medium,Dense,2,D009,D009_C002,The Great Outdoors (film),"It stars Dan Aykroyd, John Candy, Stephanie Faracy and Annette Bening in her film debut.",0.5926158428192139,True
5ae0d91e55429924de1b7198,"The 1988 American comedy film, The Great Outdoors, starred a four-time Academy Award nominee, who received a star on the Hollywood Walk of Fame in what year?",2006,bridge,medium,Dense,3,D004,D004_C005,Annette Bening,"In 2006, she received a star on the Hollywood Walk of Fame.",0.4937441051006317,True
5ae0d91e55429924de1b7198,"The 1988 American comedy film, The Great Outdoors, starred a four-time Academy Award nominee, who received a star on the Hollywood Walk of Fame in what year?",2006,bridge,medium,Dense,4,D007,D007_C007,Kevin Bacon,"In 2003, Bacon received a star on the Hollywood Walk of Fame for his contributions to the motion pictures industry.",0.4585239589214325,False
5ae0d91e55429924de1b7198,"The 1988 American comedy film, The Great Outdoors, starred a four-time Academy Award nominee, who received a star on the Hollywood Walk of Fame in what year?",2006,bridge,medium,Dense,5,D006,D006_C001,List of stars on the Hollywood Walk of Fame,The following is a list of the stars' actual locations on the Hollywood Walk of Fame.,0.439113974571228,False
5ac2a5d455429921a00ab01b,What are the names of the current members of  American heavy metal band who wrote the music for  Hurt Locker The Musical? ,"Hetfield and Ulrich, longtime lead guitarist Kirk Hammett, and bassist Robert Trujillo.",bridge,easy,Dense,1,D002,D002_C004,Hurt Locker (musical),"The Playbills, which describe the musical as having ""explosions, negligible storytelling, camouflage and tits"", also state that the musical's cast included actors such as Taye Diggs (who would go on to play the role of Hedwig in the summer of 2015) and that the music was written by Metallica and Stephen R. Schwartz, which is the real name of ""Hedwig"" songwriter Stephen Trask.",0.662029504776001,True
5ac2a5d455429921a00ab01b,What are the names of the current members of  American heavy metal band who wrote the music for  Hurt Locker The Musical? ,"Hetfield and Ulrich, longtime lead guitarist Kirk Hammett, and bassist Robert Trujillo.",bridge,easy,Dense,2,D010,D010_C004,Metallica,"Guitarist Dave Mustaine (who went on to form Megadeth) and bassists Ron McGovney, Cliff Burton, and Jason Newsted are also former members of the band.",0.5360299348831177,False
5ac2a5d455429921a00ab01b,What are the names of the current members of  American heavy metal band who wrote the music for  Hurt Locker The Musical? ,"Hetfield and Ulrich, longtime lead guitarist Kirk Hammett, and bassist Robert Trujillo.",bridge,easy,Dense,3,D010,D010_C003,Metallica,"Metallica's current lineup comprises founding members Hetfield and Ulrich, longtime lead guitarist Kirk Hammett, and bassist Robert Trujillo.",0.5018944144248962,True
5ac2a5d455429921a00ab01b,What are the names of the current members of  American heavy metal band who wrote the music for  Hurt Locker The Musical? ,"Hetfield and Ulrich, longtime lead guitarist Kirk Hammett, and bassist Robert Trujillo.",bridge,easy,Dense,4,D002,D002_C001,Hurt Locker (musical),"Hurt Locker The Musical is a fictional musical in the 2014 Broadway premiere production of ""Hedwig and the Angry Inch"".",0.4789302349090576,False
5ac2a5d455429921a00ab01b,What are the names of the current members of  American heavy metal band who wrote the music for  Hurt Locker The Musical? ,"Hetfield and Ulrich, longtime lead guitarist Kirk Hammett, and bassist Robert Trujillo.",bridge,easy,Dense,5,D010,D010_C001,Metallica,"Metallica is an American heavy metal band based in San Rafael, California.",0.46864554286003113,False
5adc1309554299438c868d3b,"Human Error"" is the season finale of the third season of a tv show that aired on what network?",Fox,bridge,medium,Dense,1,D004,D004_C001,Human Error (House),"""Human Error"" is the twenty-fourth episode and season finale of the third season of ""House"" and the seventieth episode overall.",0.7740466594696045,True
5adc1309554299438c868d3b,"Human Error"" is the season finale of the third season of a tv show that aired on what network?",Fox,bridge,medium,Dense,2,D001,D001_C003,My Finale,"However, the episode was billed as the ""Scrubs finale"" as at the time of airing it was unknown whether this would be the series finale or the season finale.",0.5099515914916992,False
5adc1309554299438c868d3b,"Human Error"" is the season finale of the third season of a tv show that aired on what network?",Fox,bridge,medium,Dense,3,D001,D001_C005,My Finale,"As the show underwent many changes for the ninth and final season, this is the last episode in which all of the main cast appear as series regulars.",0.4824114143848419,False
5adc1309554299438c868d3b,"Human Error"" is the season finale of the third season of a tv show that aired on what network?",Fox,bridge,medium,Dense,4,D002,D002_C004,Desperate Housewives (season 2),"In addition, three clip shows were produced for the season, in order to put the previous events of the show in perspective. """,0.45168203115463257,False
5adc1309554299438c868d3b,"Human Error"" is the season finale of the third season of a tv show that aired on what network?",Fox,bridge,medium,Dense,5,D001,D001_C002,My Finale,"It was originally broadcast as episodes 18 and 19 of season eight on May 6, 2009, and was intended to be the series finale during production.",0.4475330710411072,False
5a83168855429966c78a6b2e,"Dua Lipa, an English singer, songwriter and model, the album spawned the number-one single ""New Rules"" is a song by English singer Dua Lipa from her eponymous debut studio album, released in what year?",2017,bridge,easy,Dense,1,D009,D009_C001,New Rules (song),"""New Rules"" is a song by English singer Dua Lipa from her eponymous debut studio album (2017).",0.9482341408729553,True
5a83168855429966c78a6b2e,"Dua Lipa, an English singer, songwriter and model, the album spawned the number-one single ""New Rules"" is a song by English singer Dua Lipa from her eponymous debut studio album, released in what year?",2017,bridge,easy,Dense,2,D002,D002_C007,Dua Lipa,"The album spawned seven singles, including the top-10 single ""Be the One"" and the number-one single ""New Rules"".",0.7945252656936646,False
5a83168855429966c78a6b2e,"Dua Lipa, an English singer, songwriter and model, the album spawned the number-one single ""New Rules"" is a song by English singer Dua Lipa from her eponymous debut studio album, released in what year?",2017,bridge,easy,Dense,3,D008,D008_C001,Dua Lipa (album),Dua Lipa is the debut studio album by English singer Dua Lipa.,0.7400241494178772,False
5a83168855429966c78a6b2e,"Dua Lipa, an English singer, songwriter and model, the album spawned the number-one single ""New Rules"" is a song by English singer Dua Lipa from her eponymous debut studio album, released in what year?",2017,bridge,easy,Dense,4,D009,D009_C003,New Rules (song),It was released to contemporary hit radio in the United Kingdom on 21 July 2017 as the album's sixth single.,0.7140199542045593,False
5a83168855429966c78a6b2e,"Dua Lipa, an English singer, songwriter and model, the album spawned the number-one single ""New Rules"" is a song by English singer Dua Lipa from her eponymous debut studio album, released in what year?",2017,bridge,easy,Dense,5,D002,D002_C006,Dua Lipa,Her self-titled debut studio album was released on 2 June 2017.,0.7132446765899658,True
5ab698885542995eadef002a,"American politician Joe Heck ran unsuccessfully against Democrat Catherine Cortez Masto, a woman who previously served as the 32nd Attorney General of where?",Nevada,bridge,easy,Dense,1,D005,D005_C003,Joe Heck,He ran unsuccessfully against Democrat Catherine Cortez Masto in the general election for the open Nevada United States Senate seat in 2016.,0.8022599816322327,True
5ab698885542995eadef002a,"American politician Joe Heck ran unsuccessfully against Democrat Catherine Cortez Masto, a woman who previously served as the 32nd Attorney General of where?",Nevada,bridge,easy,Dense,2,D004,D004_C003,Catherine Cortez Masto,She previously served as the 32nd Attorney General of Nevada from 2007 to 2015.,0.659421980381012,True
5ab698885542995eadef002a,"American politician Joe Heck ran unsuccessfully against Democrat Catherine Cortez Masto, a woman who previously served as the 32nd Attorney General of where?",Nevada,bridge,easy,Dense,3,D004,D004_C002,Catherine Cortez Masto,She is a member of the Democratic Party.,0.6220848560333252,False
5ab698885542995eadef002a,"American politician Joe Heck ran unsuccessfully against Democrat Catherine Cortez Masto, a woman who previously served as the 32nd Attorney General of where?",Nevada,bridge,easy,Dense,4,D004,D004_C001,Catherine Cortez Masto,"Catherine Marie Cortez Masto (born March 29, 1964) is an American attorney and politician who is the junior United States Senator from Nevada.",0.5878856778144836,False
5ab698885542995eadef002a,"American politician Joe Heck ran unsuccessfully against Democrat Catherine Cortez Masto, a woman who previously served as the 32nd Attorney General of where?",Nevada,bridge,easy,Dense,5,D005,D005_C004,Joe Heck,"In the same year, Heck made headlines by joining a long list of Republicans who opposed the GOP nominee for President, Donald Trump.",0.5838996767997742,False
5ab345db55429969a97a8122,"Which state does the drug stores, of which the CEO is Warren Bryant, are located?",Hawaii,bridge,medium,Dense,1,D008,D008_C001,Warren Bryant,Warren Bryant was the CEO of Longs Drugs Store Corporation out of California prior to the retail chain's acquisition by CVS/Caremark.,0.7000166177749634,True
5ab345db55429969a97a8122,"Which state does the drug stores, of which the CEO is Warren Bryant, are located?",Hawaii,bridge,medium,Dense,2,D008,D008_C003,Warren Bryant,", a retail grocery chain, from 1999 to 2002.",0.6588391661643982,False
5ab345db55429969a97a8122,"Which state does the drug stores, of which the CEO is Warren Bryant, are located?",Hawaii,bridge,medium,Dense,3,D008,D008_C004,Warren Bryant,"Prior to that, from 1996 to 1999, he was President and Chief Executive Officer of Dillon Companies, Inc., a retail grocery chain and subsidiary of The Kroger Co.",0.5982903242111206,False
5ab345db55429969a97a8122,"Which state does the drug stores, of which the CEO is Warren Bryant, are located?",Hawaii,bridge,medium,Dense,4,D008,D008_C005,Warren Bryant,He is also a director of OfficeMax Incorporated.,0.5762835741043091,False
5ab345db55429969a97a8122,"Which state does the drug stores, of which the CEO is Warren Bryant, are located?",Hawaii,bridge,medium,Dense,5,D001,D001_C003,USA Drug,"Its headquarters are still located in Pine Bluff with additional offices in Little Rock, Arkansas, Tulsa, Oklahoma, and Memphis, Tennessee.",0.5285060405731201,False
5adf732a5542993a75d264e9,Which  American politician did Donahue replaced ,Kelli Ward,bridge,easy,Dense,1,D005,D005_C001,Sue Donahue,Sue Donahue is an American politician.,0.7081889510154724,False
5adf732a5542993a75d264e9,Which  American politician did Donahue replaced ,Kelli Ward,bridge,easy,Dense,2,D005,D005_C004,Sue Donahue,Donahue did not run for re-election in 2016 and was replaced by Sonny Borrelli.,0.64454185962677,False
5adf732a5542993a75d264e9,Which  American politician did Donahue replaced ,Kelli Ward,bridge,easy,Dense,3,D009,D009_C001,Dan Donahue,Daniel M. Donahue is an American politician serving in the Massachusetts House of Representatives since September 2013.,0.6288308501243591,False
5adf732a5542993a75d264e9,Which  American politician did Donahue replaced ,Kelli Ward,bridge,easy,Dense,4,D005,D005_C002,Sue Donahue,Donahue was appointed in 2016 to serve in the Arizona State Senate representing the fifth legislative district as a member of the Republican Party.,0.6120507717132568,False
5adf732a5542993a75d264e9,Which  American politician did Donahue replaced ,Kelli Ward,bridge,easy,Dense,5,D009,D009_C002,Dan Donahue,He is a Worcester resident and a member of the Democratic Party.,0.5731277465820312,False
5ac2a912554299218029dae8,"Which band was founded first, Hole, the rock band that Courtney Love was a frontwoman of, or The Wolfhounds?",The Wolfhounds,comparison,medium,Dense,1,D010,D010_C003,Courtney Love,"She rose to prominence as the frontwoman of the alternative rock band Hole, which she formed in 1989.",0.7337238788604736,True
5ac2a912554299218029dae8,"Which band was founded first, Hole, the rock band that Courtney Love was a frontwoman of, or The Wolfhounds?",The Wolfhounds,comparison,medium,Dense,2,D010,D010_C001,Courtney Love,"Courtney Michelle Love (born Courtney Michelle Harrison; July 9, 1964) is an American singer, songwriter, actress, and visual artist.",0.5692541599273682,True
5ac2a912554299218029dae8,"Which band was founded first, Hole, the rock band that Courtney Love was a frontwoman of, or The Wolfhounds?",The Wolfhounds,comparison,medium,Dense,3,D005,D005_C001,The Wolfhounds,"The Wolfhounds are an indie pop/noise pop band formed in Romford, UK in 1985 by Dave Callahan, Paul Clark, Andy Golding, Andy Bolton and Frank Stebbing, and originally active until 1990.",0.5496867895126343,True
5ac2a912554299218029dae8,"Which band was founded first, Hole, the rock band that Courtney Love was a frontwoman of, or The Wolfhounds?",The Wolfhounds,comparison,medium,Dense,4,D005,D005_C002,The Wolfhounds,"The band reformed in 2005 and continues to write, record and play live, releasing new albums in 2014 and 2016.",0.5303709506988525,False
5ac2a912554299218029dae8,"Which band was founded first, Hole, the rock band that Courtney Love was a frontwoman of, or The Wolfhounds?",The Wolfhounds,comparison,medium,Dense,5,D010,D010_C004,Courtney Love,"Love has drawn public attention for her uninhibited live performances and confrontational lyrics, as well as her highly publicized personal life following her marriage to Kurt Cobain.",0.5137195587158203,False
5a7272eb5542997f827839d7,How old is the female main protagonist of Catching Fire?,16-year-old,bridge,medium,Dense,1,D001,D001_C001,Catching Fire,"Catching Fire is a 2009 science fiction young adult novel by the American novelist Suzanne Collins, the second book in ""The Hunger Games trilogy"".",0.4926750361919403,True
5a7272eb5542997f827839d7,How old is the female main protagonist of Catching Fire?,16-year-old,bridge,medium,Dense,2,D001,D001_C002,Catching Fire,"As the sequel to the 2008 bestseller ""The Hunger Games"", it continues the story of Katniss Everdeen and the post-apocalyptic nation of Panem.",0.4412271976470947,False
5a7272eb5542997f827839d7,How old is the female main protagonist of Catching Fire?,16-year-old,bridge,medium,Dense,3,D008,D008_C006,The Hunger Games: Catching Fire,"The plot of ""Catching Fire"" takes place a few months after the previous installment; Katniss Everdeen and fellow District 12 tribute Peeta Mellark have returned home safely after winning the 74th Annual Hunger Games.",0.42764806747436523,False
5a7272eb5542997f827839d7,How old is the female main protagonist of Catching Fire?,16-year-old,bridge,medium,Dense,4,D004,D004_C005,To Heart 2,"Its story centers on the male protagonist Takaaki Kouno, and focuses on the appeal of the female main characters.",0.4088417887687683,False
5a7272eb5542997f827839d7,How old is the female main protagonist of Catching Fire?,16-year-old,bridge,medium,Dense,5,D008,D008_C001,The Hunger Games: Catching Fire,"The Hunger Games: Catching Fire is a 2013 American dystopian science fiction adventure film based on Suzanne Collins' dystopian novel, ""Catching Fire"" (2009), the second installment in ""The Hunger Games"" trilogy.",0.39541101455688477,False
5ac2c3545542990b17b1548b,Chang Ucchin was born in korea during a time that ended with the conclusion of what? ,World War II,bridge,medium,Dense,1,D010,D010_C002,Chang Ucchin,Chang was born when Korea was still under Japanese colonial rule.,0.8210365772247314,True
5ac2c3545542990b17b1548b,Chang Ucchin was born in korea during a time that ended with the conclusion of what? ,World War II,bridge,medium,Dense,2,D010,D010_C001,Chang Ucchin,Chang Ucchin (26 November 1917 – 27 December 1990) is one of the representatives of modern Korean fine art.,0.7331851720809937,False
5ac2c3545542990b17b1548b,Chang Ucchin was born in korea during a time that ended with the conclusion of what? ,World War II,bridge,medium,Dense,3,D009,D009_C002,Chang Yong-hak,Chang was born in Hamyeong Buk-do in what is now North Korea.,0.6762701272964478,False
5ac2c3545542990b17b1548b,Chang Ucchin was born in korea during a time that ended with the conclusion of what? ,World War II,bridge,medium,Dense,4,D008,D008_C002,Chang Mi-hee,"She was born Lee Yun-hui in Seoul, South Korea in 1957.",0.6528617143630981,False
5ac2c3545542990b17b1548b,Chang Ucchin was born in korea during a time that ended with the conclusion of what? ,World War II,bridge,medium,Dense,5,D009,D009_C001,Chang Yong-hak,Chang Yong-hak (25 April 1921 – 31 August 1999) was a Korean writer.,0.6275618672370911,False
5ae3b4d05542992f92d82349,Who is the director of the 2003 film which has scenes in it filmed at the Quality Cafe in Los Angeles?,Todd Phillips,bridge,hard,Dense,1,D010,D010_C002,Quality Cafe (diner),"The restaurant ceased to function as a diner in late 2006 but has appeared as a location featured in a number of Hollywood films, including ""Training Day"", ""Old School"", ""Se7en"", ""Ghost World"", ""Gone in 60 Seconds"", ""The Stepfather"", ""What's Love Got to Do with It"", ""Sex and Death 101"", and ""Catch Me If You Can.""",0.5549955368041992,True
5ae3b4d05542992f92d82349,Who is the director of the 2003 film which has scenes in it filmed at the Quality Cafe in Los Angeles?,Todd Phillips,bridge,hard,Dense,2,D007,D007_C001,Quality Cafe,"Quality Cafe is the name of two different former locations in Downtown Los Angeles, California.",0.5260124206542969,False
5ae3b4d05542992f92d82349,Who is the director of the 2003 film which has scenes in it filmed at the Quality Cafe in Los Angeles?,Todd Phillips,bridge,hard,Dense,3,D010,D010_C001,Quality Cafe (diner),"The Quality Cafe (also known as Quality Diner) is a now-defunct diner at 1236 West 7th Street in Los Angeles, California.",0.4862140417098999,True
5ae3b4d05542992f92d82349,Who is the director of the 2003 film which has scenes in it filmed at the Quality Cafe in Los Angeles?,Todd Phillips,bridge,hard,Dense,4,D002,D002_C003,Good Life Cafe,The film featured a number of hip hop artists discussing the importance of the Good Life Cafe to themselves and the hip hop scene.,0.46214550733566284,False
5ae3b4d05542992f92d82349,Who is the director of the 2003 film which has scenes in it filmed at the Quality Cafe in Los Angeles?,Todd Phillips,bridge,hard,Dense,5,D002,D002_C002,Good Life Cafe,"In 2008, director Ava DuVernay, who had performed at the cafe with the Figures of Speech hip hop group, released a documentary about the cafe, ""This Is The Life"".",0.4456157684326172,False
5a76a401554299373536012b,"New Faces of 1952 is a musical revue with songs and comedy skits, it helped jump start the career of which young performer, and American actress?",Carol Lawrence,bridge,easy,Dense,1,D003,D003_C001,New Faces of 1952,New Faces of 1952 is a musical revue with songs and comedy skits.,0.9232727289199829,False
5a76a401554299373536012b,"New Faces of 1952 is a musical revue with songs and comedy skits, it helped jump start the career of which young performer, and American actress?",Carol Lawrence,bridge,easy,Dense,2,D003,D003_C002,New Faces of 1952,It ran on Broadway for nearly a year in 1952 and was then made into a motion picture in 1954.,0.7797836065292358,False
5a76a401554299373536012b,"New Faces of 1952 is a musical revue with songs and comedy skits, it helped jump start the career of which young performer, and American actress?",Carol Lawrence,bridge,easy,Dense,3,D007,D007_C001,New Faces (film),"New Faces is a 1954 American film adaptation of the musical revue ""New Faces of 1952"" directed by Harry Horner and sketches directed by John Beal.",0.727274477481842,False
5a76a401554299373536012b,"New Faces of 1952 is a musical revue with songs and comedy skits, it helped jump start the career of which young performer, and American actress?",Carol Lawrence,bridge,easy,Dense,4,D003,D003_C003,New Faces of 1952,"It helped jump start the careers of several young performers including Paul Lynde, Alice Ghostley, Eartha Kitt, Robert Clary, Carol Lawrence, Ronny Graham, performer/writer Mel Brooks (as Melvin Brooks), and lyricist Sheldon Harnick.",0.6490117311477661,True
5a76a401554299373536012b,"New Faces of 1952 is a musical revue with songs and comedy skits, it helped jump start the career of which young performer, and American actress?",Carol Lawrence,bridge,easy,Dense,5,D007,D007_C002,New Faces (film),"Filmed in Cinemascope and Eastmancolor it was released by Twentieth Century Fox on March 6, 1954.",0.5354094505310059,False
5ae3918b5542994393b9e709,Were Pavel Urysohn and Leonid Levin known for the same type of work?,no,comparison,medium,Dense,1,D007,D007_C001,Leonid Levin,"Leonid Anatolievich Levin ( ; Russian: Леони́д Анато́льевич Ле́вин ; Ukrainian: Леоні́д Анато́лійович Ле́він ; born November 2, 1948) is a Soviet-American computer scientist.",0.6157656908035278,True
5ae3918b5542994393b9e709,Were Pavel Urysohn and Leonid Levin known for the same type of work?,no,comparison,medium,Dense,2,D005,D005_C003,Tony Levin,Levin is best known for his work with King Crimson and Peter Gabriel.,0.5319695472717285,False
5ae3918b5542994393b9e709,Were Pavel Urysohn and Leonid Levin known for the same type of work?,no,comparison,medium,Dense,3,D005,D005_C004,Tony Levin,"He was also a member of Liquid Tension Experiment, Bruford Levin Upper Extremities, ProjeKct One, and ProjeKct Four.",0.5199519395828247,False
5ae3918b5542994393b9e709,Were Pavel Urysohn and Leonid Levin known for the same type of work?,no,comparison,medium,Dense,4,D010,D010_C001,Leonid Bunimovich,"Leonid Bunimovich is a Soviet and American mathematician, who specializes in dynamical systems.",0.5045362710952759,False
5ae3918b5542994393b9e709,Were Pavel Urysohn and Leonid Levin known for the same type of work?,no,comparison,medium,Dense,5,D006,D006_C004,Gabriel Levin,"Levin's work has appeared in numerous literary magazines, including PN Review, The Times Literary Supplement, the Chicago Review, Raritan and Parnassus.",0.49461859464645386,False
5a8efd3c55429918e830d179,Are both The New Pornographers and Kings of Leon American rock bands?,no,comparison,hard,Dense,1,D003,D003_C001,Kings of Leon,"Kings of Leon is an American rock band that formed in Nashville, Tennessee, in 1999.",0.6113026142120361,True
5a8efd3c55429918e830d179,Are both The New Pornographers and Kings of Leon American rock bands?,no,comparison,hard,Dense,2,D010,D010_C001,The New Pornographers,"The New Pornographers is a Canadian indie rock band formed in 1997 in Vancouver, British Columbia.",0.5852712392807007,True
5a8efd3c55429918e830d179,Are both The New Pornographers and Kings of Leon American rock bands?,no,comparison,hard,Dense,3,D010,D010_C002,The New Pornographers,"Presented as a musical collective of singer-songwriters and musicians from multiple projects, the band has released seven studio albums to critical acclaim for their use of multiple vocalists and elements of power pop incorporated into their music.",0.5547622442245483,False
5a8efd3c55429918e830d179,Are both The New Pornographers and Kings of Leon American rock bands?,no,comparison,hard,Dense,4,D003,D003_C002,Kings of Leon,"The band is composed of brothers Caleb Followill (b. January 14, 1982, lead vocals, rhythm guitar), Nathan Followill (b. June 26, 1979, drums, percussion, backing vocals) and Jared Followill (b. November 20, 1986, bass guitar, backing vocals), with their cousin Matthew Followill (b. September 10, 1984, lead guitar, backing vocals).",0.5312570333480835,False
5a8efd3c55429918e830d179,Are both The New Pornographers and Kings of Leon American rock bands?,no,comparison,hard,Dense,5,D002,D002_C003,A. C. Newman,"Following the breakup of those bands, he reemerged as the leader of the New Pornographers in 2000, a band who have enjoyed commercial and critical success.",0.5062415599822998,False
5a8b63755542997f31a41cfe,"750 7th Avenue and 101 Park Avenue, are located in which city?",New York City,comparison,easy,Dense,1,D004,D004_C006,750 7th Avenue,It is tied with the New York Life Building for the 74th tallest building in New York City.,0.7250074744224548,False
5a8b63755542997f31a41cfe,"750 7th Avenue and 101 Park Avenue, are located in which city?",New York City,comparison,easy,Dense,2,D004,D004_C001,750 7th Avenue,750 Seventh Avenue is a 615 ft (187m) tall Class-A office skyscraper in New York City.,0.7238209247589111,True
5a8b63755542997f31a41cfe,"750 7th Avenue and 101 Park Avenue, are located in which city?",New York City,comparison,easy,Dense,3,D004,D004_C002,750 7th Avenue,It was completed in 1989 in the postmodern style and has 36 floors.,0.631926417350769,False
5a8b63755542997f31a41cfe,"750 7th Avenue and 101 Park Avenue, are located in which city?",New York City,comparison,easy,Dense,4,D002,D002_C001,101 Park Avenue,"101 Park Avenue is a 629 ft tall skyscraper in New York City, New York.",0.6312123537063599,True
5a8b63755542997f31a41cfe,"750 7th Avenue and 101 Park Avenue, are located in which city?",New York City,comparison,easy,Dense,5,D002,D002_C002,101 Park Avenue,It was completed in 1979 to 1982 and has 49 floors.,0.6176929473876953,False
5ac15df95542994d76dccded,"Which actress played the part of fictitious character Kimberly Ann Hart, in the franchise built around a live action superhero television series taking much of its footage from the Japanese tokusatsu 'Super Sentai'?",Amy Jo Johnson,bridge,easy,Dense,1,D010,D010_C001,Kimberly Hart,"Kimberly Ann Hart is a fictitious character in the ""Power Rangers"" universe.",0.8029043674468994,True
5ac15df95542994d76dccded,"Which actress played the part of fictitious character Kimberly Ann Hart, in the franchise built around a live action superhero television series taking much of its footage from the Japanese tokusatsu 'Super Sentai'?",Amy Jo Johnson,bridge,easy,Dense,2,D010,D010_C002,Kimberly Hart,"Played by actress Amy Jo Johnson during the first three seasons of the show, plus on the two feature films of the franchise, Kimberly has the longest tenure of any female ranger in the series' history, and fourth overall.",0.6607075333595276,True
5ac15df95542994d76dccded,"Which actress played the part of fictitious character Kimberly Ann Hart, in the franchise built around a live action superhero television series taking much of its footage from the Japanese tokusatsu 'Super Sentai'?",Amy Jo Johnson,bridge,easy,Dense,3,D010,D010_C003,Kimberly Hart,"She is possibly the best remembered as the first Pink Ranger and first Pink Ninja Ranger from the first entry of the franchise ""Mighty Morphin Power Rangers"".",0.6457703709602356,False
5ac15df95542994d76dccded,"Which actress played the part of fictitious character Kimberly Ann Hart, in the franchise built around a live action superhero television series taking much of its footage from the Japanese tokusatsu 'Super Sentai'?",Amy Jo Johnson,bridge,easy,Dense,4,D010,D010_C004,Kimberly Hart,Kimberly was the Pink Ranger for nearly three years before she was written off the show as having given up her powers for good to Zordon's new alumna Katherine Hillard.,0.6338640451431274,False
5ac15df95542994d76dccded,"Which actress played the part of fictitious character Kimberly Ann Hart, in the franchise built around a live action superhero television series taking much of its footage from the Japanese tokusatsu 'Super Sentai'?",Amy Jo Johnson,bridge,easy,Dense,5,D006,D006_C002,Super Sentai,"The shows are of the ""tokusatsu"" genre, featuring live action characters and colorful special effects, and are aimed at children.",0.5442267656326294,False
5a7a02235542996c55b2dcd3,"Who was born first, Pablo Trapero or Aleksander Ford?",Aleksander Ford,comparison,hard,Dense,1,D003,D003_C001,Pablo Trapero,"Pablo Trapero (Born 4 October 1971) is an Argentine film producer, editor and director.",0.5553562641143799,True
5a7a02235542996c55b2dcd3,"Who was born first, Pablo Trapero or Aleksander Ford?",Aleksander Ford,comparison,hard,Dense,2,D009,D009_C001,Aleksander Ford,"Aleksander Ford (born Mosze Lifszyc; 24 November 1908 in Kiev, Russian Empire – 4 April 1980 in Naples, Florida, United States) was a Polish Jewish film director; and head of the Polish People's Army Film Crew in the Soviet Union during World War II.",0.48980507254600525,True
5a7a02235542996c55b2dcd3,"Who was born first, Pablo Trapero or Aleksander Ford?",Aleksander Ford,comparison,hard,Dense,3,D004,D004_C002,El Bonaerense,It was directed and produced by Pablo Trapero.,0.3734736144542694,False
5a7a02235542996c55b2dcd3,"Who was born first, Pablo Trapero or Aleksander Ford?",Aleksander Ford,comparison,hard,Dense,4,D007,D007_C002,Familia rodante,"The film's executive producers were Hugo Castro Fau and Martina Gusman, and it was produced by Pablo Trapero, Robert Bevan, and Donald Ranvaud.",0.36544016003608704,False
5a7a02235542996c55b2dcd3,"Who was born first, Pablo Trapero or Aleksander Ford?",Aleksander Ford,comparison,hard,Dense,5,D009,D009_C002,Aleksander Ford,Ford became director of the nationalized Film Polski company following the Red Army occupation of Poland.,0.2979416251182556,False
5ac061ab554299294b218fac,Are Jane and First for Women both women's magazines?,yes,comparison,medium,Dense,1,D002,D002_C002,First for Women,The magazine was started in 1989.,0.6888201236724854,False
5ac061ab554299294b218fac,Are Jane and First for Women both women's magazines?,yes,comparison,medium,Dense,2,D003,D003_C002,Jane (magazine),"Its original target audience (pitched to advertisers) was aged 18–34, and was designed to appeal to women who did not like the typical women's magazine format.",0.6795778274536133,False
5ac061ab554299294b218fac,Are Jane and First for Women both women's magazines?,yes,comparison,medium,Dense,3,D003,D003_C001,Jane (magazine),"Jane was an American magazine created to appeal to the women who grew up reading ""Sassy Magazine""; Jane Pratt was the founding editor of each.",0.675825834274292,True
5ac061ab554299294b218fac,Are Jane and First for Women both women's magazines?,yes,comparison,medium,Dense,4,D002,D002_C001,First for Women,First for Women is a woman's magazine published by Bauer Media Group in the USA.,0.6494437456130981,True
5ac061ab554299294b218fac,Are Jane and First for Women both women's magazines?,yes,comparison,medium,Dense,5,D003,D003_C003,Jane (magazine),"Pratt originally intended the magazine to be named ""Betty"", but she was voted down by everyone else involved in the making of the magazine.",0.5874770879745483,False
5ab5a2f85542997d4ad1f197,What profession does Nicholas Ray and Elia Kazan have in common?,director,comparison,medium,Dense,1,D003,D003_C001,Elia Kazan,"Elia Kazan (born Elias Kazantzoglou September 7, 1909 – September 28, 2003) was a Greek-American director, producer, writer and actor, described by ""The New York Times"" as ""one of the most honored and influential directors in Broadway and Hollywood history"".",0.554046094417572,True
5ab5a2f85542997d4ad1f197,What profession does Nicholas Ray and Elia Kazan have in common?,director,comparison,medium,Dense,2,D009,D009_C004,Maya Kazan,She is the granddaughter of film director Elia Kazan and playwright Molly Kazan.,0.5473113059997559,False
5ab5a2f85542997d4ad1f197,What profession does Nicholas Ray and Elia Kazan have in common?,director,comparison,medium,Dense,3,D005,D005_C002,A Letter to Elia,"Made from clips from films, stills, readings from Kazan's autobiography, a speech he wrote on directing read by Elias Koteas, a videotaped interview done late in Kazan's life, and Scorsese's commentary on and off screen.",0.543980062007904,False
5ab5a2f85542997d4ad1f197,What profession does Nicholas Ray and Elia Kazan have in common?,director,comparison,medium,Dense,4,D009,D009_C003,Maya Kazan,She is the daughter of screenwriters Nicholas Kazan and Robin Swicord.,0.5327982306480408,False
5ab5a2f85542997d4ad1f197,What profession does Nicholas Ray and Elia Kazan have in common?,director,comparison,medium,Dense,5,D004,D004_C001,Art &amp; Gadg,"Art & Gadg is an original radio play by Gregory Evans about the relationship between Arthur Miller (Art) and Elia Kazan (Gadg short for gadget, a nickname of Kazan).",0.5317550301551819,False
5abd7ca05542993062266cab,Where is the company that purchased Aixam based in?,"Roseau, Minnesota, USA",bridge,medium,Dense,1,D002,D002_C001,Aixam,"Aixam-Mega is a French automobile manufacturer based in Aix-les-Bains, Savoie.",0.7058234214782715,False
5abd7ca05542993062266cab,Where is the company that purchased Aixam based in?,"Roseau, Minnesota, USA",bridge,medium,Dense,2,D002,D002_C003,Aixam,"On April 11, 2013, US based Polaris Industries announced that it had acquired Aixam-Mega.",0.6933110952377319,True
5abd7ca05542993062266cab,Where is the company that purchased Aixam based in?,"Roseau, Minnesota, USA",bridge,medium,Dense,3,D002,D002_C002,Aixam,It was founded in 1983 to make microcars following the acquisition of Arola.,0.5645527839660645,False
5abd7ca05542993062266cab,Where is the company that purchased Aixam based in?,"Roseau, Minnesota, USA",bridge,medium,Dense,4,D003,D003_C002,Arola (microcar),Arola became part of the Aixam group in 1983.,0.5070019364356995,False
5abd7ca05542993062266cab,Where is the company that purchased Aixam based in?,"Roseau, Minnesota, USA",bridge,medium,Dense,5,D006,D006_C002,Murco Petroleum,It was set up by Murphy Oil Corporation in 1960.,0.3963978886604309,False
5a8ce5c7554299441c6b9f64,"Which documentary is about Finnish rock groups, Adam Clayton Powell or The Saimaa Gesture?",The Saimaa Gesture,comparison,medium,Dense,1,D009,D009_C002,The Saimaa Gesture,It is a documentary of three Finnish rock groups aboard the steamboat SS Heinävesi on their tour around Lake Saimaa.,0.6726711988449097,True
5a8ce5c7554299441c6b9f64,"Which documentary is about Finnish rock groups, Adam Clayton Powell or The Saimaa Gesture?",The Saimaa Gesture,comparison,medium,Dense,2,D002,D002_C002,Adam Clayton Powell (film),It was nominated for an Academy Award for Best Documentary Feature.,0.5342648029327393,False
5a8ce5c7554299441c6b9f64,"Which documentary is about Finnish rock groups, Adam Clayton Powell or The Saimaa Gesture?",The Saimaa Gesture,comparison,medium,Dense,3,D002,D002_C001,Adam Clayton Powell (film),Adam Clayton Powell is a 1989 American documentary film directed by Richard Kilberg about the civil rights leader.,0.5178533792495728,True
5a8ce5c7554299441c6b9f64,"Which documentary is about Finnish rock groups, Adam Clayton Powell or The Saimaa Gesture?",The Saimaa Gesture,comparison,medium,Dense,4,D009,D009_C001,The Saimaa Gesture,"The Saimaa Gesture (Finnish: ""Saimaa-ilmiö"" ) is a 1981 film by Finnish directors Aki and Mika Kaurismäki.",0.4844001233577728,True
5a8ce5c7554299441c6b9f64,"Which documentary is about Finnish rock groups, Adam Clayton Powell or The Saimaa Gesture?",The Saimaa Gesture,comparison,medium,Dense,5,D004,D004_C002,Adam Clayton Powell IV,He was a member of the New York State Assembly from 2001 to 2010.,0.4449418783187866,False
5a81ff1d554299676cceb1c3,"Who was inducted into the Rock and Roll Hall of Fame, David Lee Roth or Cia Berg?",David Lee Roth,comparison,medium,Dense,1,D008,D008_C002,David Lee Roth,"In 2007, he was inducted into the Rock and Roll Hall of Fame.",0.819259762763977,True
5a81ff1d554299676cceb1c3,"Who was inducted into the Rock and Roll Hall of Fame, David Lee Roth or Cia Berg?",David Lee Roth,comparison,medium,Dense,2,D009,D009_C001,David Lee Roth discography,David Lee Roth is an American rock music singer.,0.6709547638893127,False
5a81ff1d554299676cceb1c3,"Who was inducted into the Rock and Roll Hall of Fame, David Lee Roth or Cia Berg?",David Lee Roth,comparison,medium,Dense,3,D008,D008_C001,David Lee Roth,"David Lee Roth (born October 10, 1954) is an American rock vocalist, musician, songwriter, actor, author, and former radio personality.",0.6704146265983582,True
5a81ff1d554299676cceb1c3,"Who was inducted into the Rock and Roll Hall of Fame, David Lee Roth or Cia Berg?",David Lee Roth,comparison,medium,Dense,4,D009,D009_C003,David Lee Roth discography,"Of his eight albums, four have been certified Gold or higher by the Recording Industry Association of America. """,0.5883834958076477,False
5a81ff1d554299676cceb1c3,"Who was inducted into the Rock and Roll Hall of Fame, David Lee Roth or Cia Berg?",David Lee Roth,comparison,medium,Dense,5,D002,D002_C001,The David Lee Roth Band,"The David Lee Roth Band was an American rock and roll band, formed in Pasadena, California in 1985 by Van Halen frontman David Lee Roth.",0.5858107805252075,False
5ae732685542991e8301cbc3,Zimbabwe's Guwe Secondary School has a sister school in what New York cunty?,Nassau County,bridge,medium,Dense,1,D008,D008_C001,Guwe Secondary School,Guwe Secondary School is located in Zimbabwe.,0.8042230606079102,False
5ae732685542991e8301cbc3,Zimbabwe's Guwe Secondary School has a sister school in what New York cunty?,Nassau County,bridge,medium,Dense,2,D008,D008_C002,Guwe Secondary School,"It has a sister school in Carle Place, New York, United States.",0.7087849378585815,True
5ae732685542991e8301cbc3,Zimbabwe's Guwe Secondary School has a sister school in what New York cunty?,Nassau County,bridge,medium,Dense,3,D001,D001_C001,Inyathi High School,"Inyathi High School (formerly, Inyathi Secondary School and prior to that Inyathi Mission) holds the distinction of being the oldest formal educational institution of any kind in Zimbabwe.",0.5867437124252319,False
5ae732685542991e8301cbc3,Zimbabwe's Guwe Secondary School has a sister school in what New York cunty?,Nassau County,bridge,medium,Dense,4,D001,D001_C005,Inyathi High School,"Inyathi High School is a boarding co-educational secondary school in Inyathi, Zimbabwe designed along the lines of the traditional British Boarding Public School System (without the attendant social implications).",0.5706663131713867,False
5ae732685542991e8301cbc3,Zimbabwe's Guwe Secondary School has a sister school in what New York cunty?,Nassau County,bridge,medium,Dense,5,D001,D001_C002,Inyathi High School,Inyathi High School stands out in the history of Zimbabwe as having been amongst the first places in modern-day Zimbabwe to have seen the dawn of Western Civilization within the region.,0.5630848407745361,False
5a8a2ebc5542996c9b8d5e33,"The Royal Commission into Drug Trafficking (1977–1979) or Woodward Royal Commission was a royal commission initiated by the New South Wales Government to investigate drug trafficking in New South Wales, Australia, especially links between the New South Wales Police and Mafia, The Honoured Society, is a Calabrian 'Ndrangheta criminal confederation, started in Melbourne and currently active in all of which country?  ",Australia,bridge,easy,Dense,1,D002,D002_C001,Royal Commission into Drug Trafficking,"The Royal Commission into Drug Trafficking (1977–1979) or Woodward Royal Commission was a royal commission initiated by the New South Wales Government to investigate drug trafficking in New South Wales, Australia, especially links between the Mafia and New South Wales Police and the disappearance of anti-marijuana campaigner Donald Mackay.",0.9278137683868408,True
5a8a2ebc5542996c9b8d5e33,"The Royal Commission into Drug Trafficking (1977–1979) or Woodward Royal Commission was a royal commission initiated by the New South Wales Government to investigate drug trafficking in New South Wales, Australia, especially links between the New South Wales Police and Mafia, The Honoured Society, is a Calabrian 'Ndrangheta criminal confederation, started in Melbourne and currently active in all of which country?  ",Australia,bridge,easy,Dense,2,D007,D007_C001,Royal Commission of Inquiry into Drug Trafficking,"The Royal Commission of Inquiry into Drug Trafficking (1981–1983), also known as the Stewart Royal Commission, was a Royal Commission set up in 1981 by the Commonwealth, Queensland, New South Wales and Victorian governments to inquire into various drug trafficking and related criminal activities of Terence John Clark and his associates.",0.7623329758644104,False
5a8a2ebc5542996c9b8d5e33,"The Royal Commission into Drug Trafficking (1977–1979) or Woodward Royal Commission was a royal commission initiated by the New South Wales Government to investigate drug trafficking in New South Wales, Australia, especially links between the New South Wales Police and Mafia, The Honoured Society, is a Calabrian 'Ndrangheta criminal confederation, started in Melbourne and currently active in all of which country?  ",Australia,bridge,easy,Dense,3,D008,D008_C001,Chelmsford Royal Commission,"The Chelmsford Royal Commission (1988–1990), chaired by Justice John Patrick Slattery, was established by the New South Wales state government, ostensibly to investigate mental health services in The state.",0.5387008190155029,False
5a8a2ebc5542996c9b8d5e33,"The Royal Commission into Drug Trafficking (1977–1979) or Woodward Royal Commission was a royal commission initiated by the New South Wales Government to investigate drug trafficking in New South Wales, Australia, especially links between the New South Wales Police and Mafia, The Honoured Society, is a Calabrian 'Ndrangheta criminal confederation, started in Melbourne and currently active in all of which country?  ",Australia,bridge,easy,Dense,4,D007,D007_C002,Royal Commission of Inquiry into Drug Trafficking,"However, the Commission would spend much of its time examining how criminals were using and abusing the passport system for criminal purposes.",0.5301640629768372,False
5a8a2ebc5542996c9b8d5e33,"The Royal Commission into Drug Trafficking (1977–1979) or Woodward Royal Commission was a royal commission initiated by the New South Wales Government to investigate drug trafficking in New South Wales, Australia, especially links between the New South Wales Police and Mafia, The Honoured Society, is a Calabrian 'Ndrangheta criminal confederation, started in Melbourne and currently active in all of which country?  ",Australia,bridge,easy,Dense,5,D009,D009_C001,Robert Trimbole,"Bruno Robert Trimbole (19 March 1931 – 12 May 1987) was an Australian businessman, drug baron and organised crime boss whose was alleged involvement in drug trafficking in the Griffith, New South Wales area, which according to popular loose fiction series Underbelly: Tale of Two Cities, led to a royal commission, a Coroner's inquest and an international chase by the Australian Government seeking his apprehension after he travelled overseas visiting Europe.",0.5227788686752319,False
5add28c85542992ae4cec4be,"The 337th Flight Test Squadron (337 FLTS) was most recently part of the 46th Test Wing and based at McClellan Air Force Base, a former United States Air Force base located in the North Highlands area of Sacramento County, in which US state?",California,bridge,easy,Dense,1,D006,D006_C001,337th Flight Test Squadron,"The 337th Flight Test Squadron (337 FLTS) was most recently part of the 46th Test Wing and based at McClellan Air Force Base, California.",0.8929044008255005,True
5add28c85542992ae4cec4be,"The 337th Flight Test Squadron (337 FLTS) was most recently part of the 46th Test Wing and based at McClellan Air Force Base, a former United States Air Force base located in the North Highlands area of Sacramento County, in which US state?",California,bridge,easy,Dense,2,D008,D008_C001,McClellan Air Force Base,"McClellan Air Force Base (1935–2001) is a former United States Air Force base located in the North Highlands area of Sacramento County, 7 mi northeast of Sacramento, California.",0.7142660617828369,True
5add28c85542992ae4cec4be,"The 337th Flight Test Squadron (337 FLTS) was most recently part of the 46th Test Wing and based at McClellan Air Force Base, a former United States Air Force base located in the North Highlands area of Sacramento County, in which US state?",California,bridge,easy,Dense,3,D005,D005_C001,586th Flight Test Squadron,"The 586th Flight Test Squadron (586 FLTS) is part of the 96th Test Wing based at Holloman Air Force Base, New Mexico.",0.6614786386489868,False
5add28c85542992ae4cec4be,"The 337th Flight Test Squadron (337 FLTS) was most recently part of the 46th Test Wing and based at McClellan Air Force Base, a former United States Air Force base located in the North Highlands area of Sacramento County, in which US state?",California,bridge,easy,Dense,4,D009,D009_C002,417th Flight Test Squadron,"It was last assigned to the 412th Operations Group at Edwards Air Force Base, California, where it was inactivated on 14 February 2012.",0.6461559534072876,False
5add28c85542992ae4cec4be,"The 337th Flight Test Squadron (337 FLTS) was most recently part of the 46th Test Wing and based at McClellan Air Force Base, a former United States Air Force base located in the North Highlands area of Sacramento County, in which US state?",California,bridge,easy,Dense,5,D006,D006_C002,337th Flight Test Squadron,It performed depot acceptance testing until being inactivated with the closure of McClellan AFB on 13 July 2001.,0.6383107900619507,False
5a7d90195542991319bc93cf,The axial turbojet Pirna 014 was designed by engineers from this German aircraft and aircraft engine manufacturer based in which city?,Dessau,bridge,medium,Dense,1,D008,D008_C001,Pirna 014,"The Pirna 014 was an axial turbojet designed in East Germany (or the GDR) in the mid- to late 1950s by former Junkers engineers, who were repatriated to East Germany in 1954 after being held in custody in the Soviet Union following World War II.",0.7772136330604553,True
5a7d90195542991319bc93cf,The axial turbojet Pirna 014 was designed by engineers from this German aircraft and aircraft engine manufacturer based in which city?,Dessau,bridge,medium,Dense,2,D004,D004_C003,BMW R32,BMW initially turned to industrial engine design and manufacturing.,0.42746680974960327,False
5a7d90195542991319bc93cf,The axial turbojet Pirna 014 was designed by engineers from this German aircraft and aircraft engine manufacturer based in which city?,Dessau,bridge,medium,Dense,3,D002,D002_C003,History of BMW,Aircraft engine manufacturer Rapp Motorenwerke became Bayerische Motorenwerke in 1916.,0.4108848571777344,False
5a7d90195542991319bc93cf,The axial turbojet Pirna 014 was designed by engineers from this German aircraft and aircraft engine manufacturer based in which city?,Dessau,bridge,medium,Dense,4,D009,D009_C002,Stratus 2000,The company specialized in the design and manufacture of engines based on Subaru automotive engines for homebuilt aircraft.,0.4107677936553955,False
5a7d90195542991319bc93cf,The axial turbojet Pirna 014 was designed by engineers from this German aircraft and aircraft engine manufacturer based in which city?,Dessau,bridge,medium,Dense,5,D006,D006_C002,D-Motor,The company specializes in the design and manufacture of aircraft engines for homebuilt and ultralight aircraft.,0.40590593218803406,False
5abe3f9455429976d4830aaa,"Which faith is designated to the University of Providence, private university accredited by the NW association of Schools and Colleges and located in a third largest city in Montana after being passed by Missoula? ",Roman Catholic,bridge,easy,Dense,1,D009,D009_C002,University of Providence,The university is accredited by the Northwest Association of Schools and Colleges.,0.6583214998245239,True
5abe3f9455429976d4830aaa,"Which faith is designated to the University of Providence, private university accredited by the NW association of Schools and Colleges and located in a third largest city in Montana after being passed by Missoula? ",Roman Catholic,bridge,easy,Dense,2,D009,D009_C001,University of Providence,"The University of Providence (UP) (renamed from University of Great Falls in July 2017), is a private Roman Catholic university located in Great Falls, Montana within the Diocese of Great Falls–Billings.",0.5856783390045166,True
5abe3f9455429976d4830aaa,"Which faith is designated to the University of Providence, private university accredited by the NW association of Schools and Colleges and located in a third largest city in Montana after being passed by Missoula? ",Roman Catholic,bridge,easy,Dense,3,D009,D009_C003,University of Providence,"The University's mission ""is to provide students with the opportunity to obtain a liberal education for living and for making a living.""",0.5676910877227783,False
5abe3f9455429976d4830aaa,"Which faith is designated to the University of Providence, private university accredited by the NW association of Schools and Colleges and located in a third largest city in Montana after being passed by Missoula? ",Roman Catholic,bridge,easy,Dense,4,D004,D004_C002,New Providence High School,The school has been accredited by the Middle States Association of Colleges and Schools Commission on Secondary Schools since 1965.,0.5520468950271606,False
5abe3f9455429976d4830aaa,"Which faith is designated to the University of Providence, private university accredited by the NW association of Schools and Colleges and located in a third largest city in Montana after being passed by Missoula? ",Roman Catholic,bridge,easy,Dense,5,D001,D001_C005,"Missoula, Montana","Missoula is home to the University of Montana, a public research university.",0.5256443023681641,False
5abee5e25542994516f45473,Pauline Henry was known as the vocalist of a very popular cover song. Which album was this song from?,The Joshua Tree,bridge,medium,Dense,1,D008,D008_C001,Pauline Henry,Pauline Henry (born 29 January 1961) is a British Jamaican recording artist.,0.7400040030479431,True
5abee5e25542994516f45473,Pauline Henry was known as the vocalist of a very popular cover song. Which album was this song from?,The Joshua Tree,bridge,medium,Dense,2,D008,D008_C003,Pauline Henry,"Following her departure from the group, Henry embarked on a solo career, and achieved five UK top 40 singles between 1993 and 1996.",0.6574697494506836,False
5abee5e25542994516f45473,Pauline Henry was known as the vocalist of a very popular cover song. Which album was this song from?,The Joshua Tree,bridge,medium,Dense,3,D008,D008_C002,Pauline Henry,"She was the vocalist in the Scottish band The Chimes, best known for their 1990 cover version of U2's ""I Still Haven't Found What I'm Looking For"", between 1988 and 1991.",0.58538818359375,True
5abee5e25542994516f45473,Pauline Henry was known as the vocalist of a very popular cover song. Which album was this song from?,The Joshua Tree,bridge,medium,Dense,4,D005,D005_C002,The Chimes (Scottish band),"Pauline Henry (born in Jamaica) with Mike Peden and James Locke from Edinburgh, in Scotland.",0.49336257576942444,False
5abee5e25542994516f45473,Pauline Henry was known as the vocalist of a very popular cover song. Which album was this song from?,The Joshua Tree,bridge,medium,Dense,5,D004,D004_C002,The Chimes (album),"Featuring singer Pauline Henry on vocals, the album includes their cover of U2's ""I Still Haven't Found What I'm Looking For"", which reached number 6 in the UK Singles Chart, along with their other Top 40 hit ""Heaven"", which reached number 24.",0.4777761995792389,False
5ae78ec5554299540e5a5605,Guitars for Wounded Warriors is an album that was recorded in the village in which New York county?,Ulster County,bridge,hard,Dense,1,D003,D003_C001,Guitars for Wounded Warriors,"Guitars for Wounded Warriors is the sixth solo studio album by guitarist Brian Tarquin, released in August 2014 by Cleopatra Records.",0.8019498586654663,False
5ae78ec5554299540e5a5605,Guitars for Wounded Warriors is an album that was recorded in the village in which New York county?,Ulster County,bridge,hard,Dense,2,D003,D003_C003,Guitars for Wounded Warriors,"All tracks were recorded at Tarquin's Jungle Room Studios in New Paltz (village), New York.",0.7745087146759033,True
5ae78ec5554299540e5a5605,Guitars for Wounded Warriors is an album that was recorded in the village in which New York county?,Ulster County,bridge,hard,Dense,3,D003,D003_C006,Guitars for Wounded Warriors,"The entire album was engineered, produced and composed by Tarquin especially for each one of the guest guitarists.",0.7539278268814087,False
5ae78ec5554299540e5a5605,Guitars for Wounded Warriors is an album that was recorded in the village in which New York county?,Ulster County,bridge,hard,Dense,4,D003,D003_C004,Guitars for Wounded Warriors,Being moved by the lack of support for returning veterans through his life Tarquin decided to compose a heavy instrumental rock album as a way to show his appreciation to all veterans.,0.7098082304000854,False
5ae78ec5554299540e5a5605,Guitars for Wounded Warriors is an album that was recorded in the village in which New York county?,Ulster County,bridge,hard,Dense,5,D003,D003_C002,Guitars for Wounded Warriors,"In 2016, it received a Best Compilation Album nomination by the Independent Music Awards.",0.7069200873374939,False
5a760a5f554299109176e629,"What American country music singer-songwriter, born in May of 1942, sang a duet with her ex-husband the same year that he released the song ""The Battle?""",Tammy Wynette,bridge,medium,Dense,1,D010,D010_C001,The Battle (George Jones song),"""The Battle"" is a song by American country music artist George Jones.",0.5516639351844788,True
5a760a5f554299109176e629,"What American country music singer-songwriter, born in May of 1942, sang a duet with her ex-husband the same year that he released the song ""The Battle?""",Tammy Wynette,bridge,medium,Dense,2,D010,D010_C006,The Battle (George Jones song),"Meanwhile, the single ""Golden Ring,"" a duet with his estranged ex-wife Tammy Wynette, became a #1 hit that same year.",0.5459612607955933,True
5a760a5f554299109176e629,"What American country music singer-songwriter, born in May of 1942, sang a duet with her ex-husband the same year that he released the song ""The Battle?""",Tammy Wynette,bridge,medium,Dense,3,D010,D010_C002,The Battle (George Jones song),"It was composed by Norro Wilson, George Richey, and Linda Kimball and became the title track of Jones' 1976 LP.",0.5419211387634277,False
5a760a5f554299109176e629,"What American country music singer-songwriter, born in May of 1942, sang a duet with her ex-husband the same year that he released the song ""The Battle?""",Tammy Wynette,bridge,medium,Dense,4,D010,D010_C003,The Battle (George Jones song),"The song uses war as a metaphor in describing an argument and eventual reconciliation between a couple, with the woman emerging victorious and the narrator exclaiming, ""Oh, what a sweet surrender!""",0.5213418006896973,False
5a760a5f554299109176e629,"What American country music singer-songwriter, born in May of 1942, sang a duet with her ex-husband the same year that he released the song ""The Battle?""",Tammy Wynette,bridge,medium,Dense,5,D003,D003_C001,Tammy Wynette,"Tammy Wynette (born Virginia Wynette Pugh; May 5, 1942 – April 6, 1998) was an American country music singer-songwriter and one of country music's best-known artists and biggest-selling female singers.",0.5093173980712891,True
5a7a52745542996c55b2dd4f,"Who was born first, Francis Nethersole or Elizabeth Stuart?",Sir Francis Nethersole,bridge,hard,Dense,1,D004,D004_C001,Francis Nethersole,"Sir Francis Nethersole (1587–1659) was an English diplomat, secretary to the Electress Elizabeth, Member of Parliament for Corfe Castle, Dorset, and a Civil War political pamphleteer.",0.6187295913696289,True
5a7a52745542996c55b2dd4f,"Who was born first, Francis Nethersole or Elizabeth Stuart?",Sir Francis Nethersole,bridge,hard,Dense,2,D001,D001_C001,"James Stuart, 3rd Earl of Moray","James Stuart, 3rd Earl of Moray (1581 – 6 August 1638) was the son of James Stewart, 2nd Earl of Moray and Elizabeth Stuart, 2nd Countess of Moray.",0.5164080858230591,False
5a7a52745542996c55b2dd4f,"Who was born first, Francis Nethersole or Elizabeth Stuart?",Sir Francis Nethersole,bridge,hard,Dense,3,D003,D003_C003,"Margaret Howard, Countess of Nottingham","She was the daughter of James Stewart, 2nd Earl of Moray, and Elizabeth Stuart, 2nd Countess of Moray.",0.5080645084381104,False
5a7a52745542996c55b2dd4f,"Who was born first, Francis Nethersole or Elizabeth Stuart?",Sir Francis Nethersole,bridge,hard,Dense,4,D006,D006_C001,"Elizabeth Stuart, Queen of Bohemia",Elizabeth Stuart (19 August 1596 – 13 February 1662) was Electress of the Palatinate and briefly Queen of Bohemia as the wife of Frederick V of the Palatinate.,0.5002480745315552,True
5a7a52745542996c55b2dd4f,"Who was born first, Francis Nethersole or Elizabeth Stuart?",Sir Francis Nethersole,bridge,hard,Dense,5,D010,D010_C002,Philip Howard (cardinal),"Born the third son of Henry Frederick Howard (afterwards Earl of Arundel and Surrey and head of the House of Norfolk) and his wife, Elizabeth Stuart (daughter of Esme Stuart, the Duke of Lennox), Howard was a member of the premier Catholic family in England.",0.49727877974510193,False
5ac1f7f355429964131be2ae,What does the Hacker-Pschorr Brewery have to limit in order to comply with German regulations?,ingredients in beer,bridge,hard,Dense,1,D001,D001_C001,Hacker-Pschorr Brewery,"Hacker-Pschorr is a brewery in Munich, formed in 1972 out of the merger of two breweries, Hacker and Pschorr.",0.6353352665901184,True
5ac1f7f355429964131be2ae,What does the Hacker-Pschorr Brewery have to limit in order to comply with German regulations?,ingredients in beer,bridge,hard,Dense,2,D001,D001_C002,Hacker-Pschorr Brewery,"Hacker was founded in 1417, 99 years before the enactment of the Reinheitsgebot Purity Law of 1516.",0.5435370206832886,False
5ac1f7f355429964131be2ae,What does the Hacker-Pschorr Brewery have to limit in order to comply with German regulations?,ingredients in beer,bridge,hard,Dense,3,D002,D002_C001,Reinheitsgebot,"The Reinheitsgebot (] , literally ""purity order""), sometimes called the ""German Beer Purity Law"" in English, is the collective name for a series of regulations limiting the ingredients in beer in Germany and the states of the former Holy Roman Empire.",0.5408878326416016,True
5ac1f7f355429964131be2ae,What does the Hacker-Pschorr Brewery have to limit in order to comply with German regulations?,ingredients in beer,bridge,hard,Dense,4,D006,D006_C002,Comply or explain,"Rather than setting out binding laws, government regulators (in the UK, the Financial Reporting Council, in Germany, under the Aktiengesetz) set out a code, which listed companies may either comply with, or if they do not comply, explain publicly why they do not.",0.4216848909854889,False
5ac1f7f355429964131be2ae,What does the Hacker-Pschorr Brewery have to limit in order to comply with German regulations?,ingredients in beer,bridge,hard,Dense,5,D006,D006_C003,Comply or explain,"The UK Corporate Governance Code, the German Corporate Governance Code (or Deutscher Corporate Governance Kodex) and the Dutch Corporate Governance Code 'Code Tabaksblat' () use this approach in setting minimum standards for companies in their audit committees, remuneration committees and recommendations for how good companies should divide authority on their boards.",0.40020251274108887,False
5a74248855429929fddd83e5,"Don Barry Mason was the founder of the Psychedelic Shamanistic Institute (PSI), which other member that's Welsh, that died on 10 April 2016?",Dennis Howard Marks,bridge,easy,Dense,1,D010,D010_C001,Don Barry Mason,"Don 'Barry' Mason (1950–2006) was the founder of the Psychedelic Shamanistic Institute (PSI), a networking organisation that encouraged ethnobotany and scientific research into cannabis and other psychoactive plants while contributing substantially to the public debate about drug policy reform.",0.8321367502212524,False
5a74248855429929fddd83e5,"Don Barry Mason was the founder of the Psychedelic Shamanistic Institute (PSI), which other member that's Welsh, that died on 10 April 2016?",Dennis Howard Marks,bridge,easy,Dense,2,D010,D010_C002,Don Barry Mason,"Associates of PSI include: Mathew Atha, Colin Angus, Brian Barritt, Michael Carmichael, Fraser Clark, Paul Devereux, the late John Entwistle, Paul Flynn MP, Ben Ganly, Lee Harris, Mike Jay, Howard Marks, Dr John Marks, Jonathan Ott, Dr Russell Newcombe, Richard Rudgley and Youth.",0.7020909190177917,True
5a74248855429929fddd83e5,"Don Barry Mason was the founder of the Psychedelic Shamanistic Institute (PSI), which other member that's Welsh, that died on 10 April 2016?",Dennis Howard Marks,bridge,easy,Dense,3,D008,D008_C001,Matthew Mason (Welsh cricketer),Matthew Barry Mason (born 24 November 1984 in Swansea) is a Welsh cricketer.,0.40636909008026123,False
5a74248855429929fddd83e5,"Don Barry Mason was the founder of the Psychedelic Shamanistic Institute (PSI), which other member that's Welsh, that died on 10 April 2016?",Dennis Howard Marks,bridge,easy,Dense,4,D002,D002_C002,Charles Cardoza Poindexter,"Poindexter was also known for being the precursor, but not a Founder, of the oldest intercollegiate fraternity for blacks in America, Alpha Phi Alpha, who later on became a prominent member and influence in Omega Psi Phi, using his earlier experience to develop much of the framework.",0.3902643322944641,False
5a74248855429929fddd83e5,"Don Barry Mason was the founder of the Psychedelic Shamanistic Institute (PSI), which other member that's Welsh, that died on 10 April 2016?",Dennis Howard Marks,bridge,easy,Dense,5,D006,D006_C001,Howard Marks,Dennis Howard Marks (13 August 1945 – 10 April 2016) was a Welsh drug smuggler and author who achieved notoriety as an international cannabis smuggler through high-profile court cases.,0.3350984454154968,True
5abd04f15542996e802b467e,What male actor starred in The Messenger?,Robert Sheehan,bridge,easy,Dense,1,D005,D005_C001,The Messenger (2015 horror film),"The Messenger is a 2015 British supernatural mystery horror film directed by David Blair, written by Andrew Kirk and starring Robert Sheehan and Lily Cole.",0.5022178888320923,True
5abd04f15542996e802b467e,What male actor starred in The Messenger?,Robert Sheehan,bridge,easy,Dense,2,D010,D010_C002,Kurt Kreuger,Kreuger once was the third most requested male actor at 20th Century Fox.,0.43585240840911865,False
5abd04f15542996e802b467e,What male actor starred in The Messenger?,Robert Sheehan,bridge,easy,Dense,3,D003,D003_C001,Indian Telly Award for Best Actor in a Lead Role,"Indian Telly Award for Best Actor in a Lead Role – Male is an award given by IndianTelevision.com as part of its annual Indian Telly Awards for TV serials, to recognize a male actor who has delivered an outstanding performance in a leading role.",0.38819995522499084,False
5abd04f15542996e802b467e,What male actor starred in The Messenger?,Robert Sheehan,bridge,easy,Dense,4,D006,D006_C006,Mohammad-Reza Foroutan,He has been acting as actor for more than two decades and received several awards including best male actor award for acting in Germez 1999 Fajr International Film Festival and best male actor award for acting in  Be Ahestegi  Fajr International Film Festival 2005.,0.38105300068855286,False
5abd04f15542996e802b467e,What male actor starred in The Messenger?,Robert Sheehan,bridge,easy,Dense,5,D006,D006_C005,Mohammad-Reza Foroutan,"After some minor roles his performance in an episode of TV series ""The Clue"" revealed his capabilities and Masoud Kimiay chose him for the leading role of Mercedes.",0.3772696256637573,False
5ac3ad225542995ef918c1da,Are Gin and tonic and Paloma both cocktails based on tequila?,no,comparison,medium,Dense,1,D002,D002_C001,Paloma (cocktail),"The paloma (Spanish for ""dove"") is a tequila-based cocktail.",0.7421124577522278,True
5ac3ad225542995ef918c1da,Are Gin and tonic and Paloma both cocktails based on tequila?,no,comparison,medium,Dense,2,D002,D002_C002,Paloma (cocktail),"This drink is most commonly prepared by mixing tequila with a grapefruit-flavored soda such as Fresca, Squirt, or Jarritos and served on the rocks with a lime wedge.",0.7379966378211975,False
5ac3ad225542995ef918c1da,Are Gin and tonic and Paloma both cocktails based on tequila?,no,comparison,medium,Dense,3,D007,D007_C002,Tequila and tonic,The drink is made with a 2:1 ratio of tonic water to tequila and is served with lemon or lime wedges on ice.,0.6833328008651733,False
5ac3ad225542995ef918c1da,Are Gin and tonic and Paloma both cocktails based on tequila?,no,comparison,medium,Dense,4,D007,D007_C001,Tequila and tonic,"Tequila and tonic, also known as TnT or Teqtonic, is a non-standard highball beverage.",0.6425436735153198,False
5ac3ad225542995ef918c1da,Are Gin and tonic and Paloma both cocktails based on tequila?,no,comparison,medium,Dense,5,D009,D009_C003,Gin and tonic,The amount of gin varies according to taste.,0.6000049710273743,False
5a736bfa5542991f29ee2e03,Who is older Glenn Hughes or Ross Lynch?,Glenn Hughes,comparison,hard,Dense,1,D003,D003_C001,Ross Lynch,"Ross Shor Lynch (born December 29, 1995) is an American singer, songwriter, and actor.",0.5729736089706421,True
5a736bfa5542991f29ee2e03,Who is older Glenn Hughes or Ross Lynch?,Glenn Hughes,comparison,hard,Dense,2,D005,D005_C001,Glenn Hughes,"Glenn Hughes (born 21 August 1951) is an English rock bassist and vocalist, best known for playing bass and performing vocals for funk rock pioneers Trapeze, the Mk.",0.5444531440734863,True
5a736bfa5542991f29ee2e03,Who is older Glenn Hughes or Ross Lynch?,Glenn Hughes,comparison,hard,Dense,3,D001,D001_C002,Babette Hughes,"She was born in Seattle, Washington and while an English student at the University of Washington she met the American playwright Glenn Hughes who she married in 1924 for around 20 years.",0.49420127272605896,False
5a736bfa5542991f29ee2e03,Who is older Glenn Hughes or Ross Lynch?,Glenn Hughes,comparison,hard,Dense,4,D003,D003_C002,Ross Lynch,He is one of the founding members of the pop rock band R5.,0.4818353056907654,False
5a736bfa5542991f29ee2e03,Who is older Glenn Hughes or Ross Lynch?,Glenn Hughes,comparison,hard,Dense,5,D003,D003_C004,Ross Lynch,"Lynch is also starring in a new horror/thriller movie called ""My Friend Dahmer,"" where he plays the role of Jeffrey Dahmer in his teenage years.",0.45534950494766235,False
5addfe6c5542997dc790710e,"In what year was the creator of the current arrangement of the ""Simpson's Theme"" born?","March 28, 1941",bridge,hard,Dense,1,D009,D009_C002,The Simpsons Theme,"It plays during the opening sequence and was composed by Danny Elfman in 1989, after series creator Matt Groening approached him requesting a retro-style theme.",0.6874778270721436,False
5addfe6c5542997dc790710e,"In what year was the creator of the current arrangement of the ""Simpson's Theme"" born?","March 28, 1941",bridge,hard,Dense,2,D009,D009_C004,The Simpsons Theme,"The theme, as used for the opening sequence, was re-arranged during season 2, and the current arrangement by Alf Clausen was introduced at the beginning of the third season.",0.6334841251373291,True
5addfe6c5542997dc790710e,"In what year was the creator of the current arrangement of the ""Simpson's Theme"" born?","March 28, 1941",bridge,hard,Dense,3,D009,D009_C001,The Simpsons Theme,"""The Simpsons"" Theme"", also referred to as ""The Simpsons"" Main Title Theme"" in album releases, is the theme music of the animated television series ""The Simpsons"".",0.5961504578590393,True
5addfe6c5542997dc790710e,"In what year was the creator of the current arrangement of the ""Simpson's Theme"" born?","March 28, 1941",bridge,hard,Dense,4,D009,D009_C003,The Simpsons Theme,"The piece, which took 3 days, 2 hours, 48 minutes, and 19 seconds to create, has been noted by Elfman as the most popular of his career.",0.533373236656189,False
5addfe6c5542997dc790710e,"In what year was the creator of the current arrangement of the ""Simpson's Theme"" born?","March 28, 1941",bridge,hard,Dense,5,D001,D001_C001,Mark Simpson (clarinetist),"Mark Simpson (born 26 September 1988) is a British composer and clarinettist from Liverpool, who won the BBC Young Musician of the Year 2006 title on 20 May 2006, playing Nielsen's Clarinet Concerto with the Northern Sinfonia and Yan Pascal Tortelier at The Sage Gateshead.",0.4828219413757324,False
5a7a0a965542996c55b2dce7,The Southern Railway runs from Vienna to Graz and the border with Slovenia at Spielfeld via the first mountain railway built in Europe to use what kind of track?,standard gauge track,bridge,hard,Dense,1,D003,D003_C001,Southern Railway (Austria),"The Southern Railway (German: ""Südbahn"" ) is a railway in Austria that runs from Vienna to Graz and the border with Slovenia at Spielfeld via Semmering and Bruck an der Mur.",0.8102841377258301,True
5a7a0a965542996c55b2dce7,The Southern Railway runs from Vienna to Graz and the border with Slovenia at Spielfeld via the first mountain railway built in Europe to use what kind of track?,standard gauge track,bridge,hard,Dense,2,D001,D001_C001,Semmering railway,"The Semmering railway (German: ""Semmeringbahn"" ) in Austria, which starts at Gloggnitz and leads over the Semmering to Mürzzuschlag was the first mountain railway in Europe built with a standard gauge track.",0.6929044723510742,True
5a7a0a965542996c55b2dce7,The Southern Railway runs from Vienna to Graz and the border with Slovenia at Spielfeld via the first mountain railway built in Europe to use what kind of track?,standard gauge track,bridge,hard,Dense,3,D003,D003_C002,Southern Railway (Austria),"It was originally built by the Austrian Southern Railway company and ran to Ljubljana and Trieste, the main seaport of the Austro-Hungarian Monarchy.",0.6583337783813477,False
5a7a0a965542996c55b2dce7,The Southern Railway runs from Vienna to Graz and the border with Slovenia at Spielfeld via the first mountain railway built in Europe to use what kind of track?,standard gauge track,bridge,hard,Dense,4,D003,D003_C003,Southern Railway (Austria),"The twin-track, electrified section that runs through the current territory of Austria is owned and operated by Austrian Federal Railways (ÖBB) and is one of the major lines in the country.",0.628943145275116,False
5a7a0a965542996c55b2dce7,The Southern Railway runs from Vienna to Graz and the border with Slovenia at Spielfeld via the first mountain railway built in Europe to use what kind of track?,standard gauge track,bridge,hard,Dense,5,D001,D001_C003,Semmering railway,It is still fully functional as a part of the Southern Railway which is operated by the Austrian Federal Railways.,0.6022789478302002,False
5a8ae49155429951533613a3,In what show did Cynthia Nixon receive the 2004 Primetime Emmy Award for Outstanding Supporting Actress in a Comedy Series and a Screen Actors Guild Award for her performance?,Sex and the City,bridge,easy,Dense,1,D007,D007_C003,Miranda Hobbes,Nixon received an Emmy Award and a Screen Actors Guild Award for her performance.,0.7102787494659424,True
5a8ae49155429951533613a3,In what show did Cynthia Nixon receive the 2004 Primetime Emmy Award for Outstanding Supporting Actress in a Comedy Series and a Screen Actors Guild Award for her performance?,Sex and the City,bridge,easy,Dense,2,D010,D010_C002,Cynthia Nixon,"She is known for her portrayal of Miranda Hobbes in the HBO series, ""Sex and the City"" (1998–2004), for which she won the 2004 Primetime Emmy Award for Outstanding Supporting Actress in a Comedy Series.",0.6543678641319275,True
5a8ae49155429951533613a3,In what show did Cynthia Nixon receive the 2004 Primetime Emmy Award for Outstanding Supporting Actress in a Comedy Series and a Screen Actors Guild Award for her performance?,Sex and the City,bridge,easy,Dense,3,D010,D010_C001,Cynthia Nixon,"Cynthia Ellen Nixon (born April 9, 1966) is an American actress.",0.649185299873352,False
5a8ae49155429951533613a3,In what show did Cynthia Nixon receive the 2004 Primetime Emmy Award for Outstanding Supporting Actress in a Comedy Series and a Screen Actors Guild Award for her performance?,Sex and the City,bridge,easy,Dense,4,D010,D010_C003,Cynthia Nixon,"She reprised the role in the films ""Sex and the City"" (2008) and ""Sex and the City 2"" (2010).",0.6032717227935791,False
5a8ae49155429951533613a3,In what show did Cynthia Nixon receive the 2004 Primetime Emmy Award for Outstanding Supporting Actress in a Comedy Series and a Screen Actors Guild Award for her performance?,Sex and the City,bridge,easy,Dense,5,D007,D007_C002,Miranda Hobbes,She is portrayed by actress Cynthia Nixon.,0.5469786524772644,False
5a74bdbf5542996c70cfadc7,"Lee Jun-fan played what character in ""The Green Hornet"" television series?",Kato,bridge,medium,Dense,1,D009,D009_C001,The Green Hornet (TV series),The Green Hornet is a television series on the ABC US television network that aired for the 1966–1967 TV season starring Van Williams as the Green Hornet/Britt Reid and Bruce Lee as Kato.,0.7343810796737671,False
5a74bdbf5542996c70cfadc7,"Lee Jun-fan played what character in ""The Green Hornet"" television series?",Kato,bridge,medium,Dense,2,D002,D002_C002,Kato (The Green Hornet),"This character has also appeared with the Green Hornet in film, television, book and comic book versions.",0.7333284020423889,False
5a74bdbf5542996c70cfadc7,"Lee Jun-fan played what character in ""The Green Hornet"" television series?",Kato,bridge,medium,Dense,3,D002,D002_C005,Kato (The Green Hornet),"Keye Luke took the role in the movie serials, and in the television series he was portrayed by Bruce Lee.",0.6888378858566284,True
5a74bdbf5542996c70cfadc7,"Lee Jun-fan played what character in ""The Green Hornet"" television series?",Kato,bridge,medium,Dense,4,D004,D004_C002,The Green Hornet (Hong Kong film),Based on the American Green Hornet series the film focuses on the character of Kato.,0.6887615323066711,False
5a74bdbf5542996c70cfadc7,"Lee Jun-fan played what character in ""The Green Hornet"" television series?",Kato,bridge,medium,Dense,5,D010,D010_C003,Green Hornet,"The character appeared in film serials in the 1940s, a television show in the 1960s, multiple comic book series from the 1940s on, and a feature film in January 2011.",0.6738278865814209,False
5ab99943554299131ca42391,"The 1895/96 Football League season was the eighth in Football League history with Everton, their Goodison Park home, is a football stadium located in Walton, Liverpool, in which country?",England,bridge,easy,Dense,1,D010,D010_C002,Goodison Park,The stadium has been home to Premier League club Everton since its completion in 1892 and is one of the world's oldest purpose-built football grounds.,0.8181121349334717,False
5ab99943554299131ca42391,"The 1895/96 Football League season was the eighth in Football League history with Everton, their Goodison Park home, is a football stadium located in Walton, Liverpool, in which country?",England,bridge,easy,Dense,2,D010,D010_C001,Goodison Park,"Goodison Park is a football stadium located in Walton, Liverpool, England.",0.7925816178321838,True
5ab99943554299131ca42391,"The 1895/96 Football League season was the eighth in Football League history with Everton, their Goodison Park home, is a football stadium located in Walton, Liverpool, in which country?",England,bridge,easy,Dense,3,D006,D006_C003,Anfield,"It was originally the home of Everton F.C. from 1884 to 1891, before they moved to Goodison Park after a dispute with the club president.",0.756812572479248,False
5ab99943554299131ca42391,"The 1895/96 Football League season was the eighth in Football League history with Everton, their Goodison Park home, is a football stadium located in Walton, Liverpool, in which country?",England,bridge,easy,Dense,4,D004,D004_C003,List of Liverpool F.C. seasons,"The disagreement between the two parties over rent resulted in Everton moving to Goodison Park from Anfield, which left Houlding with an empty stadium.",0.7168726921081543,False
5ab99943554299131ca42391,"The 1895/96 Football League season was the eighth in Football League history with Everton, their Goodison Park home, is a football stadium located in Walton, Liverpool, in which country?",England,bridge,easy,Dense,5,D002,D002_C003,List of Liverpool F.C. players (1–24 appearances),"The disagreement between the two parties over rent resulted in Everton moving to Goodison Park from Anfield, which left Houlding with an empty stadium.",0.711880087852478,False
5a8195f35542995ce29dcc0c,"A Head Full of Dreams Tour is the seventh tour by Coldplay, and which had it's first show at a stadium that is known as Estadio Unico and is owned by who?",Province of Buenos Aires,bridge,medium,Dense,1,D003,D003_C001,A Head Full of Dreams Tour,"The A Head Full of Dreams Tour is the seventh concert tour currently being undertaken by British alternative rock band Coldplay, launched in support of their namesake seventh studio album ""A Head Full of Dreams"".",0.7821236848831177,True
5a8195f35542995ce29dcc0c,"A Head Full of Dreams Tour is the seventh tour by Coldplay, and which had it's first show at a stadium that is known as Estadio Unico and is owned by who?",Province of Buenos Aires,bridge,medium,Dense,2,D003,D003_C002,A Head Full of Dreams Tour,"Marking the band's return to large-scale venues, after the brief and intimate Ghost Stories Tour, the tour will visit stadiums and arenas across five continents.",0.6493581533432007,False
5a8195f35542995ce29dcc0c,"A Head Full of Dreams Tour is the seventh tour by Coldplay, and which had it's first show at a stadium that is known as Estadio Unico and is owned by who?",Province of Buenos Aires,bridge,medium,Dense,3,D003,D003_C005,A Head Full of Dreams Tour,"The first show of the tour was held at the Estadio Ciudad de La Plata in La Plata, Argentina, on 31 March 2016 and is set to conclude at the same venue on 15 November 2017.",0.6484140157699585,True
5a8195f35542995ce29dcc0c,"A Head Full of Dreams Tour is the seventh tour by Coldplay, and which had it's first show at a stadium that is known as Estadio Unico and is owned by who?",Province of Buenos Aires,bridge,medium,Dense,4,D001,D001_C001,A Head Full of Dreams,A Head Full of Dreams is the seventh studio album by the British rock band Coldplay.,0.6417722105979919,False
5a8195f35542995ce29dcc0c,"A Head Full of Dreams Tour is the seventh tour by Coldplay, and which had it's first show at a stadium that is known as Estadio Unico and is owned by who?",Province of Buenos Aires,bridge,medium,Dense,5,D003,D003_C004,A Head Full of Dreams Tour,"The tour consists of eight legs, with a total of 123 shows across Latin America, where they performed for the first time since the Viva la Vida Tour, Europe, North America, where they embarked on their very first stadium tour of the United States, Oceania, and Asia.",0.629624605178833,False
5ab70446554299110f219a94,"Roger Avary (born August 23, 1965) is a Canadian film and television producer, screenwriter and director in the American mass media industry, he wrote the screenplay for Beowulf, a 2007 British-American 3D motion capture epic fantasy film, directed by who?",Robert Zemeckis,bridge,easy,Dense,1,D001,D001_C001,Beowulf (2007 film),"Beowulf is a 2007 British-American 3D motion capture epic fantasy film directed by Robert Zemeckis and written by Neil Gaiman and Roger Avary, based on the Old English epic poem of the same name.",0.7644027471542358,True
5ab70446554299110f219a94,"Roger Avary (born August 23, 1965) is a Canadian film and television producer, screenwriter and director in the American mass media industry, he wrote the screenplay for Beowulf, a 2007 British-American 3D motion capture epic fantasy film, directed by who?",Robert Zemeckis,bridge,easy,Dense,2,D005,D005_C003,Roger Avary,"He wrote the screenplays for ""Silent Hill"" and ""Beowulf"".",0.7635999917984009,True
5ab70446554299110f219a94,"Roger Avary (born August 23, 1965) is a Canadian film and television producer, screenwriter and director in the American mass media industry, he wrote the screenplay for Beowulf, a 2007 British-American 3D motion capture epic fantasy film, directed by who?",Robert Zemeckis,bridge,easy,Dense,3,D005,D005_C001,Roger Avary,"Roger Avary (born August 23, 1965) is a Canadian film and television producer, screenwriter and director in the American mass media industry.",0.755105197429657,False
5ab70446554299110f219a94,"Roger Avary (born August 23, 1965) is a Canadian film and television producer, screenwriter and director in the American mass media industry, he wrote the screenplay for Beowulf, a 2007 British-American 3D motion capture epic fantasy film, directed by who?",Robert Zemeckis,bridge,easy,Dense,4,D001,D001_C002,Beowulf (2007 film),"The film was created through a motion capture process similar to the technique Zemeckis used in ""The Polar Express"".",0.6544116735458374,False
5ab70446554299110f219a94,"Roger Avary (born August 23, 1965) is a Canadian film and television producer, screenwriter and director in the American mass media industry, he wrote the screenplay for Beowulf, a 2007 British-American 3D motion capture epic fantasy film, directed by who?",Robert Zemeckis,bridge,easy,Dense,5,D001,D001_C003,Beowulf (2007 film),"The cast includes Ray Winstone, Anthony Hopkins, Robin Wright Penn, Brendan Gleeson, John Malkovich, Crispin Glover, Alison Lohman, and Angelina Jolie.",0.6489538550376892,False
5adbe1e755429947ff173853,"The American Pre-Code comedy film featuring an American actress, dancer, and singer, widely known for performing in films and RKO's musical films, was released in what year?",1932,bridge,medium,Dense,1,D002,D002_C001,Ginger Rogers,"Ginger Rogers (born Virginia Katherine McMath; July 16, 1911 – April 25, 1995) was an American actress, dancer, and singer, widely known for performing in films and RKO's musical films, partnered with Fred Astaire.",0.45221203565597534,True
5adbe1e755429947ff173853,"The American Pre-Code comedy film featuring an American actress, dancer, and singer, widely known for performing in films and RKO's musical films, was released in what year?",1932,bridge,medium,Dense,2,D006,D006_C003,Ladies of the Jury,"The film was released on February 5, 1932, by RKO Pictures.",0.4076649844646454,False
5adbe1e755429947ff173853,"The American Pre-Code comedy film featuring an American actress, dancer, and singer, widely known for performing in films and RKO's musical films, was released in what year?",1932,bridge,medium,Dense,3,D010,D010_C004,Little Orphan Annie (1932 film),"The film was released on November 4, 1932, by RKO Pictures.",0.3993466794490814,False
5adbe1e755429947ff173853,"The American Pre-Code comedy film featuring an American actress, dancer, and singer, widely known for performing in films and RKO's musical films, was released in what year?",1932,bridge,medium,Dense,4,D002,D002_C002,Ginger Rogers,"She appeared on stage, as well as on radio and television, throughout much of the 20th century.",0.38908571004867554,False
5adbe1e755429947ff173853,"The American Pre-Code comedy film featuring an American actress, dancer, and singer, widely known for performing in films and RKO's musical films, was released in what year?",1932,bridge,medium,Dense,5,D001,D001_C005,International House (1933 film),The film includes some risqué pre-Code humor.,0.3858500123023987,False
5a904e725542995651fb5118,"An edited version of ""Just the Two of Us"" reached number two on the ""Billboard"" Hot 100 behind a song written and composed by Donna Weiss and Jackie DeShannon which spend how many weeks at No. 1 on the ""Billboard"" hot 100?",nine,bridge,medium,Dense,1,D008,D008_C003,Just the Two of Us (Grover Washington Jr. song),"An edited version reached number two on the ""Billboard"" Hot 100, staying there for 3 weeks, behind ""Morning Train (9 to 5)"" by Sheena Easton and ""Bette Davis Eyes"" by Kim Carnes.",0.7840039730072021,True
5a904e725542995651fb5118,"An edited version of ""Just the Two of Us"" reached number two on the ""Billboard"" Hot 100 behind a song written and composed by Donna Weiss and Jackie DeShannon which spend how many weeks at No. 1 on the ""Billboard"" hot 100?",nine,bridge,medium,Dense,2,D008,D008_C001,Just the Two of Us (Grover Washington Jr. song),"""Just the Two of Us"" is a 1981 R&B single written by Bill Withers, William Salter and Ralph MacDonald, which was recorded by Grover Washington Jr. and Bill Withers.",0.636613130569458,True
5a904e725542995651fb5118,"An edited version of ""Just the Two of Us"" reached number two on the ""Billboard"" Hot 100 behind a song written and composed by Donna Weiss and Jackie DeShannon which spend how many weeks at No. 1 on the ""Billboard"" hot 100?",nine,bridge,medium,Dense,3,D008,D008_C002,Just the Two of Us (Grover Washington Jr. song),"The song originally appeared on Washington's 1980 album ""Winelight"".",0.5813468098640442,False
5a904e725542995651fb5118,"An edited version of ""Just the Two of Us"" reached number two on the ""Billboard"" Hot 100 behind a song written and composed by Donna Weiss and Jackie DeShannon which spend how many weeks at No. 1 on the ""Billboard"" hot 100?",nine,bridge,medium,Dense,4,D008,D008_C005,Just the Two of Us (Grover Washington Jr. song),"Bill Withers included the edited version on the 1981 compilation ""Bill Withers' Greatest Hits"" and many subsequent greatest hits collections.",0.5401899814605713,False
5a904e725542995651fb5118,"An edited version of ""Just the Two of Us"" reached number two on the ""Billboard"" Hot 100 behind a song written and composed by Donna Weiss and Jackie DeShannon which spend how many weeks at No. 1 on the ""Billboard"" hot 100?",nine,bridge,medium,Dense,5,D008,D008_C004,Just the Two of Us (Grover Washington Jr. song),The song won a Grammy Award for Best R&B Song.,0.5265744924545288,False
5a7daae35542990b8f503a1d,"Which band has more members, Saint Motel or Curve?",Saint Motel,comparison,hard,Dense,1,D008,D008_C002,Saint Motel,"The band consists of A/J Jackson (lead vocals, guitar, piano), Aaron Sharp (lead guitar), Dak Lerdamornpong (bass), and Greg Erwin (drums).",0.7126436233520508,True
5a7daae35542990b8f503a1d,"Which band has more members, Saint Motel or Curve?",Saint Motel,comparison,hard,Dense,2,D008,D008_C001,Saint Motel,"Saint Motel is an American indie pop band from Los Angeles, whose music has been described as everything from ""dream pop"" to ""indie prog"".",0.6688461303710938,True
5a7daae35542990b8f503a1d,"Which band has more members, Saint Motel or Curve?",Saint Motel,comparison,hard,Dense,3,D009,D009_C001,Curve (band),"Curve were an English alternative rock and electronica duo from London, formed in 1990 and split in 2005.",0.5747630596160889,False
5a7daae35542990b8f503a1d,"Which band has more members, Saint Motel or Curve?",Saint Motel,comparison,hard,Dense,4,D004,D004_C001,Saintmotelevision,Saintmotelevision (stylized as saintmotelevision) is the second studio album by American indie pop band Saint Motel.,0.5711677670478821,False
5a7daae35542990b8f503a1d,"Which band has more members, Saint Motel or Curve?",Saint Motel,comparison,hard,Dense,5,D009,D009_C002,Curve (band),"The band consisted of Toni Halliday (vocals, occasionally guitar) and Dean Garcia (bass, guitar, drums, programming).",0.5575928092002869,True
5ae6038155429929b0807a55,"""Funnybot"" is the second episode of the fifteenth season of which American animated television series, created by Trey Parker and Matt Stone?  ",South Park,bridge,easy,Dense,1,D009,D009_C001,Funnybot,"""Funnybot"" is the second episode of the fifteenth season of the American animated television series ""South Park"", and the 211th episode of the series overall.",0.7312491536140442,False
5ae6038155429929b0807a55,"""Funnybot"" is the second episode of the fifteenth season of which American animated television series, created by Trey Parker and Matt Stone?  ",South Park,bridge,easy,Dense,2,D009,D009_C002,Funnybot,"""Funnybot"" premiered in the United States on Comedy Central on May 4, 2011, the first time a ""South Park"" episode has aired in May since season 10's ""Tsst"" in 2006.",0.6313682198524475,True
5ae6038155429929b0807a55,"""Funnybot"" is the second episode of the fifteenth season of which American animated television series, created by Trey Parker and Matt Stone?  ",South Park,bridge,easy,Dense,3,D005,D005_C003,South Park (season 2),"While most of the episodes were directed by series creator Trey Parker, Season 2 includes two episodes directed by Eric Stough.",0.5052009224891663,False
5ae6038155429929b0807a55,"""Funnybot"" is the second episode of the fifteenth season of which American animated television series, created by Trey Parker and Matt Stone?  ",South Park,bridge,easy,Dense,4,D005,D005_C001,South Park (season 2),"Season two of ""South Park"", an American animated television series created by Trey Parker and Matt Stone, began airing on April 1, 1998.",0.5013245344161987,False
5ae6038155429929b0807a55,"""Funnybot"" is the second episode of the fifteenth season of which American animated television series, created by Trey Parker and Matt Stone?  ",South Park,bridge,easy,Dense,5,D009,D009_C003,Funnybot,"""Funnybot"" parodies The Comedy Awards, black comedian Tyler Perry, the Daleks from ""Doctor Who"", and the death of Osama bin Laden.",0.4979325532913208,False
5a71458e5542994082a3e738,"Which private research university is located in Chestnut Hill, Massachusetts Boston College or Stanford University? ",Boston College,comparison,easy,Dense,1,D005,D005_C001,Boston College,"Boston College (also referred to as BC) is a private Jesuit Catholic research university located in the affluent village of Chestnut Hill, Massachusetts, United States, 6 mi west of downtown Boston.",0.6831417679786682,True
5a71458e5542994082a3e738,"Which private research university is located in Chestnut Hill, Massachusetts Boston College or Stanford University? ",Boston College,comparison,easy,Dense,2,D010,D010_C006,"Chestnut Hill, Massachusetts","Chestnut Hill is best known as the home of Boston College, part of the Boston Marathon route, as well as the Collegiate Gothic canvas of landscape architect Frederick Law Olmsted.",0.596933126449585,False
5a71458e5542994082a3e738,"Which private research university is located in Chestnut Hill, Massachusetts Boston College or Stanford University? ",Boston College,comparison,easy,Dense,3,D007,D007_C001,Jesuit Ivy,"""Jesuit Ivy"" is the title of a commencement speech delivered at Boston College, a Jesuit university in Chestnut Hill, Massachusetts, United States.",0.5818800926208496,False
5a71458e5542994082a3e738,"Which private research university is located in Chestnut Hill, Massachusetts Boston College or Stanford University? ",Boston College,comparison,easy,Dense,4,D008,D008_C001,Stanford University,"Stanford University (Stanford; officially Leland Stanford Junior University, colloquially the Farm) is a private research university in Stanford, California, adjacent to Palo Alto and between San Jose and San Francisco.",0.5760724544525146,True
5a71458e5542994082a3e738,"Which private research university is located in Chestnut Hill, Massachusetts Boston College or Stanford University? ",Boston College,comparison,easy,Dense,5,D010,D010_C001,"Chestnut Hill, Massachusetts","Chestnut Hill is an affluent New England village located six miles (10 km) west of downtown Boston, Massachusetts, United States.",0.5660545825958252,False
5a73332b5542992359bc3287,"What American stage, film, and television actor  who also appeared in a large number of musicals, played Samson in the 1949 film ""Samson and Delilah"".",Victor John Mature,bridge,easy,Dense,1,D010,D010_C002,Samson and Delilah (1984 film),Mature played Samson in the 1949 film and had a small cameo as the father of Antony Hamilton's Samson.,0.8210476040840149,False
5a73332b5542992359bc3287,"What American stage, film, and television actor  who also appeared in a large number of musicals, played Samson in the 1949 film ""Samson and Delilah"".",Victor John Mature,bridge,easy,Dense,2,D010,D010_C003,Samson and Delilah (1984 film),This was his final acting role.,0.7793537974357605,False
5a73332b5542992359bc3287,"What American stage, film, and television actor  who also appeared in a large number of musicals, played Samson in the 1949 film ""Samson and Delilah"".",Victor John Mature,bridge,easy,Dense,3,D008,D008_C001,Ivan Samson,"Ivan Samson (28 August 1894 – 1 May 1963) was a British stage, film and television actor.",0.7475235462188721,False
5a73332b5542992359bc3287,"What American stage, film, and television actor  who also appeared in a large number of musicals, played Samson in the 1949 film ""Samson and Delilah"".",Victor John Mature,bridge,easy,Dense,4,D010,D010_C001,Samson and Delilah (1984 film),"Samson and Delilah is a 1984 television film adaptation of the biblical story of Samson and Delilah, starring Max von Sydow, Belinda Bauer, Antony Hamilton, Daniel Stern and Victor Mature.",0.7376130223274231,True
5a73332b5542992359bc3287,"What American stage, film, and television actor  who also appeared in a large number of musicals, played Samson in the 1949 film ""Samson and Delilah"".",Victor John Mature,bridge,easy,Dense,5,D010,D010_C004,Samson and Delilah (1984 film),"Based on the novel ""Husband of Delilah"" by Eric Linklater, ""Samson and Delilah"" originally aired on ABC.",0.7224540114402771,False
5ae500fd55429908b63264d8,Iqaluit Airport and Canadian North are based out of what country?,Canada,bridge,easy,Dense,1,D001,D001_C003,Iqaluit Airport,"It hosts scheduled passenger service from Ottawa, Montreal, Rankin Inlet and Kuujjuaq on carriers such as First Air and Canadian North, and from smaller communities throughout eastern Nunavut.",0.7989345192909241,False
5ae500fd55429908b63264d8,Iqaluit Airport and Canadian North are based out of what country?,Canada,bridge,easy,Dense,2,D001,D001_C002,Iqaluit Airport,It is operated by the government of Nunavut.,0.7460545301437378,False
5ae500fd55429908b63264d8,Iqaluit Airport and Canadian North are based out of what country?,Canada,bridge,easy,Dense,3,D001,D001_C001,Iqaluit Airport,"Iqaluit Airport (IATA: YFB, ICAO: CYFB) serves Iqaluit, Nunavut, Canada and is located adjacent to the town.",0.6982795000076294,True
5ae500fd55429908b63264d8,Iqaluit Airport and Canadian North are based out of what country?,Canada,bridge,easy,Dense,4,D008,D008_C003,Air Nunavut,Its main base is Iqaluit Airport.,0.6862862706184387,False
5ae500fd55429908b63264d8,Iqaluit Airport and Canadian North are based out of what country?,Canada,bridge,easy,Dense,5,D006,D006_C004,Canadian North,Its main base is Edmonton Airport.,0.6625888347625732,False
5ab292e4554299545a2cf993,In what political party was the man who officially opened he Royal Spa Centre in 1972?,Conservative,bridge,medium,Dense,1,D002,D002_C002,Royal Spa Centre,"The Centre was officially opened on 15 June 1972 by Anthony Eden, one time MP for Leamington and Warwick and Prime Minister of the UK.",0.8056652545928955,True
5ab292e4554299545a2cf993,In what political party was the man who officially opened he Royal Spa Centre in 1972?,Conservative,bridge,medium,Dense,2,D002,D002_C001,Royal Spa Centre,"The Royal Spa Centre is a Theatre in Leamington Spa, England.",0.5840513706207275,True
5ab292e4554299545a2cf993,In what political party was the man who officially opened he Royal Spa Centre in 1972?,Conservative,bridge,medium,Dense,3,D002,D002_C003,Royal Spa Centre,"It was designed by the Architect Sir Frederick Gibberd and has two Auditoria, the first of which is a traditional Theatre which can hold 667 people.",0.5510160326957703,False
5ab292e4554299545a2cf993,In what political party was the man who officially opened he Royal Spa Centre in 1972?,Conservative,bridge,medium,Dense,4,D007,D007_C005,Royal Pump Rooms,"After a major redevelopment in 1997-99 the building now houses ""Leamington Spa Art Gallery & Museum"", a public library, a Tourist Information Centre, cafe and assembly rooms.",0.5163690447807312,False
5ab292e4554299545a2cf993,In what political party was the man who officially opened he Royal Spa Centre in 1972?,Conservative,bridge,medium,Dense,5,D007,D007_C002,Royal Pump Rooms,It was the most famous of several spa baths opened in Leamington between the late-18th and mid-19th centuries.,0.5126599073410034,False
5a8514545542992a431d1ad2,Which Oscar-nominated film was written by the screenwriter who wrote a 1991 romantic drama based upon a screenplay by Sooni Taraporevala?,Salaam Bombay,bridge,medium,Dense,1,D007,D007_C003,The Namesake (film),Sooni Taraporevala wrote the screenplay.,0.744153618812561,False
5a8514545542992a431d1ad2,Which Oscar-nominated film was written by the screenwriter who wrote a 1991 romantic drama based upon a screenplay by Sooni Taraporevala?,Salaam Bombay,bridge,medium,Dense,2,D003,D003_C001,Sooni Taraporevala,"Sooni Taraporevala (born 1957) is an Indian screenwriter, photographer and filmmaker who is best known as the screenwriter of ""Mississippi Masala"", ""The Namesake"" and Oscar-nominated ""Salaam Bombay"" (1988), all directed by Mira Nair.",0.5615937113761902,True
5a8514545542992a431d1ad2,Which Oscar-nominated film was written by the screenwriter who wrote a 1991 romantic drama based upon a screenplay by Sooni Taraporevala?,Salaam Bombay,bridge,medium,Dense,3,D010,D010_C002,Such a Long Journey (film),The film is directed by Sturla Gunnarsson with a screenplay by Sooni Taraporevala.,0.5350595712661743,False
5a8514545542992a431d1ad2,Which Oscar-nominated film was written by the screenwriter who wrote a 1991 romantic drama based upon a screenplay by Sooni Taraporevala?,Salaam Bombay,bridge,medium,Dense,4,D001,D001_C001,Mississippi Masala,"Mississippi Masala is a 1991 romantic drama film directed by Mira Nair, based upon a screenplay by Sooni Taraporevala, starring Denzel Washington, Sarita Choudhury, and Roshan Seth.",0.4700799882411957,True
5a8514545542992a431d1ad2,Which Oscar-nominated film was written by the screenwriter who wrote a 1991 romantic drama based upon a screenplay by Sooni Taraporevala?,Salaam Bombay,bridge,medium,Dense,5,D009,D009_C002,Parineeta (2005 film),"Directed by debutant Pradeep Sarkar, it was based upon a screenplay by the film's producer, Vidhu Vinod Chopra.",0.3695482015609741,False
5ae3345f55429928c4239682,Are both Tim McIlrath and Spike Slawson American punk rock musicians?,yes,comparison,medium,Dense,1,D002,D002_C001,Tim McIlrath,"Timothy James ""Tim"" McIlrath (born November 3, 1978) is an American punk rock musician.",0.6931215524673462,True
5ae3345f55429928c4239682,Are both Tim McIlrath and Spike Slawson American punk rock musicians?,yes,comparison,medium,Dense,2,D002,D002_C002,Tim McIlrath,"He is the lead singer, rhythm guitarist, songwriter and co-founder of the American punk rock band Rise Against.",0.6356602311134338,False
5ae3345f55429928c4239682,Are both Tim McIlrath and Spike Slawson American punk rock musicians?,yes,comparison,medium,Dense,3,D005,D005_C001,Spike Slawson,"Spike Slawson is an American punk rock musician, a member of Me First and the Gimme Gimmes, Swingin' Utters, Filthy Thievin' Bastards, Re-Volts, and Uke-Hunt.",0.608354926109314,True
5ae3345f55429928c4239682,Are both Tim McIlrath and Spike Slawson American punk rock musicians?,yes,comparison,medium,Dense,4,D010,D010_C003,Filthy Thieving Bastards,"Spike Slawson (also from Swingin' Utters) later joined the band, along with recording engineer Randy Burk.",0.5698014497756958,False
5ae3345f55429928c4239682,Are both Tim McIlrath and Spike Slawson American punk rock musicians?,yes,comparison,medium,Dense,5,D002,D002_C004,Tim McIlrath,He is also straight edge.,0.48558419942855835,False
5ac1b48f55429963665198f3,"The Golden Globe Award winner for best actor from ""Roseanne"" starred along what actress in Gigantic?",Zooey Deschanel,bridge,medium,Dense,1,D006,D006_C002,John Goodman,"Early in his career, he was best known for playing Dan Conner on the ABC TV series ""Roseanne"" (1988–1997), for which he won a Golden Globe Award for Best Actor in 1993.",0.5929002165794373,True
5ac1b48f55429963665198f3,"The Golden Globe Award winner for best actor from ""Roseanne"" starred along what actress in Gigantic?",Zooey Deschanel,bridge,medium,Dense,2,D001,D001_C001,Gigantic (2008 film),"Gigantic is a 2008 independent comedy film directed by Matt Aselton and starring Paul Dano, Zooey Deschanel, John Goodman, Edward Asner and Jane Alexander.",0.4843837022781372,True
5ac1b48f55429963665198f3,"The Golden Globe Award winner for best actor from ""Roseanne"" starred along what actress in Gigantic?",Zooey Deschanel,bridge,medium,Dense,3,D007,D007_C002,Stathis Giallelis,"He won brief international renown in the early 1960s as the star of Elia Kazan's Academy Award-nominated epic ""America, America"", a role which brought him the Golden Globe Award for New Star of the Year – Actor, as well as a nomination for Golden Globe Award for Best Actor – Motion Picture Drama.",0.46629244089126587,False
5ac1b48f55429963665198f3,"The Golden Globe Award winner for best actor from ""Roseanne"" starred along what actress in Gigantic?",Zooey Deschanel,bridge,medium,Dense,4,D001,D001_C002,Gigantic (2008 film),"The script, written by Aselton and his college friend Adam Nagata, tells of Brian (Dano), a mattress salesman who wishes to adopt a baby from China, but finds himself sharing his passion, with the quirky, wealthy Harriet (Deschanel) when they meet in his store.",0.43629664182662964,False
5ac1b48f55429963665198f3,"The Golden Globe Award winner for best actor from ""Roseanne"" starred along what actress in Gigantic?",Zooey Deschanel,bridge,medium,Dense,5,D010,D010_C007,Tom Cruise filmography,For his performance Cruise received the Golden Globe Award for Best Actor – Motion Picture Drama and his first nomination for the Academy Award for Best Actor.,0.4271298348903656,False
5ab9d58855429939ce03dc3a,"The expert mentor to the celebrities that perform on ""Splash!"" won the 2009 FINA World Championionship in the individual event at what age? ",15,bridge,medium,Dense,1,D002,D002_C003,Splash! (UK TV series),The celebrities perform each week in front of a panel of judges and a live audience in an Olympic-size diving pool with the result each week partly determined by public vote.,0.637445330619812,False
5ab9d58855429939ce03dc3a,"The expert mentor to the celebrities that perform on ""Splash!"" won the 2009 FINA World Championionship in the individual event at what age? ",15,bridge,medium,Dense,2,D002,D002_C004,Splash! (UK TV series),"Gabby Logan and Vernon Kay present the show, whilst Team GB Olympic Bronze Medal winning diver Tom Daley is the expert mentor to the celebrities.",0.614469051361084,True
5ab9d58855429939ce03dc3a,"The expert mentor to the celebrities that perform on ""Splash!"" won the 2009 FINA World Championionship in the individual event at what age? ",15,bridge,medium,Dense,3,D002,D002_C002,Splash! (UK TV series),is a British television series that follows celebrities as they try to master the art of diving.,0.5215181112289429,False
5ab9d58855429939ce03dc3a,"The expert mentor to the celebrities that perform on ""Splash!"" won the 2009 FINA World Championionship in the individual event at what age? ",15,bridge,medium,Dense,4,D006,D006_C003,Alicia McCormack,"Although she did not play water polo in 2010 due to injury, McCormack has won gold medals at the 2006 Commonwealth Games and the 2006 FINA World Cup; a silver medal at the 2007 FINA World Championships; and bronze medals at the 2008 and 2012 Summer Olympics, 2005 FINA World League Super Finals, 2008 FINA World League Super Finals and 2009 FINA World League Super Finals.",0.5180749893188477,False
5ab9d58855429939ce03dc3a,"The expert mentor to the celebrities that perform on ""Splash!"" won the 2009 FINA World Championionship in the individual event at what age? ",15,bridge,medium,Dense,5,D010,D010_C002,2010 FINA Diving World Cup,It was the 17th FINA Diving World Cup competition.,0.5176249742507935,False
5ab9121555429919ba4e238a,"Still Da Baddest is the fourth studio album by American rapper Trina, following the poor chart performance, ""I Got a Thang for You"" featuring which American singer/songwriter, record producer, business woman, and television personality, and was born in Oakland, California?",Keyshia Cole,bridge,easy,Dense,1,D003,D003_C001,Still da Baddest,Still Da Baddest is the fourth studio album by American rapper Trina.,0.8080202341079712,False
5ab9121555429919ba4e238a,"Still Da Baddest is the fourth studio album by American rapper Trina, following the poor chart performance, ""I Got a Thang for You"" featuring which American singer/songwriter, record producer, business woman, and television personality, and was born in Oakland, California?",Keyshia Cole,bridge,easy,Dense,2,D001,D001_C001,I Got a Thang for You,"""I Got a Thang for You"" is the second single from Miami-based rapper Trina's fourth album ""Still da Baddest"".",0.7627182602882385,False
5ab9121555429919ba4e238a,"Still Da Baddest is the fourth studio album by American rapper Trina, following the poor chart performance, ""I Got a Thang for You"" featuring which American singer/songwriter, record producer, business woman, and television personality, and was born in Oakland, California?",Keyshia Cole,bridge,easy,Dense,3,D005,D005_C001,Da Baddest Bitch,Da Baddest Bitch is the debut album by American rapper Trina.,0.7227045297622681,False
5ab9121555429919ba4e238a,"Still Da Baddest is the fourth studio album by American rapper Trina, following the poor chart performance, ""I Got a Thang for You"" featuring which American singer/songwriter, record producer, business woman, and television personality, and was born in Oakland, California?",Keyshia Cole,bridge,easy,Dense,4,D006,D006_C001,Single Again,"""Single Again"" is the lead single from Miami rapper Trina's fourth album ""Still da Baddest"".",0.682817816734314,False
5ab9121555429919ba4e238a,"Still Da Baddest is the fourth studio album by American rapper Trina, following the poor chart performance, ""I Got a Thang for You"" featuring which American singer/songwriter, record producer, business woman, and television personality, and was born in Oakland, California?",Keyshia Cole,bridge,easy,Dense,5,D003,D003_C004,Still da Baddest,"Following the poor chart performance, ""I Got a Thang for You"" featuring Keyshia Cole, was released as the album's second single.",0.6490960121154785,True
5abf037a5542993fe9a41dbe,What profession does Am Rong and Alexandre Rockwell have in common?,filmmaker,comparison,medium,Dense,1,D009,D009_C003,Alexandre Rockwell,His father was also an actor and filmmaker.,0.6365182399749756,True
5abf037a5542993fe9a41dbe,What profession does Am Rong and Alexandre Rockwell have in common?,filmmaker,comparison,medium,Dense,2,D009,D009_C004,Alexandre Rockwell,"His mother, Svetlana Rockwell, was born in Paris and emigrated to the US to marry Alex's father; she was a painter.",0.5912978649139404,False
5abf037a5542993fe9a41dbe,What profession does Am Rong and Alexandre Rockwell have in common?,filmmaker,comparison,medium,Dense,3,D009,D009_C002,Alexandre Rockwell,"His grandmother was a stage actress in Paris, as well as an artist.",0.5740060806274414,False
5abf037a5542993fe9a41dbe,What profession does Am Rong and Alexandre Rockwell have in common?,filmmaker,comparison,medium,Dense,4,D009,D009_C005,Alexandre Rockwell,"Rockwell grew up in Cambridge, MA and moved to New York City in his early 20s.",0.5512726306915283,False
5abf037a5542993fe9a41dbe,What profession does Am Rong and Alexandre Rockwell have in common?,filmmaker,comparison,medium,Dense,5,D009,D009_C001,Alexandre Rockwell,"Rockwell is the grandson of the Russian animator Alexandre Alexeieff, who invented the pinscreen, and of Alexandra Grinevsky, Countess de Lowendhal.",0.4661058783531189,False
5ab3ed12554299753aec59f3,El Nuevo Cojo and Golf Magazine are both special interest publications but which one is owned by Time Inc?,Golf Magazine,comparison,medium,Dense,1,D003,D003_C002,Golf Magazine,Time Inc. acquired it in 2000.,0.6726988554000854,False
5ab3ed12554299753aec59f3,El Nuevo Cojo and Golf Magazine are both special interest publications but which one is owned by Time Inc?,Golf Magazine,comparison,medium,Dense,2,D003,D003_C001,Golf Magazine,"Golf Magazine is a monthly golf magazine owned by ""Time Inc."" It was started in April, 1959 by Universal Publishing and Distributing, who sold it to Times Mirror in 1972.",0.651165246963501,True
5ab3ed12554299753aec59f3,El Nuevo Cojo and Golf Magazine are both special interest publications but which one is owned by Time Inc?,Golf Magazine,comparison,medium,Dense,3,D010,D010_C002,Time Inc.,"It owns and publishes over 100 magazine brands, most notably its flagship ""Time"".",0.6028447151184082,False
5ab3ed12554299753aec59f3,El Nuevo Cojo and Golf Magazine are both special interest publications but which one is owned by Time Inc?,Golf Magazine,comparison,medium,Dense,4,D010,D010_C003,Time Inc.,"Other magazines include ""Sports Illustrated"", ""Travel + Leisure"", ""Food & Wine"", ""Fortune"", ""People"", ""InStyle"", ""Life"", ""Golf Magazine"", ""Southern Living"", ""Essence"", ""Real Simple"", and ""Entertainment Weekly"".",0.5937145948410034,False
5ab3ed12554299753aec59f3,El Nuevo Cojo and Golf Magazine are both special interest publications but which one is owned by Time Inc?,Golf Magazine,comparison,medium,Dense,5,D010,D010_C004,Time Inc.,It also has subsidiaries which it co-operates with the UK magazine house Time Inc.,0.5695770978927612,False
5abcfc3b554299114383a1ad,Who funds the bowling team that includes the school bus driver for Springfield Elementary School?,Mr. Burns,bridge,medium,Dense,1,D003,D003_C002,Otto Mann,He is the school bus driver for Springfield Elementary School.,0.592483639717102,True
5abcfc3b554299114383a1ad,Who funds the bowling team that includes the school bus driver for Springfield Elementary School?,Mr. Burns,bridge,medium,Dense,2,D001,D001_C003,Team Homer,"In the episode, Homer starts a bowling team with Moe, Apu, and Otto.",0.4812549650669098,True
5abcfc3b554299114383a1ad,Who funds the bowling team that includes the school bus driver for Springfield Elementary School?,Mr. Burns,bridge,medium,Dense,3,D009,D009_C005,The Otto Show,"Racing to Springfield Elementary, Otto crashes the school bus and is suspended until he can get his license back.",0.4687856435775757,False
5abcfc3b554299114383a1ad,Who funds the bowling team that includes the school bus driver for Springfield Elementary School?,Mr. Burns,bridge,medium,Dense,4,D006,D006_C012,Charleston Community Unit School District 1,"The superintendent of the schools in the district as of the 2007-08 school year was Dr. William Hill, although is considered as an interim;lastly, the mascots of the district and its middle and high schools are the Trojans, while the mascot of Jefferson Elementary School is the bulldog.",0.4384552240371704,False
5abcfc3b554299114383a1ad,Who funds the bowling team that includes the school bus driver for Springfield Elementary School?,Mr. Burns,bridge,medium,Dense,5,D002,D002_C009,North Boone Community Unit School District 200,The current superintendent is Steven Baule.,0.40117424726486206,False
5a74f2ff5542993748c89748,What city are George Washington University Hospital and MedStar Washington Hospital Center located in?,"Washington, D.C.",comparison,medium,Dense,1,D007,D007_C001,George Washington University Hospital,"The George Washington University Hospital is located in Washington, D.C. in the United States.",0.8122023344039917,True
5a74f2ff5542993748c89748,What city are George Washington University Hospital and MedStar Washington Hospital Center located in?,"Washington, D.C.",comparison,medium,Dense,2,D009,D009_C003,MedStar Washington Hospital Center,It also serves as a teaching hospital for Georgetown University School of Medicine.,0.8107703328132629,False
5a74f2ff5542993748c89748,What city are George Washington University Hospital and MedStar Washington Hospital Center located in?,"Washington, D.C.",comparison,medium,Dense,3,D007,D007_C002,George Washington University Hospital,It is affiliated with the George Washington University School of Medicine and Health Sciences.,0.7911458611488342,False
5a74f2ff5542993748c89748,What city are George Washington University Hospital and MedStar Washington Hospital Center located in?,"Washington, D.C.",comparison,medium,Dense,4,D007,D007_C004,George Washington University Hospital,The hospital is licensed by the District of Columbia Department of Consumer and Regulatory Affairs and accredited by the U.S. Joint Commission.,0.7535613775253296,False
5a74f2ff5542993748c89748,What city are George Washington University Hospital and MedStar Washington Hospital Center located in?,"Washington, D.C.",comparison,medium,Dense,5,D009,D009_C001,MedStar Washington Hospital Center,"MedStar Washington Hospital Center is the largest private hospital in Washington, D.C. A member of MedStar Health, the not-for-profit Hospital Center is licensed for 926 beds.",0.751945436000824,True
5ac52b495542994611c8b3de,what is the connection between Peter O'Meara and Norman Dike?,Band of Brothers,bridge,easy,Dense,1,D004,D004_C002,Peter O'Meara,"Lauded for his work on the London stage he came to the screen in the groundbreaking HBO series ""Band of Brothers"" playing 1st Lt Norman Dike.",0.6555627584457397,True
5ac52b495542994611c8b3de,what is the connection between Peter O'Meara and Norman Dike?,Band of Brothers,bridge,easy,Dense,2,D005,D005_C004,Norman Dike,"Dike was portrayed in the HBO miniseries ""Band of Brothers"" by Peter O'Meara.",0.6170111894607544,True
5ac52b495542994611c8b3de,what is the connection between Peter O'Meara and Norman Dike?,Band of Brothers,bridge,easy,Dense,3,D004,D004_C001,Peter O'Meara,Peter O'Meara is an award-winning Irish actor.,0.5576748847961426,False
5ac52b495542994611c8b3de,what is the connection between Peter O'Meara and Norman Dike?,Band of Brothers,bridge,easy,Dense,4,D001,D001_C003,Peter O'Meara (rugby union),O'Meara had previously been on the boards of the NSWRU and QRU and had moved to Western Australia in his capacity as an executive with the Commonwealth Bank.,0.45286887884140015,False
5ac52b495542994611c8b3de,what is the connection between Peter O'Meara and Norman Dike?,Band of Brothers,bridge,easy,Dense,5,D001,D001_C001,Peter O'Meara (rugby union),Peter O'Meara was the inaugural CEO of the Western Force rugby union team.,0.4522170126438141,False
5a72b1c25542992359bc3172,"What author has contributed to such works as ""New Statesmen"", ""The Nation"", and ""The Atlantic"", among others, while also being being associated with Dysteleology?",Christopher Hitchens,bridge,medium,Dense,1,D005,D005_C002,Dysteleology,"The term ""dysteleology"" is a modern word invented and popularized by Ernst Haeckel.",0.46748462319374084,False
5a72b1c25542992359bc3172,"What author has contributed to such works as ""New Statesmen"", ""The Nation"", and ""The Atlantic"", among others, while also being being associated with Dysteleology?",Christopher Hitchens,bridge,medium,Dense,2,D005,D005_C003,Dysteleology,"Dysteleology is an aggressive, yet optimistic, form of science-oriented atheism originally perhaps associated with Haeckel and his followers, but now perhaps more associated with the type of atheism of Richard Dawkins, Sam Harris, or Christopher Hitchens.",0.46120476722717285,True
5a72b1c25542992359bc3172,"What author has contributed to such works as ""New Statesmen"", ""The Nation"", and ""The Atlantic"", among others, while also being being associated with Dysteleology?",Christopher Hitchens,bridge,medium,Dense,3,D003,D003_C006,Silas Bent,"As a freelance writer he contributed articles to ""The New York Times"", ""Harper's Weekly"" and ""The Atlantic"" among others.",0.4604465365409851,False
5a72b1c25542992359bc3172,"What author has contributed to such works as ""New Statesmen"", ""The Nation"", and ""The Atlantic"", among others, while also being being associated with Dysteleology?",Christopher Hitchens,bridge,medium,Dense,4,D002,D002_C002,Peter Gallo,"He received his Ph.D. and MA in Art History from Concordia University, Montreal, and has written about the intersection of biopolitics, medicalization, and artistic experience from the eighteenth to early twenty-first centuries.",0.44216233491897583,False
5a72b1c25542992359bc3172,"What author has contributed to such works as ""New Statesmen"", ""The Nation"", and ""The Atlantic"", among others, while also being being associated with Dysteleology?",Christopher Hitchens,bridge,medium,Dense,5,D002,D002_C006,Peter Gallo,"He has contributed criticism to ""Art in America"" and ""Art New England"", among others.",0.43587130308151245,False
5a72a00d5542991f9a20c53c,Who developed the prototype pacemaker used by the 34th President of the USA?,R Adams Cowley,bridge,medium,Dense,1,D006,D006_C008,R Adams Cowley,He is also known for being one of the first surgeons to perform open-heart surgery and invented both a surgical clamp that bears his name and a prototype pacemaker that was used by Dwight D. Eisenhower.,0.5833804607391357,True
5a72a00d5542991f9a20c53c,Who developed the prototype pacemaker used by the 34th President of the USA?,R Adams Cowley,bridge,medium,Dense,2,D001,D001_C001,Dwight D. Eisenhower,"Dwight David ""Ike"" Eisenhower ( ; October 14, 1890 – March 28, 1969) was an American politician and Army general who served as the 34th President of the United States from 1953 until 1961.",0.4156256914138794,True
5a72a00d5542991f9a20c53c,Who developed the prototype pacemaker used by the 34th President of the USA?,R Adams Cowley,bridge,medium,Dense,3,D007,D007_C002,David Eisenhower,"He is the only grandson of 34th President of the United States, Dwight D. Eisenhower, and the son-in-law of the 37th President of the United States Richard Nixon.",0.3698674440383911,False
5a72a00d5542991f9a20c53c,Who developed the prototype pacemaker used by the 34th President of the USA?,R Adams Cowley,bridge,medium,Dense,4,D006,D006_C007,R Adams Cowley,"He also founded the nation's first statewide EMS system, called MIEMSS by Executive Order of Maryland's Governor Mandel, 1972, as well as the National Study Center for Trauma and EMS, enacted by Congress in 1986 and signed into law by President Ronald Reagan.",0.3502480089664459,False
5a72a00d5542991f9a20c53c,Who developed the prototype pacemaker used by the 34th President of the USA?,R Adams Cowley,bridge,medium,Dense,5,D006,D006_C004,R Adams Cowley,"Many people called the four-bed unit the ""death lab.""",0.2686108350753784,False
5a8fa73e5542992414482b22,Which publishing company has published Bizarre and a sister publication devoted to the anomalous phenomena popularised by Charles Fort?,Dennis Publishing,bridge,medium,Dense,1,D002,D002_C001,Charles Fort,"Charles Hoy Fort (August 6, 1874 – May 3, 1932) was an American writer and researcher who specialized in anomalous phenomena.",0.6367975473403931,False
5a8fa73e5542992414482b22,Which publishing company has published Bizarre and a sister publication devoted to the anomalous phenomena popularised by Charles Fort?,Dennis Publishing,bridge,medium,Dense,2,D004,D004_C002,Bizarre (magazine),"It was published by Dennis Publishing, and was a sister publication to the ""Fortean Times"".",0.6271160840988159,True
5a8fa73e5542992414482b22,Which publishing company has published Bizarre and a sister publication devoted to the anomalous phenomena popularised by Charles Fort?,Dennis Publishing,bridge,medium,Dense,3,D007,D007_C002,Vincent Gaddis,He popularized many stories about anomalous and paranormal phenomena in a style similar to that of Charles Fort.,0.5914855599403381,False
5a8fa73e5542992414482b22,Which publishing company has published Bizarre and a sister publication devoted to the anomalous phenomena popularised by Charles Fort?,Dennis Publishing,bridge,medium,Dense,4,D003,D003_C002,Bob Rickard,"The magazine's express purpose is to continue the documentary work of Charles Fort on the strange, anomalous and unexplained.",0.5423271656036377,False
5a8fa73e5542992414482b22,Which publishing company has published Bizarre and a sister publication devoted to the anomalous phenomena popularised by Charles Fort?,Dennis Publishing,bridge,medium,Dense,5,D001,D001_C001,Fortean Times,Fortean Times is a British monthly magazine devoted to the anomalous phenomena popularised by Charles Fort.,0.5418511629104614,True
5a8dfbeb5542995085b3736e,"Who performed the lead single on the album Friends in Low Places, No Fences, that reached #1 on Billboard?",Garth Brooks,bridge,medium,Dense,1,D010,D010_C002,Friends in Low Places,"It was released on August 6, 1990 as the lead single from his album ""No Fences"".",0.8445223569869995,True
5a8dfbeb5542995085b3736e,"Who performed the lead single on the album Friends in Low Places, No Fences, that reached #1 on Billboard?",Garth Brooks,bridge,medium,Dense,2,D009,D009_C003,No Fences,"The album also reached #3 on the ""Billboard"" 200.",0.7227482795715332,False
5a8dfbeb5542995085b3736e,"Who performed the lead single on the album Friends in Low Places, No Fences, that reached #1 on Billboard?",Garth Brooks,bridge,medium,Dense,3,D009,D009_C002,No Fences,"It was released on August 27, 1990, and reached #1 on ""Billboard's"" Top Country Albums chart.",0.6961336135864258,True
5a8dfbeb5542995085b3736e,"Who performed the lead single on the album Friends in Low Places, No Fences, that reached #1 on Billboard?",Garth Brooks,bridge,medium,Dense,4,D010,D010_C001,Friends in Low Places,"""Friends in Low Places"" is a song performed by American country pop artist Garth Brooks.",0.6670726537704468,True
5a8dfbeb5542995085b3736e,"Who performed the lead single on the album Friends in Low Places, No Fences, that reached #1 on Billboard?",Garth Brooks,bridge,medium,Dense,5,D010,D010_C003,Friends in Low Places,"The song spent four weeks at number one on the Hot Country Songs, and won both the Academy of Country Music and Country Music Association awards for 1990 Single of the Year.",0.655989944934845,False
5ab39701554299233954ff5e,Hate to Feel is the tenth track on what Alice in Chains' album that peaked as number six on the Billboard 200?,Dirt,bridge,medium,Dense,1,D010,D010_C001,Hate to Feel,"""Hate to Feel"" is the tenth track on Alice in Chains' album ""Dirt"" (1992).",0.8076274394989014,True
5ab39701554299233954ff5e,Hate to Feel is the tenth track on what Alice in Chains' album that peaked as number six on the Billboard 200?,Dirt,bridge,medium,Dense,2,D010,D010_C002,Hate to Feel,"The song was included on the compilation albums ""Music Bank"" (1999) and ""The Essential Alice in Chains"".",0.7733167409896851,False
5ab39701554299233954ff5e,Hate to Feel is the tenth track on what Alice in Chains' album that peaked as number six on the Billboard 200?,Dirt,bridge,medium,Dense,3,D010,D010_C003,Hate to Feel,It has also been the ninth track on later prints of the album and eleventh on others.,0.7056179046630859,False
5ab39701554299233954ff5e,Hate to Feel is the tenth track on what Alice in Chains' album that peaked as number six on the Billboard 200?,Dirt,bridge,medium,Dense,4,D008,D008_C002,Dirt (Alice in Chains album),"Peaking at number six on the ""Billboard"" 200, the album was also well received by music critics.",0.6784290075302124,True
5ab39701554299233954ff5e,Hate to Feel is the tenth track on what Alice in Chains' album that peaked as number six on the Billboard 200?,Dirt,bridge,medium,Dense,5,D008,D008_C001,Dirt (Alice in Chains album),"Dirt is the second studio album by the American rock band Alice in Chains, released on September 29, 1992, through Columbia Records.",0.5487229824066162,False
5ab6ad2855429953192ad35e,"The lead singer and guitarist in the Portland, Oregon rock band consisting of John Gourley, Zach Carothers, Kyle O'Quin, Jason Sechrist and Eric Howk, goes by what alias?",The Fantastic The,bridge,medium,Dense,1,D007,D007_C002,John Gourley,"He is the lead singer and guitarist in the Portland, Oregon rock band Portugal.",0.5866208672523499,True
5ab6ad2855429953192ad35e,"The lead singer and guitarist in the Portland, Oregon rock band consisting of John Gourley, Zach Carothers, Kyle O'Quin, Jason Sechrist and Eric Howk, goes by what alias?",The Fantastic The,bridge,medium,Dense,2,D001,D001_C001,Mocean 8,"Mocean 8 is a Boston, Massachusetts, United States based acoustic rock band consisting of Dan McQueen (guitarist/singer), Jim Corcoran (percussion), Mike Hartman (Bass), and Justin Corcoran (drums/guitar).",0.4953811764717102,False
5ab6ad2855429953192ad35e,"The lead singer and guitarist in the Portland, Oregon rock band consisting of John Gourley, Zach Carothers, Kyle O'Quin, Jason Sechrist and Eric Howk, goes by what alias?",The Fantastic The,bridge,medium,Dense,3,D008,D008_C003,Portugal. The Man,"The group consists of John Gourley, Zach Carothers, Kyle O'Quin, Jason Sechrist and Eric Howk.",0.4782131314277649,True
5ab6ad2855429953192ad35e,"The lead singer and guitarist in the Portland, Oregon rock band consisting of John Gourley, Zach Carothers, Kyle O'Quin, Jason Sechrist and Eric Howk, goes by what alias?",The Fantastic The,bridge,medium,Dense,4,D002,D002_C003,In the Mountain in the Cloud,"It was recorded over a period of eight months, and produced by John Hill, the band's frontman John Gourley, and Casey Bates.",0.4690394401550293,False
5ab6ad2855429953192ad35e,"The lead singer and guitarist in the Portland, Oregon rock band consisting of John Gourley, Zach Carothers, Kyle O'Quin, Jason Sechrist and Eric Howk, goes by what alias?",The Fantastic The,bridge,medium,Dense,5,D004,D004_C003,Portugal. The Man discography,"The band was formed in 2004 in Wasilla, Alaska by John Gourley, Zach Carothers, Kyle O'Quin, Jason Sechrist and Eric Howk.",0.4669567048549652,False
5adf8d5b5542995534e8c7e1,What year was the winner of the 2016 Marrakesh ePrix born?,1988,bridge,medium,Dense,1,D005,D005_C001,2016 Marrakesh ePrix,"The 2016 Marrakesh ePrix (formally the 2016 FIA Formula E Marrakesh ePrix) was a Formula E motor race held on 12 November 2016 at the Circuit Moulay El Hassan in Marrakesh, Morocco in front of a crowd of 7,000 people.",0.7440025806427002,False
5adf8d5b5542995534e8c7e1,What year was the winner of the 2016 Marrakesh ePrix born?,1988,bridge,medium,Dense,2,D005,D005_C003,2016 Marrakesh ePrix,"The 33-lap race was won by e.Dams-Renault driver Sébastien Buemi, who started from the seventh position.",0.6960132122039795,True
5adf8d5b5542995534e8c7e1,What year was the winner of the 2016 Marrakesh ePrix born?,1988,bridge,medium,Dense,3,D005,D005_C002,2016 Marrakesh ePrix,It was the second round of the 2016–17 Formula E season and the first time the series had visited the African continent.,0.6492286920547485,False
5adf8d5b5542995534e8c7e1,What year was the winner of the 2016 Marrakesh ePrix born?,1988,bridge,medium,Dense,4,D005,D005_C004,2016 Marrakesh ePrix,Sam Bird finished second for the Virgin team and Mahindra driver Felix Rosenqvist came in third.,0.6396188735961914,False
5adf8d5b5542995534e8c7e1,What year was the winner of the 2016 Marrakesh ePrix born?,1988,bridge,medium,Dense,5,D004,D004_C005,Jérôme d'Ambrosio,"D'Ambrosio achieved his first Formula E victory in 2015 at the 2015 Berlin ePrix, and a second at the 2016 Mexican ePrix, both as a result of Lucas di Grassi's disqualification.",0.48076000809669495,False
5ae5b3df5542992663a4f20b,"South Korean actor Kim Yool-ho starred in what 2016 movie directed by Yeon Sang-ho Yeon Sang-ho and starring actors Gong Yoo, Jung Yu-mi, and Ma Dong-seok?",Train to Busan,bridge,easy,Dense,1,D006,D006_C001,Yeon Sang-ho,Yeon Sang-ho (born 1978) is a South Korean film director and screenwriter.,0.7209035158157349,False
5ae5b3df5542992663a4f20b,"South Korean actor Kim Yool-ho starred in what 2016 movie directed by Yeon Sang-ho Yeon Sang-ho and starring actors Gong Yoo, Jung Yu-mi, and Ma Dong-seok?",Train to Busan,bridge,easy,Dense,2,D004,D004_C001,Train to Busan,"Train to Busan () is a 2016 South Korean zombie apocalypse action thriller film directed by Yeon Sang-ho and starring Gong Yoo, Jung Yu-mi, and Ma Dong-seok.",0.5913208723068237,True
5ae5b3df5542992663a4f20b,"South Korean actor Kim Yool-ho starred in what 2016 movie directed by Yeon Sang-ho Yeon Sang-ho and starring actors Gong Yoo, Jung Yu-mi, and Ma Dong-seok?",Train to Busan,bridge,easy,Dense,3,D007,D007_C001,Kim Yool-ho,"Kim Yool-ho (; born February 21, 1985) is a South Korean actor and model, He is best known for his role in ""The Map Against the World"", in which he played Prince Geumwi, and the 2016 zombie thriller apocalypse film ""Train to Busan"" as ""man in suit 2"", who helps Yong-suk (played by Kim Eui-sung).",0.5803011059761047,True
5ae5b3df5542992663a4f20b,"South Korean actor Kim Yool-ho starred in what 2016 movie directed by Yeon Sang-ho Yeon Sang-ho and starring actors Gong Yoo, Jung Yu-mi, and Ma Dong-seok?",Train to Busan,bridge,easy,Dense,4,D001,D001_C002,Seoul Station (film),"Released on August 18, 2016, the film stars Ryu Seung-ryong, Shim Eun-kyung and Lee Joon in the lead roles.",0.5633845329284668,False
5ae5b3df5542992663a4f20b,"South Korean actor Kim Yool-ho starred in what 2016 movie directed by Yeon Sang-ho Yeon Sang-ho and starring actors Gong Yoo, Jung Yu-mi, and Ma Dong-seok?",Train to Busan,bridge,easy,Dense,5,D001,D001_C001,Seoul Station (film),Seoul Station (Korean: 서울역 ) is a South Korean animated zombie drama film written and directed by Yeon Sang-ho.,0.5507400035858154,False
5ac2423755429951e9e684ff,According to the 2006 census what is the population of the city in which James Iroha Uchechukwu was born ?,"722,664",bridge,medium,Dense,1,D005,D005_C002,Uche James-Iroha,He was born in 1972 in Enugu.,0.6442843079566956,True
5ac2423755429951e9e684ff,According to the 2006 census what is the population of the city in which James Iroha Uchechukwu was born ?,"722,664",bridge,medium,Dense,2,D005,D005_C001,Uche James-Iroha,James Iroha Uchechukwu is a Nigerian photographer.,0.5766697525978088,False
5ac2423755429951e9e684ff,According to the 2006 census what is the population of the city in which James Iroha Uchechukwu was born ?,"722,664",bridge,medium,Dense,3,D002,D002_C002,Aghajari,"At the 2006 census, its population was 13,152, in 2,943 families.",0.4895516633987427,False
5ac2423755429951e9e684ff,According to the 2006 census what is the population of the city in which James Iroha Uchechukwu was born ?,"722,664",bridge,medium,Dense,4,D008,D008_C003,Enugu,"The city had a population of 722,664 according to the 2006 Nigerian census.",0.4468124508857727,True
5ac2423755429951e9e684ff,According to the 2006 census what is the population of the city in which James Iroha Uchechukwu was born ?,"722,664",bridge,medium,Dense,5,D009,D009_C003,Terang,"At the 2006 census , Terang had a population of 1,824.",0.4459281861782074,False
5a822d4655429926c1cdae45,What actor in the film D.C. Cab also had a role in the TV series Barney Miller?,Max Gail,bridge,medium,Dense,1,D010,D010_C002,Joe Bash,"Starring Peter Boyle as a weary and embittered New York City Police Department beat cop, it was created by veteran TV producer Danny Arnold following his successful New York City police detective sitcom ""Barney Miller"".",0.6304065585136414,False
5a822d4655429926c1cdae45,What actor in the film D.C. Cab also had a role in the TV series Barney Miller?,Max Gail,bridge,medium,Dense,2,D004,D004_C004,Jim Moody (actor),"Jim starred in the 1983 comedy film ""D.C. Cab"" as Arnie, a member of the rival cab company, Emerald Cab.",0.610122799873352,False
5a822d4655429926c1cdae45,What actor in the film D.C. Cab also had a role in the TV series Barney Miller?,Max Gail,bridge,medium,Dense,3,D008,D008_C002,Ron Carey (actor),"The 5 ft actor was best known for playing ambitious NYPD Police Officer Carl Levitt on TV's ""Barney Miller"", in which he was almost always surrounded by male actors (and sometimes female guest stars) who stood at least 4 in taller.",0.6092851161956787,False
5a822d4655429926c1cdae45,What actor in the film D.C. Cab also had a role in the TV series Barney Miller?,Max Gail,bridge,medium,Dense,4,D002,D002_C001,D.C. Cab,"D.C. Cab (also known as Street Fight) is a 1983 American comedy film, starring Max Gail, Adam Baldwin, Mr. T, Charlie Barnett, Gary Busey, Marsha Warfield, and Whitman Mayo.",0.5893831849098206,True
5a822d4655429926c1cdae45,What actor in the film D.C. Cab also had a role in the TV series Barney Miller?,Max Gail,bridge,medium,Dense,5,D005,D005_C002,Jack Soo,"He is best known for his role as Detective Nick Yemana on the television sitcom ""Barney Miller"".",0.5785729885101318,False
5ab9672655429970cfb8eabd,Which industry do Richard Hawley and Chicago's Catherine belong to? ,rock band,comparison,easy,Dense,1,D004,D004_C001,Richard Hawley,"Richard Willis Hawley (born 17 January 1967) is an English guitarist, singer-songwriter and producer.",0.5101304650306702,True
5ab9672655429970cfb8eabd,Which industry do Richard Hawley and Chicago's Catherine belong to? ,rock band,comparison,easy,Dense,2,D004,D004_C006,Richard Hawley,"He has collaborated with Lisa Marie Presley, Arctic Monkeys, Manic Street Preachers and Paul Weller.",0.4536174535751343,False
5ab9672655429970cfb8eabd,Which industry do Richard Hawley and Chicago's Catherine belong to? ,rock band,comparison,easy,Dense,3,D004,D004_C004,Richard Hawley,"As a solo musician, Hawley has released seven studio albums.",0.4234265983104706,False
5ab9672655429970cfb8eabd,Which industry do Richard Hawley and Chicago's Catherine belong to? ,rock band,comparison,easy,Dense,4,D007,D007_C001,Lowedges,Lowedges is the third studio album from musician Richard Hawley.,0.41119274497032166,False
5ab9672655429970cfb8eabd,Which industry do Richard Hawley and Chicago's Catherine belong to? ,rock band,comparison,easy,Dense,5,D007,D007_C003,Lowedges,It is named after a district in Hawley's home city of Sheffield.,0.39985978603363037,False
5abb1f745542996cc5e49fb5,Are Pam Veasey and Jon Jost both American?,yes,comparison,medium,Dense,1,D001,D001_C001,Pam Veasey,"Pamela Renea Veasey (born May 25, 1962) is an American television writer, producer and director.",0.5221715569496155,True
5abb1f745542996cc5e49fb5,Are Pam Veasey and Jon Jost both American?,yes,comparison,medium,Dense,2,D010,D010_C001,Jon Jost,Jon Jost (born 16 May 1943 in Chicago) is an American independent filmmaker.,0.46933144330978394,True
5abb1f745542996cc5e49fb5,Are Pam Veasey and Jon Jost both American?,yes,comparison,medium,Dense,3,D003,D003_C004,Marc Veasey,He is a member of the Democratic Party.,0.42066651582717896,False
5abb1f745542996cc5e49fb5,Are Pam Veasey and Jon Jost both American?,yes,comparison,medium,Dense,4,D008,D008_C002,Emmanuelle Chaulet,"She starred in Eric Rohmer's 1987 comedy ""Boyfriends and Girlfriends"" and Jon Jost's 1990 film ""All the Vermeers in New York"".",0.3894679546356201,False
5abb1f745542996cc5e49fb5,Are Pam Veasey and Jon Jost both American?,yes,comparison,medium,Dense,5,D002,D002_C001,All the Vermeers in New York,"All the Vermeers in New York is a 1990 American film written, directed and produced by Jon Jost.",0.3519594669342041,False
5abbbd0f55429931dba144d5,Maurice Hines and his brother were famous for what?,dancer Gregory Hines,bridge,hard,Dense,1,D010,D010_C002,Maurice Hines,He is the brother of dancer Gregory Hines.,0.8308913111686707,True
5abbbd0f55429931dba144d5,Maurice Hines and his brother were famous for what?,dancer Gregory Hines,bridge,hard,Dense,2,D010,D010_C001,Maurice Hines,"Maurice Hines (born December 13, 1943) is an American actor, director, singer, and choreographer.",0.7414745092391968,False
5abbbd0f55429931dba144d5,Maurice Hines and his brother were famous for what?,dancer Gregory Hines,bridge,hard,Dense,3,D007,D007_C004,Andrew Hines,The team is headed by the legendary duo of Terry Vance and Byron Hines.,0.672855019569397,False
5abbbd0f55429931dba144d5,Maurice Hines and his brother were famous for what?,dancer Gregory Hines,bridge,hard,Dense,4,D007,D007_C003,Andrew Hines,"Andrew follows in the footsteps of his brother and crew chief, Matt Hines (NHRA Champion 1996, 97, 98).",0.6681375503540039,False
5abbbd0f55429931dba144d5,Maurice Hines and his brother were famous for what?,dancer Gregory Hines,bridge,hard,Dense,5,D007,D007_C001,Andrew Hines,"Andrew Hines (born May 25, 1983 in Villa Park, California) is a five-time National Hot Rod Association Pro Stock Motorcycle champion.",0.6575422286987305,False
5ac3e8c65542997ea680c993,Are the New Orleans Outfall Canals the same length as the Augusta Canal?,yes,comparison,hard,Dense,1,D007,D007_C003,Orleans Canal,"The current version of the canal is about 2 km long, running along the up-river side of City Park, through the Lakeview and Lakeshore neighborhood, and into Lake Pontchartrain.",0.6884382963180542,False
5ac3e8c65542997ea680c993,Are the New Orleans Outfall Canals the same length as the Augusta Canal?,yes,comparison,hard,Dense,2,D001,D001_C002,Augusta Canal,The canal is fed by the Savannah River and passes through three levels (approximately 13 miles total) in suburban and urban Augusta before the water returns to the river at various locations.,0.6696828007698059,True
5ac3e8c65542997ea680c993,Are the New Orleans Outfall Canals the same length as the Augusta Canal?,yes,comparison,hard,Dense,3,D005,D005_C003,New Orleans Outfall Canals,There are 13 mi of levees and floodwalls that line the sides of the canals.,0.6607643961906433,True
5ac3e8c65542997ea680c993,Are the New Orleans Outfall Canals the same length as the Augusta Canal?,yes,comparison,hard,Dense,4,D007,D007_C001,Orleans Canal,"The Orleans Canal is a drainage canal in New Orleans, Louisiana.",0.6531108617782593,False
5ac3e8c65542997ea680c993,Are the New Orleans Outfall Canals the same length as the Augusta Canal?,yes,comparison,hard,Dense,5,D005,D005_C001,New Orleans Outfall Canals,"There are three outfall canals in New Orleans, Louisiana – the 17th Street, Orleans Avenue and London Avenue canals.",0.6241867542266846,False
5a87390555429960ec39b769,In which stadium do the teams owned by Myra Kraft's husband play?,Gillette Stadium,bridge,medium,Dense,1,D010,D010_C001,Myra Kraft,"Myra Hiatt Kraft (""née"" Myra Nathalie Hiatt; December 27, 1942 – July 20, 2011) was an American philanthropist and the wife of New England Patriots and New England Revolution owner Robert Kraft.",0.613220751285553,True
5a87390555429960ec39b769,In which stadium do the teams owned by Myra Kraft's husband play?,Gillette Stadium,bridge,medium,Dense,2,D004,D004_C003,Robert Kraft,"His sports holdings include: the National Football League's New England Patriots, Major League Soccer's New England Revolution and the stadium in which both teams play, Gillette Stadium.",0.5744706392288208,True
5a87390555429960ec39b769,In which stadium do the teams owned by Myra Kraft's husband play?,Gillette Stadium,bridge,medium,Dense,3,D004,D004_C002,Robert Kraft,"He is the chairman and chief executive officer of the Kraft Group, a diversified holding company with assets in paper and packaging, sports and entertainment, real estate development and a private equity portfolio.",0.4488769769668579,False
5a87390555429960ec39b769,In which stadium do the teams owned by Myra Kraft's husband play?,Gillette Stadium,bridge,medium,Dense,4,D004,D004_C001,Robert Kraft,"Robert Kenneth Kraft (born June 5, 1941) is an American businessman.",0.3613682985305786,False
5a87390555429960ec39b769,In which stadium do the teams owned by Myra Kraft's husband play?,Gillette Stadium,bridge,medium,Dense,5,D003,D003_C002,RSPORTS,"It was founded officially in 2007 as a technological partnership, but started out originally as two different teams owned by former race car drivers Carl Russo, who owned RuSPORT, and Paul Gentilozzi who founded Rocketsports.",0.3223804831504822,False
5a8766cb5542996e4f3087d6,What southern California based band covered Blue Öyster Cult's Godzilla?,Fu Manchu,bridge,medium,Dense,1,D003,D003_C001,Godzilla (song),"""Godzilla"" is a song by Blue Öyster Cult from their fifth album, ""Spectres"".",0.754114031791687,False
5a8766cb5542996e4f3087d6,What southern California based band covered Blue Öyster Cult's Godzilla?,Fu Manchu,bridge,medium,Dense,2,D003,D003_C003,Godzilla (song),"The song is, along with ""(Don't Fear) The Reaper"" and ""Burnin' for You"", one of Blue Öyster Cult's best known songs and has become a staple of their live performances.",0.7010366320610046,False
5a8766cb5542996e4f3087d6,What southern California based band covered Blue Öyster Cult's Godzilla?,Fu Manchu,bridge,medium,Dense,3,D002,D002_C001,Blue Öyster Cult,"Blue Öyster Cult (often abbreviated BÖC) is an American hard rock band formed on Long Island, New York, in 1967, whose most successful work includes the hard rock and heavy metal songs ""(Don't Fear) The Reaper"", ""Godzilla"" and ""Burnin' for You"".",0.7005560398101807,False
5a8766cb5542996e4f3087d6,What southern California based band covered Blue Öyster Cult's Godzilla?,Fu Manchu,bridge,medium,Dense,4,D003,D003_C004,Godzilla (song),"It has been covered by bands such as Racer X, Fu Manchu, The Smashing Pumpkins, Sebastian Bach and Fighting Gravity.",0.5781751871109009,True
5a8766cb5542996e4f3087d6,What southern California based band covered Blue Öyster Cult's Godzilla?,Fu Manchu,bridge,medium,Dense,5,D007,D007_C004,Blue Öyster Cult (album),"Blue Öyster Cult toured with artists such as The Byrds, Alice Cooper and the Mahavishnu Orchestra to support the album.",0.5644521117210388,False
5a7ca54c55429935c91b527f,"The Swedish-British entertainment studio executive and film executive producer, who was the Executive producer for a 2016 American action thriller film directed by Babak Najafi, currently serve?",CEO of Lionsgate UK & Europe,bridge,easy,Dense,1,D007,D007_C001,Zygi Kamasa,Zygi Kamasa (born 12 November 1969) is a Swedish-British entertainment studio executive and film executive producer.,0.42265939712524414,False
5a7ca54c55429935c91b527f,"The Swedish-British entertainment studio executive and film executive producer, who was the Executive producer for a 2016 American action thriller film directed by Babak Najafi, currently serve?",CEO of Lionsgate UK & Europe,bridge,easy,Dense,2,D004,D004_C003,Toby Emmerich,"He has been producer or executive producer of over 50 films, and he also wrote the screenplays to the films ""Frequency"" and ""The Last Mimzy"", among other screenplays.",0.3879663944244385,False
5a7ca54c55429935c91b527f,"The Swedish-British entertainment studio executive and film executive producer, who was the Executive producer for a 2016 American action thriller film directed by Babak Najafi, currently serve?",CEO of Lionsgate UK & Europe,bridge,easy,Dense,3,D004,D004_C001,Toby Emmerich,"Toby Emmerich (born February 8, 1963) is an American producer, film executive, and screenwriter.",0.32771143317222595,False
5a7ca54c55429935c91b527f,"The Swedish-British entertainment studio executive and film executive producer, who was the Executive producer for a 2016 American action thriller film directed by Babak Najafi, currently serve?",CEO of Lionsgate UK & Europe,bridge,easy,Dense,4,D008,D008_C003,No Code of Conduct,"The film was released as a direct-to-video feature in some countries, including: Australia, Sweden, Japan, the Czech Republic, Argentina, Brazil, Azerbaijan, Russia and Turkey.",0.32600468397140503,False
5a7ca54c55429935c91b527f,"The Swedish-British entertainment studio executive and film executive producer, who was the Executive producer for a 2016 American action thriller film directed by Babak Najafi, currently serve?",CEO of Lionsgate UK & Europe,bridge,easy,Dense,5,D009,D009_C003,Scott Rosenbaum,"Previously, he was an Executive Producer on NBC's ""Chuck"" and an Executive Producer on FX’s award-winning drama ""The Shield"".",0.32518965005874634,False
5a90c2b35542995651fb51df,"an Emmy Award winner and two-time Tony Award winner, was on the episode 15 of the third season of ""Chuck"". what is her name ?",Swoosie Kurtz,bridge,easy,Dense,1,D003,D003_C001,Chuck Versus the Role Models,"""Chuck Versus the Role Models"" is episode 15 of the third season of ""Chuck"".",0.6206401586532593,False
5a90c2b35542995651fb51df,"an Emmy Award winner and two-time Tony Award winner, was on the episode 15 of the third season of ""Chuck"". what is her name ?",Swoosie Kurtz,bridge,easy,Dense,2,D001,D001_C002,Jane Alexander,She is a Tony Award winner and two-time Emmy Award winner.,0.5972357392311096,False
5a90c2b35542995651fb51df,"an Emmy Award winner and two-time Tony Award winner, was on the episode 15 of the third season of ""Chuck"". what is her name ?",Swoosie Kurtz,bridge,easy,Dense,3,D008,D008_C002,Swoosie Kurtz,She is an Emmy Award winner and two-time Tony Award winner.,0.5555975437164307,True
5a90c2b35542995651fb51df,"an Emmy Award winner and two-time Tony Award winner, was on the episode 15 of the third season of ""Chuck"". what is her name ?",Swoosie Kurtz,bridge,easy,Dense,4,D004,D004_C002,Patti LuPone,She is a two-time Grammy Award winner and a two-time Tony Award winner.,0.4611983895301819,False
5a90c2b35542995651fb51df,"an Emmy Award winner and two-time Tony Award winner, was on the episode 15 of the third season of ""Chuck"". what is her name ?",Swoosie Kurtz,bridge,easy,Dense,5,D007,D007_C003,Rich Moore,"He is a two-time Emmy Award winner, a three-time Annie Award winner, and an Academy Award winner.",0.42378416657447815,False
5ae0fa8b5542997b2ef7d0c6,"What is the current name of the Atlanta Mansion built for the daughter of the 41st Mayor of Atlanta, Georgia?",Lullwater Estate,bridge,medium,Dense,1,D009,D009_C002,Asa Griggs Candler,"He also served as the 41st Mayor of Atlanta, Georgia from 1916 to 1919.",0.5704573392868042,True
5ae0fa8b5542997b2ef7d0c6,"What is the current name of the Atlanta Mansion built for the daughter of the 41st Mayor of Atlanta, Georgia?",Lullwater Estate,bridge,medium,Dense,2,D003,D003_C001,William B. Hartsfield,"William Berry Hartsfield, Sr. (March 1, 1890 – February 22, 1971), was an American politician who served as the 49th and 51st Mayor of Atlanta, Georgia.",0.5691415667533875,False
5ae0fa8b5542997b2ef7d0c6,"What is the current name of the Atlanta Mansion built for the daughter of the 41st Mayor of Atlanta, Georgia?",Lullwater Estate,bridge,medium,Dense,3,D005,D005_C001,Robert Maddox,"Robert Foster Maddox (April 4, 1870 – 1965) was the 41st Mayor of Atlanta, Georgia.",0.5566073060035706,False
5ae0fa8b5542997b2ef7d0c6,"What is the current name of the Atlanta Mansion built for the daughter of the 41st Mayor of Atlanta, Georgia?",Lullwater Estate,bridge,medium,Dense,4,D001,D001_C002,Rainbow Terrace,"The architect was G. Lloyd Preacher, the architect of Atlanta City Hall.",0.46666496992111206,False
5ae0fa8b5542997b2ef7d0c6,"What is the current name of the Atlanta Mansion built for the daughter of the 41st Mayor of Atlanta, Georgia?",Lullwater Estate,bridge,medium,Dense,5,D003,D003_C002,William B. Hartsfield,"His tenure extended from 1937 to 1941 and again from 1942 to 1962, making him the longest-serving mayor of his native Atlanta, Georgia.",0.46544304490089417,False
5a74a3bd55429979e28829da,Who invented the type of script used in autographs?,the Sumerians,bridge,medium,Dense,1,D010,D010_C001,Autograph (Assyriology),An autograph in Assyriology is the hand-copy of a cuneiform clay-tablet.,0.5369247198104858,True
5a74a3bd55429979e28829da,Who invented the type of script used in autographs?,the Sumerians,bridge,medium,Dense,2,D010,D010_C002,Autograph (Assyriology),Producing an autograph is often the first step of a tablet's archaeological interpretation and the autograph is frequently the authoritative form that is published as source material.,0.5293617248535156,False
5a74a3bd55429979e28829da,Who invented the type of script used in autographs?,the Sumerians,bridge,medium,Dense,3,D009,D009_C001,Cuneiform script,"Cuneiform script ( or or ), one of the earliest systems of writing, was invented by the Sumerians.",0.46422719955444336,True
5a74a3bd55429979e28829da,Who invented the type of script used in autographs?,the Sumerians,bridge,medium,Dense,4,D010,D010_C003,Autograph (Assyriology),"Autographing the text is followed by transliteration, transcription and translation.",0.458699494600296,False
5a74a3bd55429979e28829da,Who invented the type of script used in autographs?,the Sumerians,bridge,medium,Dense,5,D008,D008_C004,Siddhaṃ script,The script is a refinement of the script used during the Gupta Empire.,0.4117729663848877,False
5a8f938a55429918e830d275,Approximately what percentage of the global population is made up of the ethnic group Princess Fragrant was produced to improve relations with?,17%,bridge,medium,Dense,1,D005,D005_C003,Princess Fragrant,The cartoon was produced to improve relations between the Han Chinese and the Uighurs.,0.5174503326416016,True
5a8f938a55429918e830d275,Approximately what percentage of the global population is made up of the ethnic group Princess Fragrant was produced to improve relations with?,17%,bridge,medium,Dense,2,D005,D005_C001,Princess Fragrant,Princess Fragrant () is a Chinese 3-D cartoon series directed by Deng Jianglei and produced by the Shenzhen Qianheng Cultural Communication Company ().,0.5106613636016846,False
5a8f938a55429918e830d275,Approximately what percentage of the global population is made up of the ethnic group Princess Fragrant was produced to improve relations with?,17%,bridge,medium,Dense,3,D003,D003_C002,Han Chinese,"They constitute approximately 92% of the population of China, 95% of Taiwan (Han Taiwanese), 76% of Singapore, 23% of Malaysia and about 17% of the global population, making them the world's largest ethnic group with over 1.3 billion people.",0.4980730712413788,True
5a8f938a55429918e830d275,Approximately what percentage of the global population is made up of the ethnic group Princess Fragrant was produced to improve relations with?,17%,bridge,medium,Dense,4,D005,D005_C002,Princess Fragrant,"Its basis is the Fragrant Concubine, a Chinese legend about a Uighur girl from Kashgar who became a concubine of the Qianlong Emperor.",0.48797911405563354,True
5a8f938a55429918e830d275,Approximately what percentage of the global population is made up of the ethnic group Princess Fragrant was produced to improve relations with?,17%,bridge,medium,Dense,5,D007,D007_C002,Fezara people,"The number of persons in this ethnic group is about 200,000.",0.4351543188095093,False
5add3b665542997545bbbcd2,The Boren-McCurdy proposals were partially brought about by which Oklahoma politician in 1992?,David Lyle Boren,bridge,medium,Dense,1,D005,D005_C001,Boren-McCurdy proposals,The Boren-McCurdy intelligence reform proposals are two legislative proposals from Senator David Boren and Representative David McCurdy in 1992 (102nd Congress).,0.7017871141433716,True
5add3b665542997545bbbcd2,The Boren-McCurdy proposals were partially brought about by which Oklahoma politician in 1992?,David Lyle Boren,bridge,medium,Dense,2,D002,D002_C002,David L. Boren,"A member of the Democratic Party, he served as the 21st governor of Oklahoma from 1975 to 1979 and in the United States Senate from 1979 to 1994.",0.6204229593276978,False
5add3b665542997545bbbcd2,The Boren-McCurdy proposals were partially brought about by which Oklahoma politician in 1992?,David Lyle Boren,bridge,medium,Dense,3,D002,D002_C005,David L. Boren,"David Boren officially announced his retirement as president of the University of Oklahoma, effective June 30, 2018.",0.6200147867202759,False
5add3b665542997545bbbcd2,The Boren-McCurdy proposals were partially brought about by which Oklahoma politician in 1992?,David Lyle Boren,bridge,medium,Dense,4,D002,D002_C003,David L. Boren,He is currently the 13th president of the University of Oklahoma.,0.6037286520004272,False
5add3b665542997545bbbcd2,The Boren-McCurdy proposals were partially brought about by which Oklahoma politician in 1992?,David Lyle Boren,bridge,medium,Dense,5,D002,D002_C001,David L. Boren,"David Lyle Boren (born April 21, 1941) is an American university administrator and politician from the state of Oklahoma.",0.5883629322052002,True
5ab728e45542992aa3b8c7b4,The Thoen Stone is on display at a museum in what county?,Lawrence County,bridge,medium,Dense,1,D009,D009_C003,Thoen Stone,"It is currently on display at the Adams Museum & House in Deadwood, South Dakota.",0.7979236841201782,True
5ab728e45542992aa3b8c7b4,The Thoen Stone is on display at a museum in what county?,Lawrence County,bridge,medium,Dense,2,D009,D009_C001,Thoen Stone,The Thoen Stone is a sandstone slab dated 1834 that was discovered in the Black Hills of South Dakota by Louis Thoen in 1887.,0.6956073045730591,False
5ab728e45542992aa3b8c7b4,The Thoen Stone is on display at a museum in what county?,Lawrence County,bridge,medium,Dense,3,D004,D004_C005,Yarmouth Runic Stone,The Stone is currently on display at the Yarmouth County Museum.,0.6119632124900818,False
5ab728e45542992aa3b8c7b4,The Thoen Stone is on display at a museum in what county?,Lawrence County,bridge,medium,Dense,4,D010,D010_C004,Clay County Historical Museum,It is operated by the Clay County Historical Society.,0.5645585656166077,False
5ab728e45542992aa3b8c7b4,The Thoen Stone is on display at a museum in what county?,Lawrence County,bridge,medium,Dense,5,D010,D010_C003,Clay County Historical Museum,"Exhibits include railroad memorabilia, a country kitchen display and a country store display.",0.556401789188385,False
5a74fbe55542996c70cfae63,"Is Children's National Medical Center or MedStar Washington Hospital Center the largest private hospital in Washington, D.C.?",MedStar Washington Hospital Center,comparison,medium,Dense,1,D009,D009_C001,MedStar Washington Hospital Center,"MedStar Washington Hospital Center is the largest private hospital in Washington, D.C. A member of MedStar Health, the not-for-profit Hospital Center is licensed for 926 beds.",0.8344113230705261,True
5a74fbe55542996c70cfae63,"Is Children's National Medical Center or MedStar Washington Hospital Center the largest private hospital in Washington, D.C.?",MedStar Washington Hospital Center,comparison,medium,Dense,2,D006,D006_C001,Children's National Medical Center,"Children’s National Medical Center (formerly DC Children’s Hospital) is ranked among the top 10 children’s hospitals in the country by ""U.S. News & World Report.""",0.7607488036155701,True
5a74fbe55542996c70cfae63,"Is Children's National Medical Center or MedStar Washington Hospital Center the largest private hospital in Washington, D.C.?",MedStar Washington Hospital Center,comparison,medium,Dense,3,D009,D009_C003,MedStar Washington Hospital Center,It also serves as a teaching hospital for Georgetown University School of Medicine.,0.7155652642250061,False
5a74fbe55542996c70cfae63,"Is Children's National Medical Center or MedStar Washington Hospital Center the largest private hospital in Washington, D.C.?",MedStar Washington Hospital Center,comparison,medium,Dense,4,D009,D009_C002,MedStar Washington Hospital Center,"Health services in primary, secondary and tertiary care are offered to adult and neonatal patients.",0.6787335872650146,False
5a74fbe55542996c70cfae63,"Is Children's National Medical Center or MedStar Washington Hospital Center the largest private hospital in Washington, D.C.?",MedStar Washington Hospital Center,comparison,medium,Dense,5,D006,D006_C002,Children's National Medical Center,"Located just north of the McMillan Reservoir and Howard University, it shares grounds with Washington Hospital Center, National Rehabilitation Hospital, and the DC Veterans Affairs Medical Center.",0.6538920998573303,False
