query_id,question,expected_answer,question_type,difficulty,retrieval_method,alpha,rank,document_id,chunk_id,title,text,bm25_score,dense_score,normalized_bm25,normalized_dense,hybrid_score,is_supporting
5a7a06935542990198eaf050,Which magazine was started first Arthur's Magazine or First for Women?,Arthur's Magazine,comparison,medium,Hybrid,0.5,1,D008,D008_C002,First for Women,The magazine was started in 1989.,12.807902582567303,0.7120329141616821,1.0,0.9722460786962716,0.9861230393481357,False
5a7a06935542990198eaf050,Which magazine was started first Arthur's Magazine or First for Women?,Arthur's Magazine,comparison,medium,Hybrid,0.5,2,D006,D006_C001,Arthur's Magazine,Arthur's Magazine (1844–1846) was an American literary periodical published in Philadelphia in the 19th century.,10.393567550925495,0.7347249388694763,0.8114964557172746,1.0,0.9057482278586373,True
5a7a06935542990198eaf050,Which magazine was started first Arthur's Magazine or First for Women?,Arthur's Magazine,comparison,medium,Hybrid,0.5,3,D008,D008_C001,First for Women,First for Women is a woman's magazine published by Bauer Media Group in the USA.,11.17020317775779,0.6579461097717285,0.8721336772940037,0.9060941626844172,0.8891139199892104,True
5a7a06935542990198eaf050,Which magazine was started first Arthur's Magazine or First for Women?,Arthur's Magazine,comparison,medium,Hybrid,0.5,4,D006,D006_C003,Arthur's Magazine,"In May 1846 it was merged into ""Godey's Lady's Book"".",8.995370423906365,0.6112534403800964,0.7023297035495778,0.8489857870130629,0.7756577452813204,False
5a7a06935542990198eaf050,Which magazine was started first Arthur's Magazine or First for Women?,Arthur's Magazine,comparison,medium,Hybrid,0.5,5,D008,D008_C004,First for Women,"In 2011 the circulation of the magazine was 1,310,696 copies.",9.489136531559046,0.5552259683609009,0.7408813793192498,0.7804602997861123,0.7606708395526811,False
5a879ab05542996e4f30887e,The Oberoi family is part of a hotel company that has a head office in what city?,Delhi,bridge,medium,Hybrid,0.5,1,D007,D007_C001,The Oberoi Group,The Oberoi Group is a hotel company with its head office in Delhi.,14.404593013422302,0.7859134674072266,1.0,1.0,1.0,True
5a879ab05542996e4f30887e,The Oberoi family is part of a hotel company that has a head office in what city?,Delhi,bridge,medium,Hybrid,0.5,2,D002,D002_C001,Oberoi family,"The Oberoi family is an Indian family that is famous for its involvement in hotels, namely through The Oberoi Group.",11.643302084581835,0.7692292928695679,0.8083048284482959,0.978714884155097,0.8935098563016964,True
5a879ab05542996e4f30887e,The Oberoi family is part of a hotel company that has a head office in what city?,Delhi,bridge,medium,Hybrid,0.5,3,D001,D001_C004,Ritz-Carlton Jakarta,The complex has two towers that comprises a hotel and the Airlangga Apartment respectively.,9.58698703299132,0.3861263394355774,0.6655507048382483,0.48996485783756527,0.5777577813379068,False
5a879ab05542996e4f30887e,The Oberoi family is part of a hotel company that has a head office in what city?,Delhi,bridge,medium,Hybrid,0.5,4,D007,D007_C002,The Oberoi Group,"Founded in 1934, the company owns and/or operates 30+ luxury hotels and two river cruise ships in six countries, primarily under its Oberoi Hotels & Resorts and Trident Hotels brands.",4.414963800630849,0.6610299348831177,0.3064969483356423,0.8406777362046588,0.5735873422701505,False
5a879ab05542996e4f30887e,The Oberoi family is part of a hotel company that has a head office in what city?,Delhi,bridge,medium,Hybrid,0.5,5,D005,D005_C001,Mohan Singh Oberoi,"Rai Bahadur Mohan Singh Oberoi (15 August 1898 – 3 May 2002) was an Indian hotelier, the founder and chairman of Oberoi Hotels & Resorts, India's second-largest hotel company, with 35 hotels in India, Sri Lanka, Nepal, Egypt, Australia and Hungary.",4.592224969714312,0.6481770277023315,0.3188028266703019,0.8242804240290209,0.5715416253496615,False
5a8d7341554299441c6b9fe5,"Musician and satirist Allie Goertz wrote a song about the ""The Simpsons"" character Milhouse, who Matt Groening named after who?",President Richard Nixon,bridge,hard,Hybrid,0.5,1,D005,D005_C001,Milhouse Van Houten,"Milhouse Mussolini van Houten is a fictional character featured in the animated television series ""The Simpsons"", voiced by Pamela Hayden, and created by Matt Groening who named the character after President Richard Nixon's middle name.",18.286983081534743,0.612425684928894,1.0,0.8729273230044776,0.9364636615022388,True
5a8d7341554299441c6b9fe5,"Musician and satirist Allie Goertz wrote a song about the ""The Simpsons"" character Milhouse, who Matt Groening named after who?",President Richard Nixon,bridge,hard,Hybrid,0.5,2,D004,D004_C004,Allie Goertz,"Subjects of her songs have included the film ""The Room"", the character Milhouse from the television show ""The Simpsons"", and the game Dungeons & Dragons.",12.460955600938155,0.6921252608299255,0.6814112281604606,1.0,0.8407056140802303,False
5a8d7341554299441c6b9fe5,"Musician and satirist Allie Goertz wrote a song about the ""The Simpsons"" character Milhouse, who Matt Groening named after who?",President Richard Nixon,bridge,hard,Hybrid,0.5,3,D007,D007_C005,Homer Simpson,"He named the character after his father, Homer Groening.",10.759177581227306,0.5627959966659546,0.5883516998542735,0.7937979515526611,0.6910748257034673,False
5a8d7341554299441c6b9fe5,"Musician and satirist Allie Goertz wrote a song about the ""The Simpsons"" character Milhouse, who Matt Groening named after who?",President Richard Nixon,bridge,hard,Hybrid,0.5,4,D002,D002_C005,Marge Simpson,He named the character after his mother Margaret Groening.,10.759177581227306,0.5554373860359192,0.5883516998542735,0.7820654129393131,0.6852085563967933,False
5a8d7341554299441c6b9fe5,"Musician and satirist Allie Goertz wrote a song about the ""The Simpsons"" character Milhouse, who Matt Groening named after who?",President Richard Nixon,bridge,hard,Hybrid,0.5,5,D009,D009_C005,"The Simpsons: An Uncensored, Unauthorized History","The book includes entire chapters devoted to key figures such as creator Matt Groening and James L. Brooks and Sam Simon, who helped develop the series.",9.854885670338389,0.5327939987182617,0.5389016671803752,0.7459628890529351,0.6424322781166552,False
5a82171f5542990a1d231f4a, What nationality was James Henry Miller's wife?,American,bridge,medium,Hybrid,0.5,1,D008,D008_C001,June Miller,"June Miller (January 7 or 28, 1902 – February 1, 1979) was the much-written-about second wife of Henry Miller.",3.176990974109329,0.7057173252105713,0.88686658745476,1.0,0.9434332937273799,False
5a82171f5542990a1d231f4a, What nationality was James Henry Miller's wife?,American,bridge,medium,Hybrid,0.5,2,D003,D003_C003,Incest: From a Journal of Love,"It features Nin's relationships with writer Henry Miller, his wife June Miller, the psychoanalyst Otto Rank, her father Joaquín Nin, and her husband Hugh Parker Guiler.",3.5822648175607257,0.5235443711280823,1.0,0.7400651717148223,0.8700325858574112,False
5a82171f5542990a1d231f4a, What nationality was James Henry Miller's wife?,American,bridge,medium,Hybrid,0.5,3,D007,D007_C002,Henry Miller Memorial Library,Henry Miller’s friend Emil White built the house that is now the Library in the mid-1960s.,2.6236068796846093,0.47624772787094116,0.7323877528046918,0.672579606113556,0.7024836794591239,False
5a82171f5542990a1d231f4a, What nationality was James Henry Miller's wife?,American,bridge,medium,Hybrid,0.5,4,D010,D010_C001,"Jim Miller (Australian footballer, born 1919)",James Henry Miller (born 30 May 1919) is a former Australian rules footballer in the Victorian Football League (VFL).,1.7571267086293734,0.6245312690734863,0.4905072065068196,0.8841590747241856,0.6873331406155027,False
5a82171f5542990a1d231f4a, What nationality was James Henry Miller's wife?,American,bridge,medium,Hybrid,0.5,5,D004,D004_C001,James Henry Deakin (junior),"James Henry Deakin (1851 – 8 November 1881) was a British Conservative politician, the son of Col. James Henry Deakin, a Manchester merchant.",3.0907793348583192,0.33455759286880493,0.8628003490157732,0.4704079879555335,0.6666041684856534,False
5a84dd955542997b5ce3ff79,"Cadmium Chloride is slightly soluble in this chemical, it is also called what?",alcohol,bridge,medium,Hybrid,0.5,1,D001,D001_C002,Cadmium chloride,It is a hygroscopic solid that is highly soluble in water and slightly soluble in alcohol.,10.712697102803178,0.8373819589614868,1.0,1.0,1.0,True
5a84dd955542997b5ce3ff79,"Cadmium Chloride is slightly soluble in this chemical, it is also called what?",alcohol,bridge,medium,Hybrid,0.5,2,D001,D001_C001,Cadmium chloride,"Cadmium chloride is a white crystalline compound of cadmium and chlorine, with the formula CdCl.",6.371149708141478,0.7383489608764648,0.5699253534952861,0.8655006630009718,0.7177130082481289,False
5a84dd955542997b5ce3ff79,"Cadmium Chloride is slightly soluble in this chemical, it is also called what?",alcohol,bridge,medium,Hybrid,0.5,3,D001,D001_C003,Cadmium chloride,"Although it is considered to be ionic, it has considerable covalent character to its bonding.",5.3539797382632734,0.7820820808410645,0.469164270990815,0.9248957712363877,0.6970300211136014,False
5a84dd955542997b5ce3ff79,"Cadmium Chloride is slightly soluble in this chemical, it is also called what?",alcohol,bridge,medium,Hybrid,0.5,4,D001,D001_C005,Cadmium chloride,Also known are CdCl•HO and CdCl•5HO.,5.5195267768786564,0.7517629861831665,0.4855633973023131,0.8837186059606572,0.6846410016314852,False
5a84dd955542997b5ce3ff79,"Cadmium Chloride is slightly soluble in this chemical, it is also called what?",alcohol,bridge,medium,Hybrid,0.5,5,D001,D001_C004,Cadmium chloride,"The crystal structure of cadmium chloride (described below), composed of two-dimensional layers of ions, is a reference for describing other crystal structures.",5.049513934927452,0.6957426071166992,0.4390038210776267,0.8076358457840402,0.6233198334308334,False
5a7e36045542991319bc9440,"Which tennis player won more Grand Slam titles, Henri Leconte or Jonathan Stark?",Jonathan Stark,comparison,medium,Hybrid,0.5,1,D006,D006_C001,Jonathan Stark (tennis),"Jonathan Stark (born April 3, 1971) is a former professional tennis player from the United States.",10.429588514018654,0.6371307373046875,1.0,0.8527987174179145,0.9263993587089572,True
5a7e36045542991319bc9440,"Which tennis player won more Grand Slam titles, Henri Leconte or Jonathan Stark?",Jonathan Stark,comparison,medium,Hybrid,0.5,2,D003,D003_C001,Henri Leconte,Henri Leconte (born 4 July 1963) is a former French professional tennis player.,9.271372487973805,0.6899741888046265,0.8889490199456993,0.9427814400421572,0.9158652299939283,False
5a7e36045542991319bc9440,"Which tennis player won more Grand Slam titles, Henri Leconte or Jonathan Stark?",Jonathan Stark,comparison,medium,Hybrid,0.5,3,D006,D006_C002,Jonathan Stark (tennis),During his career he won two Grand Slam doubles titles (the 1994 French Open Men's Doubles and the 1995 Wimbledon Championships Mixed Doubles).,8.571623971579838,0.7235764861106873,0.8218563906005033,1.0,0.9109281953002517,True
5a7e36045542991319bc9440,"Which tennis player won more Grand Slam titles, Henri Leconte or Jonathan Stark?",Jonathan Stark,comparison,medium,Hybrid,0.5,4,D006,D006_C003,Jonathan Stark (tennis),Stark reached the World No. 1 doubles ranking in 1994.,8.963268877755047,0.6691035032272339,0.8594077192697782,0.9072424837858561,0.8833251015278172,False
5a7e36045542991319bc9440,"Which tennis player won more Grand Slam titles, Henri Leconte or Jonathan Stark?",Jonathan Stark,comparison,medium,Hybrid,0.5,5,D003,D003_C003,Henri Leconte,Leconte's career-high singles ranking was world No. 5.,7.088915706659815,0.5804802179336548,0.679692750786039,0.7563332552576916,0.7180130030218652,False
5adf44985542993a75d2646d,Which genus of moth in the world's seventh-largest country contains only one species?,Crambidae,bridge,hard,Hybrid,0.5,1,D010,D010_C002,Nymphuliella,"It contains only one species, Nymphuliella daeckealis, the China Mark Moth, which is found from New Jersey south to Florida and west to Colorado.",6.380555690398513,0.5891466736793518,0.6097576220285521,0.9773417205060122,0.7935496712672822,False
5adf44985542993a75d2646d,Which genus of moth in the world's seventh-largest country contains only one species?,Crambidae,bridge,hard,Hybrid,0.5,2,D004,D004_C003,Geography of India,"It is the seventh-largest country in the world, with a total area of 3287263 km2 .",10.037124448475442,0.35445287823677063,1.0,0.5470808739283737,0.7735404369641868,False
5adf44985542993a75d2646d,Which genus of moth in the world's seventh-largest country contains only one species?,Crambidae,bridge,hard,Hybrid,0.5,3,D009,D009_C002,Eumacaria,"It contains only one species, Eumacaria madopata, the brown-bordered geometer moth, which is found in North America, where it has been recorded from British Columbia, northern Washington, southern Saskatchewan, from Maine to Florida, South Dakota, North Dakota, Nebraska, Wyoming, Idaho, Colorado and New Mexico.",4.844592577455894,0.6015060544013977,0.44583402662311744,1.0,0.7229170133115588,False
5adf44985542993a75d2646d,Which genus of moth in the world's seventh-largest country contains only one species?,Crambidae,bridge,hard,Hybrid,0.5,4,D006,D006_C002,Nepita,"The genus consists of only one species, Nepita conferta, which can be found in India and Sri Lanka.",7.317562398770919,0.42240625619888306,0.7097584015141689,0.6716588495610608,0.6907086255376149,False
5adf44985542993a75d2646d,Which genus of moth in the world's seventh-largest country contains only one species?,Crambidae,bridge,hard,Hybrid,0.5,5,D003,D003_C002,Eutrapela,"It contains only one species, Eutrapela clemataria, the curve-toothed geometer moth or purplish-brown looper, which is found in North America, where it has been recorded from Nova Scotia to Florida, west to Texas and north to Saskatchewan.",5.303805741133557,0.53795325756073,0.4948429332910206,0.8834895480748562,0.6891662406829384,False
5a832c3455429954d2e2ec41,"Who was once considered the best kick boxer in the world, however he has been involved in a number of controversies relating to his ""unsportsmanlike conducts"" in the sport and crimes of violence outside of the ring.",Badr Hari,bridge,easy,Hybrid,0.5,1,D005,D005_C003,Badr Hari,"Hari has been a prominent figure in the world of kickboxing and was once considered the best kickboxer in the world, however he has been involved in a number of controversies relating to his ""unsportsmanlike conducts"" in the sport and crimes of violence outside of the ring.",54.069420811425786,0.7537099123001099,1.0,1.0,1.0,True
5a832c3455429954d2e2ec41,"Who was once considered the best kick boxer in the world, however he has been involved in a number of controversies relating to his ""unsportsmanlike conducts"" in the sport and crimes of violence outside of the ring.",Badr Hari,bridge,easy,Hybrid,0.5,2,D007,D007_C003,Global Fighting Championship,It was considered as one of the biggest kickboxing and MMA promotion in Middle East.,12.373265548068732,0.5542961359024048,0.22884035675584768,0.7572087725973425,0.4930245646765951,True
5a832c3455429954d2e2ec41,"Who was once considered the best kick boxer in the world, however he has been involved in a number of controversies relating to his ""unsportsmanlike conducts"" in the sport and crimes of violence outside of the ring.",Badr Hari,bridge,easy,Hybrid,0.5,3,D009,D009_C001,Betting controversies in cricket,Cricket has had a number of controversies relating to players being involved with the betting aspects of the game.,24.107820641892253,0.30417072772979736,0.4458679283059356,0.4526748735265813,0.44927140091625845,False
5a832c3455429954d2e2ec41,"Who was once considered the best kick boxer in the world, however he has been involved in a number of controversies relating to his ""unsportsmanlike conducts"" in the sport and crimes of violence outside of the ring.",Badr Hari,bridge,easy,Hybrid,0.5,4,D002,D002_C004,Triplemanía VII,"In the semi-main event Heavy Metal and El Felino defended the hair of their father, referee Pepe ""Tropi"" Casas while Kick Boxer and Thai Boxer defended the hair of referee El Tirantes.",14.639506658250978,0.3409078121185303,0.2707539019015606,0.49740318654015564,0.38407854422085813,False
5a832c3455429954d2e2ec41,"Who was once considered the best kick boxer in the world, however he has been involved in a number of controversies relating to his ""unsportsmanlike conducts"" in the sport and crimes of violence outside of the ring.",Badr Hari,bridge,easy,Hybrid,0.5,5,D005,D005_C001,Badr Hari,"Badr Hari (Arabic: بدر هاري‎ ‎ ; born 8 December 1984) is a Moroccan-Dutch super heavyweight kickboxer from Amsterdam, fighting out of Mike's Gym in Oostzaan.",4.359062988325629,0.4548046588897705,0.08061974629853044,0.6360754273673449,0.35834758683293766,True
5a7d0db955429909bec76924,"The Dutch-Belgian television series that ""House of Anubis"" was based on first aired in what year?",2006,bridge,medium,Hybrid,0.5,1,D001,D001_C001,House of Anubis,"House of Anubis is a mystery television series developed for Nickelodeon based on the Dutch-Belgian television series ""Het Huis Anubis"".",15.253886224683978,0.7433064579963684,1.0,1.0,1.0,True
5a7d0db955429909bec76924,"The Dutch-Belgian television series that ""House of Anubis"" was based on first aired in what year?",2006,bridge,medium,Hybrid,0.5,2,D009,D009_C001,Het Huis Anubis,"Het Huis Anubis (""The House of Anubis"") is a Belgian-Dutch children's television drama created by Studio 100 and Nickelodeon, airing in the Netherlands and Flanders.",10.349400150390045,0.696178674697876,0.6784762910872215,0.9377507434816339,0.8081135172844277,False
5a7d0db955429909bec76924,"The Dutch-Belgian television series that ""House of Anubis"" was based on first aired in what year?",2006,bridge,medium,Hybrid,0.5,3,D001,D001_C002,House of Anubis,The series was created by Hans Bourlon and Gert Verhulst and premiered on Nickelodeon on 1 January 2011 in the United States and on 25 February 2011 in the United Kingdom.,6.0020566073974475,0.7029141783714294,0.3934772109211661,0.9466474083915839,0.670062309656375,False
5a7d0db955429909bec76924,"The Dutch-Belgian television series that ""House of Anubis"" was based on first aired in what year?",2006,bridge,medium,Hybrid,0.5,4,D001,D001_C003,House of Anubis,The series is the first series from the network to be filmed outside the United States and the first telenovela-format series for the network.,6.3948974769008595,0.6588921546936035,0.4192307050614143,0.888500428996815,0.6538655670291147,False
5a7d0db955429909bec76924,"The Dutch-Belgian television series that ""House of Anubis"" was based on first aired in what year?",2006,bridge,medium,Hybrid,0.5,5,D010,D010_C001,Das Haus Anubis,Das Haus Anubis is a television program produced jointly by Belgian broadcaster Studio 100 and Nickelodeon and the first remake of Het Huis Anubis aired in The Netherlands and Belgium.,7.043195767185542,0.6025625467300415,0.46173123776078634,0.8140968400672476,0.637914038914017,False
5a89372855429951533612e6,What is the length of the track where the 2013 Liqui Moly Bathurst 12 Hour was staged?,6.213 km long,bridge,hard,Hybrid,0.5,1,D007,D007_C002,2013 Liqui Moly Bathurst 12 Hour,"The event, which was staged at the Mount Panorama Circuit, near Bathurst, in New South Wales, Australia on 10 February 2013, was the eleventh running of the Bathurst 12 Hour.",10.71345966296558,0.6976341009140015,1.0,0.9957893931999077,0.9978946965999538,True
5a89372855429951533612e6,What is the length of the track where the 2013 Liqui Moly Bathurst 12 Hour was staged?,6.213 km long,bridge,hard,Hybrid,0.5,2,D007,D007_C003,2013 Liqui Moly Bathurst 12 Hour,The race also incorporated the opening round of the 2013 Australian GT Championship.,9.966647658625103,0.630111813545227,0.9143845374125278,0.837729648850071,0.8760570931312994,False
5a89372855429951533612e6,What is the length of the track where the 2013 Liqui Moly Bathurst 12 Hour was staged?,6.213 km long,bridge,hard,Hybrid,0.5,3,D008,D008_C002,2015 Liqui Moly Bathurst 12 Hour,"The event, which was staged at the Mount Panorama Circuit, near Bathurst, in New South Wales, Australia on 8 February 2015, was the thirteenth running of the Bathurst 12 Hour.",8.380304252390133,0.6994328498840332,0.7325241444916422,1.0,0.8662620722458211,False
5a89372855429951533612e6,What is the length of the track where the 2013 Liqui Moly Bathurst 12 Hour was staged?,6.213 km long,bridge,hard,Hybrid,0.5,4,D005,D005_C002,2016 Liqui Moly Bathurst 12 Hour,"The event, which was staged at the Mount Panorama Circuit, near Bathurst, in New South Wales, Australia on 7 February 2016, was the fourteenth running of the Bathurst 12 Hour.",8.380304252390133,0.6986513137817383,0.7325241444916422,0.9981705389236262,0.8653473417076342,False
5a89372855429951533612e6,What is the length of the track where the 2013 Liqui Moly Bathurst 12 Hour was staged?,6.213 km long,bridge,hard,Hybrid,0.5,5,D010,D010_C002,2014 Liqui Moly Bathurst 12 Hour,"The event, which was staged at the Mount Panorama Circuit, near Bathurst, in New South Wales, Australia on 9 February 2014, was the twelfth running of the Bathurst 12 Hour.",8.380304252390133,0.6904534101486206,0.7325241444916422,0.9789804521693317,0.8557522983304869,False
5abd90545542996e802b47d7,"Fast Cars, Danger, Fire and Knives includes guest appearances from which hip hop record executive?",Jaime Meline,bridge,medium,Hybrid,0.5,1,D007,D007_C001,"Fast Cars, Danger, Fire and Knives","Fast Cars, Danger, Fire and Knives is an EP by American hip hop artist Aesop Rock.",17.36282203781227,0.6072313785552979,1.0,1.0,1.0,False
5abd90545542996e802b47d7,"Fast Cars, Danger, Fire and Knives includes guest appearances from which hip hop record executive?",Jaime Meline,bridge,medium,Hybrid,0.5,2,D007,D007_C003,"Fast Cars, Danger, Fire and Knives","Vocals are handled by Aesop Rock, with guest appearances from Camu Tao and Metro of S.A. Smash and Definitive Jux label head El-P.",14.043952250592717,0.5844042897224426,0.808851937778789,0.9454443737208906,0.8771481557498398,True
5abd90545542996e802b47d7,"Fast Cars, Danger, Fire and Knives includes guest appearances from which hip hop record executive?",Jaime Meline,bridge,medium,Hybrid,0.5,3,D007,D007_C004,"Fast Cars, Danger, Fire and Knives",All scratches are performed by DJ Big Wiz.,13.269069692460498,0.5347495079040527,0.76422310057452,0.8267718728299412,0.7954974867022306,False
5abd90545542996e802b47d7,"Fast Cars, Danger, Fire and Knives includes guest appearances from which hip hop record executive?",Jaime Meline,bridge,medium,Hybrid,0.5,4,D007,D007_C002,"Fast Cars, Danger, Fire and Knives","Released via the Definitive Jux label on February 22, 2005, the record is produced by Blockhead and Aesop Rock himself, with the former producing three tracks and the latter producing four, with one track produced by Rob Sonic.",9.786566981114516,0.5862407684326172,0.5636507106852564,0.9498334680515536,0.7567420893684049,False
5abd90545542996e802b47d7,"Fast Cars, Danger, Fire and Knives includes guest appearances from which hip hop record executive?",Jaime Meline,bridge,medium,Hybrid,0.5,5,D008,D008_C003,Longterm Mentality,"The album features guest appearances from Jhené Aiko, Schoolboy Q, Kendrick Lamar, Punch, Alori Joh, JaVonté, MURS, BJ the Chicago Kid and Pat Brown, with the production from American hip hop record producers such as Tae Beast, Ayiro, Sounwave, AAyhasis, Context, Alexis Carrington and Tommy Black.",6.386764816245469,0.4218685030937195,0.367841402874288,0.5569917901599514,0.4624165965171197,False
5aba66c855429939ce03dcdb,"Gunmen from Laredo starred which narrator of ""Frontier""?",Walter Darwin Coy,bridge,medium,Hybrid,0.5,1,D005,D005_C001,Gunmen from Laredo,"Gunmen from Laredo is a 1959 American western film produced and directed by Wallace MacDonald, which stars Robert Knapp, Maureen Hingert, and Walter Coy.",9.079351139476513,0.6609870195388794,1.0,1.0,1.0,True
5aba66c855429939ce03dcdb,"Gunmen from Laredo starred which narrator of ""Frontier""?",Walter Darwin Coy,bridge,medium,Hybrid,0.5,2,D007,D007_C007,Frontier Texas!,The narrator in the theater is actor-artist Buck Taylor from Fort Worth.,5.842476829141332,0.6367669105529785,0.643490568807122,0.9606837533650687,0.8020871610860953,False
5aba66c855429939ce03dcdb,"Gunmen from Laredo starred which narrator of ""Frontier""?",Walter Darwin Coy,bridge,medium,Hybrid,0.5,3,D008,D008_C002,Walter Coy,"He was best known for narrating the NBC western anthology series, ""Frontier"", which aired early Sunday evenings in the 1955–1956 season.",3.4145841590288923,0.486024409532547,0.3760823991245884,0.7159850465204501,0.5460337228225193,True
5aba66c855429939ce03dcdb,"Gunmen from Laredo starred which narrator of ""Frontier""?",Walter Darwin Coy,bridge,medium,Hybrid,0.5,4,D007,D007_C006,Frontier Texas!,"Visitors see depictions of buffalo hunters, Comanche warriors, explorers, and pioneers in the theatre called the ""Century of Adventure"", 1780-1880.",1.1990514222496726,0.5298048257827759,0.13206355870919717,0.7870533329627595,0.4595584458359783,False
5aba66c855429939ce03dcdb,"Gunmen from Laredo starred which narrator of ""Frontier""?",Walter Darwin Coy,bridge,medium,Hybrid,0.5,5,D007,D007_C001,Frontier Texas!,Frontier Texas!,1.9576044022688364,0.47264528274536133,0.2156106061100866,0.6942668515762731,0.4549387288431799,False
5a7722d655429966f1a36c99,Where did the form of music played by Die Rhöner Säuwäntzt originate?,United States,bridge,medium,Hybrid,0.5,1,D009,D009_C001,Die Rhöner Säuwäntzt,"Die Rhöner Säuwäntzt are a Skiffle-Bluesband from Eichenzell-Lütter in Hessen, Germany.",11.493107619720284,0.6901441216468811,1.0,1.0,1.0,True
5a7722d655429966f1a36c99,Where did the form of music played by Die Rhöner Säuwäntzt originate?,United States,bridge,medium,Hybrid,0.5,2,D009,D009_C003,Die Rhöner Säuwäntzt,"The expression ""Säuwäntzt"" means pork belly and refers also to untidy or unruly children and youth.",9.929144831724475,0.5718221664428711,0.8559410647190917,0.7987418125340063,0.827341438626549,False
5a7722d655429966f1a36c99,Where did the form of music played by Die Rhöner Säuwäntzt originate?,United States,bridge,medium,Hybrid,0.5,3,D009,D009_C002,Die Rhöner Säuwäntzt,"The line-up consists of Martin Caba, Christoph Günther and Christoph Leipold playing Skiffle-Blues with lyrics based on Rhön Mountains dialect and other Hessian dialects varieties.",8.013307674526487,0.6287932991981506,0.6794704586689153,0.8956461182179567,0.787558288443436,False
5a7722d655429966f1a36c99,Where did the form of music played by Die Rhöner Säuwäntzt originate?,United States,bridge,medium,Hybrid,0.5,4,D002,D002_C003,Bubu music,"In its folk form, the music is played by blowing on bamboo cane flutes and on metal pipes -often repurposed auto parts.",6.137873312617346,0.31108754873275757,0.5067214141011207,0.35524866302089037,0.43098503856100556,False
5a7722d655429966f1a36c99,Where did the form of music played by Die Rhöner Säuwäntzt originate?,United States,bridge,medium,Hybrid,0.5,5,D007,D007_C001,Kantrum,"Kantrum (Thai กันตรึม) is a type of folk music played by the Khmer in Isan, Thailand, living near the border with Cambodia.",5.3711198517434156,0.3468824625015259,0.4360946139980315,0.4161335550359244,0.42611408451697796,False
5ade025e5542997dc790711e,In which American football game was Malcolm Smith named Most Valuable player?,Super Bowl XLVIII,bridge,easy,Hybrid,0.5,1,D002,D002_C004,Malcolm Smith (American football),Smith was named the Most Valuable Player of Super Bowl XLVIII after they defeated the Denver Broncos.,10.279938264300766,0.8141523599624634,1.0,1.0,1.0,True
5ade025e5542997dc790711e,In which American football game was Malcolm Smith named Most Valuable player?,Super Bowl XLVIII,bridge,easy,Hybrid,0.5,2,D002,D002_C002,Malcolm Smith (American football),Smith played college football at USC.,7.079368120757033,0.7324714064598083,0.6886586221379966,0.909950439948684,0.7993045310433402,False
5ade025e5542997dc790711e,In which American football game was Malcolm Smith named Most Valuable player?,Super Bowl XLVIII,bridge,easy,Hybrid,0.5,3,D005,D005_C002,Steve Clark (American football),"He also played on two state championship teams in high school which were a combined (25-1) over two years and was a five team all-American including ""Parade Magazine"", he was also named Most Valuable Player of the state of Utah.",7.6101206179557535,0.5568403005599976,0.740288552547391,0.7163250825134286,0.7283068175304098,False
5ade025e5542997dc790711e,In which American football game was Malcolm Smith named Most Valuable player?,Super Bowl XLVIII,bridge,easy,Hybrid,0.5,4,D002,D002_C001,Malcolm Smith (American football),"Malcolm Xavier Smith (born July 5, 1989) is an American football linebacker for the San Francisco 49ers of the National Football League (NFL).",6.665278712172697,0.6249802112579346,0.6483773093579044,0.7914462547960923,0.7199117820769984,False
5ade025e5542997dc790711e,In which American football game was Malcolm Smith named Most Valuable player?,Super Bowl XLVIII,bridge,easy,Hybrid,0.5,5,D002,D002_C003,Malcolm Smith (American football),He was drafted by the Seattle Seahawks in the seventh round of the 2011 NFL Draft.,5.859597466137133,0.6536588668823242,0.5700031766227439,0.8230631766254334,0.6965331766240886,False
5ab381b155429969a97a816b,"What U.S Highway gives access to Zilpo Road, and is also known as Midland Trail?",US 60,bridge,hard,Hybrid,0.5,1,D010,D010_C003,"Glen Ferris, West Virginia","The sole highway linking Glen Ferris to the area is U.S. Route 60, known also as the Midland Trail.",13.604117036437987,0.5028274655342102,1.0,0.7887342713115894,0.8943671356557947,False
5ab381b155429969a97a816b,"What U.S Highway gives access to Zilpo Road, and is also known as Midland Trail?",US 60,bridge,hard,Hybrid,0.5,2,D003,D003_C002,Peterman Hill,The road was originally known as Midland Trail and later U.S. 60 alternate until 1964 when it reverted to county maintenance.,11.915492327377583,0.5611095428466797,0.8758739942814736,0.8789642221316922,0.877419108206583,False
5ab381b155429969a97a816b,"What U.S Highway gives access to Zilpo Road, and is also known as Midland Trail?",US 60,bridge,hard,Hybrid,0.5,3,D001,D001_C002,Zilpo Road,"The nine mile byway starts south of Morehead, Kentucky and can be accessed by U.S. Highway 60.",8.295508064466844,0.6016187071800232,0.6097792339074793,0.9416788691399763,0.7757290515237278,True
5ab381b155429969a97a816b,"What U.S Highway gives access to Zilpo Road, and is also known as Midland Trail?",US 60,bridge,hard,Hybrid,0.5,4,D008,D008_C004,"Hawks Nest, West Virginia","In modern times, the Midland Trail carries U.S. Route 60 through the same general route.",7.40163032067713,0.5410526394844055,0.5440728200773495,0.8479129369436408,0.6959928785104952,False
5ab381b155429969a97a816b,"What U.S Highway gives access to Zilpo Road, and is also known as Midland Trail?",US 60,bridge,hard,Hybrid,0.5,5,D001,D001_C001,Zilpo Road,"Zilpo Road is a National Forest Scenic Byway in the forested hills of eastern Kentucky, United States.",5.224547327920591,0.619587779045105,0.3840416334207422,0.9694978581917331,0.6767697458062376,False
5ae0d91e55429924de1b7198,"The 1988 American comedy film, The Great Outdoors, starred a four-time Academy Award nominee, who received a star on the Hollywood Walk of Fame in what year?",2006,bridge,medium,Hybrid,0.5,1,D009,D009_C001,The Great Outdoors (film),"The Great Outdoors is a 1988 American comedy film directed by Howard Deutch, and written and produced by John Hughes.",20.445317685774658,0.7094113230705261,1.0,1.0,1.0,True
5ae0d91e55429924de1b7198,"The 1988 American comedy film, The Great Outdoors, starred a four-time Academy Award nominee, who received a star on the Hollywood Walk of Fame in what year?",2006,bridge,medium,Hybrid,0.5,2,D009,D009_C002,The Great Outdoors (film),"It stars Dan Aykroyd, John Candy, Stephanie Faracy and Annette Bening in her film debut.",11.94013874570122,0.5926158428192139,0.5646234976879457,0.8206425334104972,0.6926330155492215,True
5ae0d91e55429924de1b7198,"The 1988 American comedy film, The Great Outdoors, starred a four-time Academy Award nominee, who received a star on the Hollywood Walk of Fame in what year?",2006,bridge,medium,Hybrid,0.5,3,D004,D004_C005,Annette Bening,"In 2006, she received a star on the Hollywood Walk of Fame.",12.804999581060228,0.4937441051006317,0.6088953570031167,0.6688097368301053,0.638852546916611,True
5ae0d91e55429924de1b7198,"The 1988 American comedy film, The Great Outdoors, starred a four-time Academy Award nominee, who received a star on the Hollywood Walk of Fame in what year?",2006,bridge,medium,Hybrid,0.5,4,D007,D007_C007,Kevin Bacon,"In 2003, Bacon received a star on the Hollywood Walk of Fame for his contributions to the motion pictures industry.",11.856865635906379,0.4585239589214325,0.5603607825193907,0.6147237723902086,0.5875422774547996,False
5ae0d91e55429924de1b7198,"The 1988 American comedy film, The Great Outdoors, starred a four-time Academy Award nominee, who received a star on the Hollywood Walk of Fame in what year?",2006,bridge,medium,Hybrid,0.5,5,D010,D010_C003,John Lithgow,Lithgow has received a star on the Hollywood Walk of Fame and has been inducted into the American Theater Hall of Fame.,12.046558871341889,0.4174736738204956,0.5700710987794101,0.5516847307882701,0.5608779147838401,False
5ac2a5d455429921a00ab01b,What are the names of the current members of  American heavy metal band who wrote the music for  Hurt Locker The Musical? ,"Hetfield and Ulrich, longtime lead guitarist Kirk Hammett, and bassist Robert Trujillo.",bridge,easy,Hybrid,0.5,1,D002,D002_C004,Hurt Locker (musical),"The Playbills, which describe the musical as having ""explosions, negligible storytelling, camouflage and tits"", also state that the musical's cast included actors such as Taye Diggs (who would go on to play the role of Hedwig in the summer of 2015) and that the music was written by Metallica and Stephen R. Schwartz, which is the real name of ""Hedwig"" songwriter Stephen Trask.",13.944523209428482,0.662029504776001,0.8548870015108664,1.0,0.9274435007554331,True
5ac2a5d455429921a00ab01b,What are the names of the current members of  American heavy metal band who wrote the music for  Hurt Locker The Musical? ,"Hetfield and Ulrich, longtime lead guitarist Kirk Hammett, and bassist Robert Trujillo.",bridge,easy,Hybrid,0.5,2,D002,D002_C001,Hurt Locker (musical),"Hurt Locker The Musical is a fictional musical in the 2014 Broadway premiere production of ""Hedwig and the Angry Inch"".",16.311539635979873,0.4789302349090576,1.0,0.7008052320144906,0.8504026160072453,False
5ac2a5d455429921a00ab01b,What are the names of the current members of  American heavy metal band who wrote the music for  Hurt Locker The Musical? ,"Hetfield and Ulrich, longtime lead guitarist Kirk Hammett, and bassist Robert Trujillo.",bridge,easy,Hybrid,0.5,3,D002,D002_C003,Hurt Locker (musical),"Fake Playbills for the musical are used as props and are found scattered on the floor of the Belasco Theatre and contains advertisements for other fake musicals based on feature films such as ""Gravity on Ice"", ""Container Store: The Musical"", ""The Entire Bible"", and ""SoulCycle on Broadway"".",16.030938925908796,0.4393378496170044,0.9827974111375648,0.6361089907894053,0.809453200963485,False
5ac2a5d455429921a00ab01b,What are the names of the current members of  American heavy metal band who wrote the music for  Hurt Locker The Musical? ,"Hetfield and Ulrich, longtime lead guitarist Kirk Hammett, and bassist Robert Trujillo.",bridge,easy,Hybrid,0.5,4,D002,D002_C002,Hurt Locker (musical),"In the Broadway performance of ""Hedwig and the Angry Inch"" the musical opens with Hedwig explaining that the musical only ran for a single night before closing during intermission, and that she has convinced a producer to let her perform in what would otherwise be an empty stage.",14.881428632217858,0.4570857882499695,0.9123251982536653,0.6651101462029132,0.7887176722282893,False
5ac2a5d455429921a00ab01b,What are the names of the current members of  American heavy metal band who wrote the music for  Hurt Locker The Musical? ,"Hetfield and Ulrich, longtime lead guitarist Kirk Hammett, and bassist Robert Trujillo.",bridge,easy,Hybrid,0.5,5,D010,D010_C004,Metallica,"Guitarist Dave Mustaine (who went on to form Megadeth) and bassists Ron McGovney, Cliff Burton, and Jason Newsted are also former members of the band.",11.362633380957007,0.5360299348831177,0.6966009116572537,0.7941094352382164,0.745355173447735,False
5adc1309554299438c868d3b,"Human Error"" is the season finale of the third season of a tv show that aired on what network?",Fox,bridge,medium,Hybrid,0.5,1,D004,D004_C001,Human Error (House),"""Human Error"" is the twenty-fourth episode and season finale of the third season of ""House"" and the seventieth episode overall.",19.2836471857302,0.7740466594696045,1.0,1.0,1.0,True
5adc1309554299438c868d3b,"Human Error"" is the season finale of the third season of a tv show that aired on what network?",Fox,bridge,medium,Hybrid,0.5,2,D006,D006_C006,Robert Chase,"Chase has been attracted to Allison Cameron since the beginning of the show and embarks on a romantic relationship with her in ""Human Error.""",13.760945395642871,0.34512442350387573,0.6982305834091362,0.4329920034040394,0.5656112934065878,False
5adc1309554299438c868d3b,"Human Error"" is the season finale of the third season of a tv show that aired on what network?",Fox,bridge,medium,Hybrid,0.5,3,D009,D009_C001,Through the Looking Glass (Lost),"""Through the Looking Glass"" is the third season finale of the ABC television series ""Lost"", consisting of the 22nd and 23rd episodes of the third season.",10.958600964095107,0.4175766110420227,0.5451059215429643,0.5287692009011679,0.5369375612220662,False
5adc1309554299438c868d3b,"Human Error"" is the season finale of the third season of a tv show that aired on what network?",Fox,bridge,medium,Hybrid,0.5,4,D001,D001_C005,My Finale,"As the show underwent many changes for the ninth and final season, this is the last episode in which all of the main cast appear as series regulars.",8.719598897677333,0.4824114143848419,0.42276320361070635,0.6144766995351214,0.5186199515729139,False
5adc1309554299438c868d3b,"Human Error"" is the season finale of the third season of a tv show that aired on what network?",Fox,bridge,medium,Hybrid,0.5,5,D001,D001_C004,My Finale,The show ended up returning for a ninth season.,9.101521125525242,0.42945486307144165,0.44363205589739196,0.5444714968455564,0.4940517763714742,False
5a83168855429966c78a6b2e,"Dua Lipa, an English singer, songwriter and model, the album spawned the number-one single ""New Rules"" is a song by English singer Dua Lipa from her eponymous debut studio album, released in what year?",2017,bridge,easy,Hybrid,0.5,1,D009,D009_C001,New Rules (song),"""New Rules"" is a song by English singer Dua Lipa from her eponymous debut studio album (2017).",23.228768346394087,0.9482341408729553,1.0,1.0,1.0,True
5a83168855429966c78a6b2e,"Dua Lipa, an English singer, songwriter and model, the album spawned the number-one single ""New Rules"" is a song by English singer Dua Lipa from her eponymous debut studio album, released in what year?",2017,bridge,easy,Hybrid,0.5,2,D002,D002_C001,Dua Lipa,"Dua Lipa ( ; ] ; born 22 August 1995) is an English singer, songwriter and model.",21.556351302919957,0.6715381741523743,0.9173541544552657,0.686697787186887,0.8020259708210764,False
5a83168855429966c78a6b2e,"Dua Lipa, an English singer, songwriter and model, the album spawned the number-one single ""New Rules"" is a song by English singer Dua Lipa from her eponymous debut studio album, released in what year?",2017,bridge,easy,Hybrid,0.5,3,D002,D002_C007,Dua Lipa,"The album spawned seven singles, including the top-10 single ""Be the One"" and the number-one single ""New Rules"".",18.686464236193956,0.7945252656936646,0.7755329238160693,0.825955790778412,0.8007443572972406,False
5a83168855429966c78a6b2e,"Dua Lipa, an English singer, songwriter and model, the album spawned the number-one single ""New Rules"" is a song by English singer Dua Lipa from her eponymous debut studio album, released in what year?",2017,bridge,easy,Hybrid,0.5,4,D004,D004_C001,Be the One (Dua Lipa song),"""Be the One"" is a song by English singer Dua Lipa from her eponymous debut studio album (2017).",21.930489791739603,0.5187996625900269,0.9358429589553061,0.5137523184783065,0.7247976387168062,False
5a83168855429966c78a6b2e,"Dua Lipa, an English singer, songwriter and model, the album spawned the number-one single ""New Rules"" is a song by English singer Dua Lipa from her eponymous debut studio album, released in what year?",2017,bridge,easy,Hybrid,0.5,5,D008,D008_C001,Dua Lipa (album),Dua Lipa is the debut studio album by English singer Dua Lipa.,15.841626927139743,0.7400241494178772,0.6349495772390773,0.7642443009711453,0.6995969391051113,False
5ab698885542995eadef002a,"American politician Joe Heck ran unsuccessfully against Democrat Catherine Cortez Masto, a woman who previously served as the 32nd Attorney General of where?",Nevada,bridge,easy,Hybrid,0.5,1,D005,D005_C003,Joe Heck,He ran unsuccessfully against Democrat Catherine Cortez Masto in the general election for the open Nevada United States Senate seat in 2016.,20.778585668240602,0.8022599816322327,1.0,1.0,1.0,True
5ab698885542995eadef002a,"American politician Joe Heck ran unsuccessfully against Democrat Catherine Cortez Masto, a woman who previously served as the 32nd Attorney General of where?",Nevada,bridge,easy,Hybrid,0.5,2,D004,D004_C003,Catherine Cortez Masto,She previously served as the 32nd Attorney General of Nevada from 2007 to 2015.,16.796988474439452,0.659421980381012,0.8083797782306765,0.8035097679302152,0.8059447730804459,True
5ab698885542995eadef002a,"American politician Joe Heck ran unsuccessfully against Democrat Catherine Cortez Masto, a woman who previously served as the 32nd Attorney General of where?",Nevada,bridge,easy,Hybrid,0.5,3,D004,D004_C001,Catherine Cortez Masto,"Catherine Marie Cortez Masto (born March 29, 1964) is an American attorney and politician who is the junior United States Senator from Nevada.",14.029456108641462,0.5878856778144836,0.6751882121642684,0.7051032894750193,0.6901457508196438,False
5ab698885542995eadef002a,"American politician Joe Heck ran unsuccessfully against Democrat Catherine Cortez Masto, a woman who previously served as the 32nd Attorney General of where?",Nevada,bridge,easy,Hybrid,0.5,4,D004,D004_C002,Catherine Cortez Masto,She is a member of the Democratic Party.,9.883053233641002,0.6220848560333252,0.4756364745626999,0.7521482243379585,0.6138923494503292,False
5ab698885542995eadef002a,"American politician Joe Heck ran unsuccessfully against Democrat Catherine Cortez Masto, a woman who previously served as the 32nd Attorney General of where?",Nevada,bridge,easy,Hybrid,0.5,5,D005,D005_C001,Joe Heck,"Joseph John “Joe” Heck (born October 30, 1961) is an American politician, physician, and U.S. Army Brigadier General who had served as the U.S. Representative for Nevada's 3rd congressional district from 2011 to 2017.",10.950165539180885,0.529780387878418,0.5269928239590368,0.6251727261514717,0.5760827750552542,True
5ab345db55429969a97a8122,"Which state does the drug stores, of which the CEO is Warren Bryant, are located?",Hawaii,bridge,medium,Hybrid,0.5,1,D008,D008_C001,Warren Bryant,Warren Bryant was the CEO of Longs Drugs Store Corporation out of California prior to the retail chain's acquisition by CVS/Caremark.,9.876612054530735,0.7000166177749634,0.9764258997862406,1.0,0.9882129498931203,True
5ab345db55429969a97a8122,"Which state does the drug stores, of which the CEO is Warren Bryant, are located?",Hawaii,bridge,medium,Hybrid,0.5,2,D005,D005_C002,Leader Drug Stores,"It has a business affiliation with Cardinal Health, which sponsors the network and owns the name ""Leader Drug Stores"".",10.093736818685167,0.4873499274253845,1.0,0.6473879074960712,0.8236939537480357,False
5ab345db55429969a97a8122,"Which state does the drug stores, of which the CEO is Warren Bryant, are located?",Hawaii,bridge,medium,Hybrid,0.5,3,D008,D008_C005,Warren Bryant,He is also a director of OfficeMax Incorporated.,6.394830877745973,0.5762835741043091,0.5983950533116071,0.794844376574106,0.6966197149428566,False
5ab345db55429969a97a8122,"Which state does the drug stores, of which the CEO is Warren Bryant, are located?",Hawaii,bridge,medium,Hybrid,0.5,4,D008,D008_C003,Warren Bryant,", a retail grocery chain, from 1999 to 2002.",4.621520929120656,0.6588391661643982,0.40585973104308826,0.9317257095950785,0.6687927203190833,False
5ab345db55429969a97a8122,"Which state does the drug stores, of which the CEO is Warren Bryant, are located?",Hawaii,bridge,medium,Hybrid,0.5,5,D001,D001_C003,USA Drug,"Its headquarters are still located in Pine Bluff with additional offices in Little Rock, Arkansas, Tulsa, Oklahoma, and Memphis, Tennessee.",6.3447421903477075,0.5285060405731201,0.5929567250725375,0.7156268176540119,0.6542917713632748,False
5adf732a5542993a75d264e9,Which  American politician did Donahue replaced ,Kelli Ward,bridge,easy,Hybrid,0.5,1,D005,D005_C004,Sue Donahue,Donahue did not run for re-election in 2016 and was replaced by Sonny Borrelli.,5.9062319359929045,0.64454185962677,1.0,0.894932176107842,0.947466088053921,False
5adf732a5542993a75d264e9,Which  American politician did Donahue replaced ,Kelli Ward,bridge,easy,Hybrid,0.5,2,D005,D005_C001,Sue Donahue,Sue Donahue is an American politician.,3.4115512140308377,0.7081889510154724,0.5776189033892584,1.0,0.7888094516946291,False
5adf732a5542993a75d264e9,Which  American politician did Donahue replaced ,Kelli Ward,bridge,easy,Hybrid,0.5,3,D009,D009_C001,Dan Donahue,Daniel M. Donahue is an American politician serving in the Massachusetts House of Representatives since September 2013.,2.6413792179485176,0.6288308501243591,0.4472190131667208,0.8689966377580042,0.6581078254623625,False
5adf732a5542993a75d264e9,Which  American politician did Donahue replaced ,Kelli Ward,bridge,easy,Hybrid,0.5,4,D004,D004_C001,Anne Donahue,Anne de la Blanchetai Donahue is an American politician from the state of Vermont.,2.813621777236526,0.55568927526474,0.47638186372095537,0.7482554390814903,0.6123186514012229,False
5adf732a5542993a75d264e9,Which  American politician did Donahue replaced ,Kelli Ward,bridge,easy,Hybrid,0.5,5,D005,D005_C003,Sue Donahue,Donahue replaced Kelli Ward who resigned to run for the United States Senate.,2.6702433884874823,0.5688099265098572,0.4521060834429598,0.7699148463583025,0.6110104649006312,True
5ac2a912554299218029dae8,"Which band was founded first, Hole, the rock band that Courtney Love was a frontwoman of, or The Wolfhounds?",The Wolfhounds,comparison,medium,Hybrid,0.5,1,D010,D010_C003,Courtney Love,"She rose to prominence as the frontwoman of the alternative rock band Hole, which she formed in 1989.",10.836578271705644,0.7337238788604736,1.0,1.0,1.0,True
5ac2a912554299218029dae8,"Which band was founded first, Hole, the rock band that Courtney Love was a frontwoman of, or The Wolfhounds?",The Wolfhounds,comparison,medium,Hybrid,0.5,2,D010,D010_C002,Courtney Love,"Prolific in the punk and grunge scenes of the 1990s, Love has enjoyed a career that spans four decades.",8.452024681696802,0.4560595750808716,0.7558553917193587,0.5751950616148009,0.6655252266670798,False
5ac2a912554299218029dae8,"Which band was founded first, Hole, the rock band that Courtney Love was a frontwoman of, or The Wolfhounds?",The Wolfhounds,comparison,medium,Hybrid,0.5,3,D005,D005_C001,The Wolfhounds,"The Wolfhounds are an indie pop/noise pop band formed in Romford, UK in 1985 by Dave Callahan, Paul Clark, Andy Golding, Andy Bolton and Frank Stebbing, and originally active until 1990.",6.762273965852282,0.5496867895126343,0.582848784386091,0.7184374680619513,0.6506431262240211,True
5ac2a912554299218029dae8,"Which band was founded first, Hole, the rock band that Courtney Love was a frontwoman of, or The Wolfhounds?",The Wolfhounds,comparison,medium,Hybrid,0.5,4,D005,D005_C002,The Wolfhounds,"The band reformed in 2005 and continues to write, record and play live, releasing new albums in 2014 and 2016.",6.7025422662194245,0.5303709506988525,0.5767331019917411,0.6888857266048999,0.6328094142983205,False
5ac2a912554299218029dae8,"Which band was founded first, Hole, the rock band that Courtney Love was a frontwoman of, or The Wolfhounds?",The Wolfhounds,comparison,medium,Hybrid,0.5,5,D007,D007_C003,Turpentine (song),"The song was one of the band's first compositions and remained unreleased for seven years before being released on the band's second EP, ""The First Session"" on August 26, 1997.",10.117286892079344,0.27230656147003174,0.926354721967958,0.2940671436127539,0.610210932790356,False
5a7272eb5542997f827839d7,How old is the female main protagonist of Catching Fire?,16-year-old,bridge,medium,Hybrid,0.5,1,D004,D004_C005,To Heart 2,"Its story centers on the male protagonist Takaaki Kouno, and focuses on the appeal of the female main characters.",8.447056183347609,0.4088417887687683,1.0,0.8048821344584645,0.9024410672292322,False
5a7272eb5542997f827839d7,How old is the female main protagonist of Catching Fire?,16-year-old,bridge,medium,Hybrid,0.5,2,D010,D010_C004,"Hello, Good-bye",The primary focus of the game is the appeal of the four female main characters.,7.965007937509931,0.37535369396209717,0.9429329892716968,0.726940198763818,0.8349365940177573,False
5a7272eb5542997f827839d7,How old is the female main protagonist of Catching Fire?,16-year-old,bridge,medium,Hybrid,0.5,3,D001,D001_C001,Catching Fire,"Catching Fire is a 2009 science fiction young adult novel by the American novelist Suzanne Collins, the second book in ""The Hunger Games trilogy"".",5.103607950544706,0.4926750361919403,0.6041877595896518,1.0,0.8020938797948258,True
5a7272eb5542997f827839d7,How old is the female main protagonist of Catching Fire?,16-year-old,bridge,medium,Hybrid,0.5,4,D001,D001_C002,Catching Fire,"As the sequel to the 2008 bestseller ""The Hunger Games"", it continues the story of Katniss Everdeen and the post-apocalyptic nation of Panem.",4.949550247077415,0.4412271976470947,0.5859497249272331,0.8802576215027889,0.7331036732150109,False
5a7272eb5542997f827839d7,How old is the female main protagonist of Catching Fire?,16-year-old,bridge,medium,Hybrid,0.5,5,D005,D005_C002,The Hunger Games (novel),"It is written in the voice of 16-year-old Katniss Everdeen, who lives in the future, post-apocalyptic nation of Panem in North America.",6.208710623861734,0.37335872650146484,0.7350147186307919,0.7222970076110462,0.728655863120919,True
5ac2c3545542990b17b1548b,Chang Ucchin was born in korea during a time that ended with the conclusion of what? ,World War II,bridge,medium,Hybrid,0.5,1,D010,D010_C002,Chang Ucchin,Chang was born when Korea was still under Japanese colonial rule.,6.658880746135158,0.8210365772247314,0.6743081456007904,1.0,0.8371540728003952,True
5ac2c3545542990b17b1548b,Chang Ucchin was born in korea during a time that ended with the conclusion of what? ,World War II,bridge,medium,Hybrid,0.5,2,D009,D009_C002,Chang Yong-hak,Chang was born in Hamyeong Buk-do in what is now North Korea.,8.69185061859423,0.6762701272964478,0.8801757976916915,0.7644785020200554,0.8223271498558735,False
5ac2c3545542990b17b1548b,Chang Ucchin was born in korea during a time that ended with the conclusion of what? ,World War II,bridge,medium,Hybrid,0.5,3,D010,D010_C001,Chang Ucchin,Chang Ucchin (26 November 1917 – 27 December 1990) is one of the representatives of modern Korean fine art.,4.701166064190616,0.7331851720809937,0.4760611718036311,0.8570739660373915,0.6665675689205113,False
5ac2c3545542990b17b1548b,Chang Ucchin was born in korea during a time that ended with the conclusion of what? ,World War II,bridge,medium,Hybrid,0.5,4,D010,D010_C004,Chang Ucchin,"He became a professor of fine arts at Seoul National University in 1954, but resigned to paint full-time from 1960.",6.7400789962918815,0.5992662310600281,0.6825306447829522,0.6392003522769466,0.6608654985299494,False
5ac2c3545542990b17b1548b,Chang Ucchin was born in korea during a time that ended with the conclusion of what? ,World War II,bridge,medium,Hybrid,0.5,5,D005,D005_C001,Korea under Japanese rule,Korea under Japanese rule began with the end of the short-lived Korean Empire in 1910 and ended at the conclusion of World War II in 1945.,9.875130219882298,0.36625880002975464,1.0,0.2601190166228987,0.6300595083114493,True
5ae3b4d05542992f92d82349,Who is the director of the 2003 film which has scenes in it filmed at the Quality Cafe in Los Angeles?,Todd Phillips,bridge,hard,Hybrid,0.5,1,D002,D002_C002,Good Life Cafe,"In 2008, director Ava DuVernay, who had performed at the cafe with the Figures of Speech hip hop group, released a documentary about the cafe, ""This Is The Life"".",17.359470571148062,0.4456157684326172,1.0,0.8008348182134567,0.9004174091067283,False
5ae3b4d05542992f92d82349,Who is the director of the 2003 film which has scenes in it filmed at the Quality Cafe in Los Angeles?,Todd Phillips,bridge,hard,Hybrid,0.5,2,D007,D007_C001,Quality Cafe,"Quality Cafe is the name of two different former locations in Downtown Los Angeles, California.",13.276564800711487,0.5260124206542969,0.7648024026019272,0.9472258198872221,0.8560141112445747,False
5ae3b4d05542992f92d82349,Who is the director of the 2003 film which has scenes in it filmed at the Quality Cafe in Los Angeles?,Todd Phillips,bridge,hard,Hybrid,0.5,3,D010,D010_C001,Quality Cafe (diner),"The Quality Cafe (also known as Quality Diner) is a now-defunct diner at 1236 West 7th Street in Los Angeles, California.",13.465506957609541,0.4862140417098999,0.7756864993330845,0.8747585666165529,0.8252225329748187,True
5ae3b4d05542992f92d82349,Who is the director of the 2003 film which has scenes in it filmed at the Quality Cafe in Los Angeles?,Todd Phillips,bridge,hard,Hybrid,0.5,4,D010,D010_C002,Quality Cafe (diner),"The restaurant ceased to function as a diner in late 2006 but has appeared as a location featured in a number of Hollywood films, including ""Training Day"", ""Old School"", ""Se7en"", ""Ghost World"", ""Gone in 60 Seconds"", ""The Stepfather"", ""What's Love Got to Do with It"", ""Sex and Death 101"", and ""Catch Me If You Can.""",10.14632943519353,0.5549955368041992,0.5844838063239682,1.0,0.7922419031619841,True
5ae3b4d05542992f92d82349,Who is the director of the 2003 film which has scenes in it filmed at the Quality Cafe in Los Angeles?,Todd Phillips,bridge,hard,Hybrid,0.5,5,D010,D010_C003,Quality Cafe (diner),"It was also featured in Season 1 of the 2007 television series ""Mad Men,"" in the episode ""5G"".",12.625621794808298,0.44468778371810913,0.7273045420977552,0.7991450885028191,0.7632248153002872,False
5a76a401554299373536012b,"New Faces of 1952 is a musical revue with songs and comedy skits, it helped jump start the career of which young performer, and American actress?",Carol Lawrence,bridge,easy,Hybrid,0.5,1,D003,D003_C001,New Faces of 1952,New Faces of 1952 is a musical revue with songs and comedy skits.,20.725808338714206,0.9232727289199829,1.0,1.0,1.0,False
5a76a401554299373536012b,"New Faces of 1952 is a musical revue with songs and comedy skits, it helped jump start the career of which young performer, and American actress?",Carol Lawrence,bridge,easy,Hybrid,0.5,2,D003,D003_C003,New Faces of 1952,"It helped jump start the careers of several young performers including Paul Lynde, Alice Ghostley, Eartha Kitt, Robert Clary, Carol Lawrence, Ronny Graham, performer/writer Mel Brooks (as Melvin Brooks), and lyricist Sheldon Harnick.",18.189411662551418,0.6490117311477661,0.8776213388297626,0.6985900379609581,0.7881056883953603,True
5a76a401554299373536012b,"New Faces of 1952 is a musical revue with songs and comedy skits, it helped jump start the career of which young performer, and American actress?",Carol Lawrence,bridge,easy,Hybrid,0.5,3,D007,D007_C001,New Faces (film),"New Faces is a 1954 American film adaptation of the musical revue ""New Faces of 1952"" directed by Harry Horner and sketches directed by John Beal.",11.062772488199847,0.727274477481842,0.5337679625038048,0.7845999759150839,0.6591839692094443,False
5a76a401554299373536012b,"New Faces of 1952 is a musical revue with songs and comedy skits, it helped jump start the career of which young performer, and American actress?",Carol Lawrence,bridge,easy,Hybrid,0.5,4,D003,D003_C002,New Faces of 1952,It ran on Broadway for nearly a year in 1952 and was then made into a motion picture in 1954.,7.22641436530219,0.7797836065292358,0.34866743179342286,0.8423069583932224,0.5954871950933227,False
5a76a401554299373536012b,"New Faces of 1952 is a musical revue with songs and comedy skits, it helped jump start the career of which young performer, and American actress?",Carol Lawrence,bridge,easy,Hybrid,0.5,5,D001,D001_C002,Guess Who I Saw Today,"The song was originally composed for Leonard Sillman's Broadway musical revue ""New Faces of 1952"" in which it was sung by June Carroll.",9.192488933356248,0.48387211561203003,0.44352860854094606,0.5171033313053227,0.4803159699231344,False
5ae3918b5542994393b9e709,Were Pavel Urysohn and Leonid Levin known for the same type of work?,no,comparison,medium,Hybrid,0.5,1,D008,D008_C001,Pavel Urysohn,"Pavel Samuilovich Urysohn (Па́вел Самуи́лович Урысо́н ) (February 3, 1898 – August 17, 1924) was a Soviet mathematician of Jewish origin who is best known for his contributions in dimension theory, and for developing Urysohn's Metrization Theorem and Urysohn's Lemma, both of which are fundamental results in topology.",8.888235764427815,0.47600844502449036,1.0,0.7508195547090619,0.875409777354531,True
5ae3918b5542994393b9e709,Were Pavel Urysohn and Leonid Levin known for the same type of work?,no,comparison,medium,Hybrid,0.5,2,D005,D005_C003,Tony Levin,Levin is best known for his work with King Crimson and Peter Gabriel.,7.8144280049844035,0.5319695472717285,0.8640529762775487,0.8505955076423737,0.8573242419599612,False
5ae3918b5542994393b9e709,Were Pavel Urysohn and Leonid Levin known for the same type of work?,no,comparison,medium,Hybrid,0.5,3,D008,D008_C002,Pavel Urysohn,"His name is also commemorated in the terms Urysohn universal space, Fréchet–Urysohn space, Menger–Urysohn dimension and Urysohn integral equation.",8.456354066389094,0.4834684133529663,0.945322585972935,0.7641203193283426,0.8547214526506388,False
5ae3918b5542994393b9e709,Were Pavel Urysohn and Leonid Levin known for the same type of work?,no,comparison,medium,Hybrid,0.5,4,D008,D008_C003,Pavel Urysohn,He and Pavel Alexandrov formulated the modern definition of compactness in 1923.,8.7753681708387,0.44302940368652344,0.9857106513822281,0.6920195106751701,0.8388650810286991,False
5ae3918b5542994393b9e709,Were Pavel Urysohn and Leonid Levin known for the same type of work?,no,comparison,medium,Hybrid,0.5,5,D009,D009_C002,Meyer Levin,"Perhaps best known for his work on the Leopold and Loeb case, Levin worked as a journalist (for the ""Chicago Daily News"" and, from 1933–39, as an editor for ""Esquire"").",7.742755549143944,0.4850960969924927,0.8549790457078537,0.7670224009472892,0.8110007233275714,False
5a8efd3c55429918e830d179,Are both The New Pornographers and Kings of Leon American rock bands?,no,comparison,hard,Hybrid,0.5,1,D003,D003_C001,Kings of Leon,"Kings of Leon is an American rock band that formed in Nashville, Tennessee, in 1999.",11.186509472069844,0.6113026142120361,1.0,1.0,1.0,True
5a8efd3c55429918e830d179,Are both The New Pornographers and Kings of Leon American rock bands?,no,comparison,hard,Hybrid,0.5,2,D003,D003_C002,Kings of Leon,"The band is composed of brothers Caleb Followill (b. January 14, 1982, lead vocals, rhythm guitar), Nathan Followill (b. June 26, 1979, drums, percussion, backing vocals) and Jared Followill (b. November 20, 1986, bass guitar, backing vocals), with their cousin Matthew Followill (b. September 10, 1984, lead guitar, backing vocals).",4.850727298981006,0.5312570333480835,0.4336229554976164,0.8328470586595249,0.6332350070785706,False
5a8efd3c55429918e830d179,Are both The New Pornographers and Kings of Leon American rock bands?,no,comparison,hard,Hybrid,0.5,3,D002,D002_C003,A. C. Newman,"Following the breakup of those bands, he reemerged as the leader of the New Pornographers in 2000, a band who have enjoyed commercial and critical success.",4.434636252652336,0.5062415599822998,0.3964271664655189,0.7806091973437093,0.5885181819046141,False
5a8efd3c55429918e830d179,Are both The New Pornographers and Kings of Leon American rock bands?,no,comparison,hard,Hybrid,0.5,4,D010,D010_C001,The New Pornographers,"The New Pornographers is a Canadian indie rock band formed in 1997 in Vancouver, British Columbia.",2.5744770507422086,0.5852712392807007,0.23014123012813684,0.9456407107057557,0.5878909704169463,True
5a8efd3c55429918e830d179,Are both The New Pornographers and Kings of Leon American rock bands?,no,comparison,hard,Hybrid,0.5,5,D010,D010_C002,The New Pornographers,"Presented as a musical collective of singer-songwriters and musicians from multiple projects, the band has released seven studio albums to critical acclaim for their use of multiple vocalists and elements of power pop incorporated into their music.",3.1136142666365427,0.5547622442245483,0.278336533340496,0.8819311566499809,0.5801338449952385,False
5a8b63755542997f31a41cfe,"750 7th Avenue and 101 Park Avenue, are located in which city?",New York City,comparison,easy,Hybrid,0.5,1,D004,D004_C001,750 7th Avenue,750 Seventh Avenue is a 615 ft (187m) tall Class-A office skyscraper in New York City.,8.02375698222169,0.7238209247589111,0.8839400613668126,0.9982890800644696,0.9411145707156411,True
5a8b63755542997f31a41cfe,"750 7th Avenue and 101 Park Avenue, are located in which city?",New York City,comparison,easy,Hybrid,0.5,2,D002,D002_C001,101 Park Avenue,"101 Park Avenue is a 629 ft tall skyscraper in New York City, New York.",8.410346208236048,0.6312123537063599,0.9265288018937299,0.8647541297096817,0.8956414658017058,True
5a8b63755542997f31a41cfe,"750 7th Avenue and 101 Park Avenue, are located in which city?",New York City,comparison,easy,Hybrid,0.5,3,D004,D004_C006,750 7th Avenue,It is tied with the New York Life Building for the 74th tallest building in New York City.,6.487283223354908,0.7250074744224548,0.7146738794883649,1.0,0.8573369397441825,False
5a8b63755542997f31a41cfe,"750 7th Avenue and 101 Park Avenue, are located in which city?",New York City,comparison,easy,Hybrid,0.5,4,D004,D004_C002,750 7th Avenue,It was completed in 1989 in the postmodern style and has 36 floors.,7.321623848079255,0.631926417350769,0.806589313200249,0.8657837585250558,0.8361865358626523,False
5a8b63755542997f31a41cfe,"750 7th Avenue and 101 Park Avenue, are located in which city?",New York City,comparison,easy,Hybrid,0.5,5,D002,D002_C003,101 Park Avenue,"Eli Attia Architects designed the building, which is the 64th tallest in New York.",9.077263643662413,0.4802829623222351,1.0,0.6471247185602454,0.8235623592801227,False
5ac15df95542994d76dccded,"Which actress played the part of fictitious character Kimberly Ann Hart, in the franchise built around a live action superhero television series taking much of its footage from the Japanese tokusatsu 'Super Sentai'?",Amy Jo Johnson,bridge,easy,Hybrid,0.5,1,D010,D010_C001,Kimberly Hart,"Kimberly Ann Hart is a fictitious character in the ""Power Rangers"" universe.",23.99620648395946,0.8029043674468994,1.0,1.0,1.0,True
5ac15df95542994d76dccded,"Which actress played the part of fictitious character Kimberly Ann Hart, in the franchise built around a live action superhero television series taking much of its footage from the Japanese tokusatsu 'Super Sentai'?",Amy Jo Johnson,bridge,easy,Hybrid,0.5,2,D010,D010_C002,Kimberly Hart,"Played by actress Amy Jo Johnson during the first three seasons of the show, plus on the two feature films of the franchise, Kimberly has the longest tenure of any female ranger in the series' history, and fourth overall.",17.412317759493,0.6607075333595276,0.7152282254485011,0.7345894662923849,0.7249088458704429,True
5ac15df95542994d76dccded,"Which actress played the part of fictitious character Kimberly Ann Hart, in the franchise built around a live action superhero television series taking much of its footage from the Japanese tokusatsu 'Super Sentai'?",Amy Jo Johnson,bridge,easy,Hybrid,0.5,3,D010,D010_C003,Kimberly Hart,"She is possibly the best remembered as the first Pink Ranger and first Pink Ninja Ranger from the first entry of the franchise ""Mighty Morphin Power Rangers"".",11.973165923528754,0.6457703709602356,0.4799695530735208,0.7067092376648089,0.5933393953691648,False
5ac15df95542994d76dccded,"Which actress played the part of fictitious character Kimberly Ann Hart, in the franchise built around a live action superhero television series taking much of its footage from the Japanese tokusatsu 'Super Sentai'?",Amy Jo Johnson,bridge,easy,Hybrid,0.5,4,D005,D005_C001,Power Rangers,Power Rangers is an American entertainment and merchandising franchise built around a live action superhero television series.,19.6920129724161,0.42982017993927,0.8138314792987972,0.30363798913111195,0.5587347342149546,True
5ac15df95542994d76dccded,"Which actress played the part of fictitious character Kimberly Ann Hart, in the franchise built around a live action superhero television series taking much of its footage from the Japanese tokusatsu 'Super Sentai'?",Amy Jo Johnson,bridge,easy,Hybrid,0.5,5,D005,D005_C002,Power Rangers,"Produced first by Saban Entertainment, later by BVS Entertainment, and today by SCG Power Rangers, the television series takes much of its footage from the Japanese tokusatsu ""Super Sentai"", produced by Toei Company.",16.54606382681468,0.4612894356250763,0.6777602973068373,0.3623753864898974,0.5200678418983673,True
5a7a02235542996c55b2dcd3,"Who was born first, Pablo Trapero or Aleksander Ford?",Aleksander Ford,comparison,hard,Hybrid,0.5,1,D009,D009_C001,Aleksander Ford,"Aleksander Ford (born Mosze Lifszyc; 24 November 1908 in Kiev, Russian Empire – 4 April 1980 in Naples, Florida, United States) was a Polish Jewish film director; and head of the Polish People's Army Film Crew in the Soviet Union during World War II.",6.701927770487856,0.48980507254600525,1.0,0.8784947009196354,0.9392473504598178,True
5a7a02235542996c55b2dcd3,"Who was born first, Pablo Trapero or Aleksander Ford?",Aleksander Ford,comparison,hard,Hybrid,0.5,2,D003,D003_C001,Pablo Trapero,"Pablo Trapero (Born 4 October 1971) is an Argentine film producer, editor and director.",3.2663939514282854,0.5553562641143799,0.4873812525721257,1.0,0.7436906262860629,True
5a7a02235542996c55b2dcd3,"Who was born first, Pablo Trapero or Aleksander Ford?",Aleksander Ford,comparison,hard,Hybrid,0.5,3,D009,D009_C002,Aleksander Ford,Ford became director of the nationalized Film Polski company following the Red Army occupation of Poland.,6.082829444120846,0.2979416251182556,0.9076238438299457,0.5228577551292303,0.715240799479588,False
5a7a02235542996c55b2dcd3,"Who was born first, Pablo Trapero or Aleksander Ford?",Aleksander Ford,comparison,hard,Hybrid,0.5,4,D004,D004_C002,El Bonaerense,It was directed and produced by Pablo Trapero.,1.1363508342382946,0.3734736144542694,0.16955581634917796,0.6628634016297127,0.4162096089894453,False
5a7a02235542996c55b2dcd3,"Who was born first, Pablo Trapero or Aleksander Ford?",Aleksander Ford,comparison,hard,Hybrid,0.5,5,D007,D007_C002,Familia rodante,"The film's executive producers were Hugo Castro Fau and Martina Gusman, and it was produced by Pablo Trapero, Robert Bevan, and Donald Ranvaud.",0.7786123431882291,0.36544016003608704,0.11617737013175111,0.6479726382678969,0.382075004199824,False
5ac061ab554299294b218fac,Are Jane and First for Women both women's magazines?,yes,comparison,medium,Hybrid,0.5,1,D002,D002_C001,First for Women,First for Women is a woman's magazine published by Bauer Media Group in the USA.,6.120543223669414,0.6494437456130981,0.811081122352962,0.9371546924617506,0.8741179074073564,True
5ac061ab554299294b218fac,Are Jane and First for Women both women's magazines?,yes,comparison,medium,Hybrid,0.5,2,D002,D002_C002,First for Women,The magazine was started in 1989.,5.102288174120116,0.6888201236724854,0.676144170149743,1.0,0.8380720850748715,False
5ac061ab554299294b218fac,Are Jane and First for Women both women's magazines?,yes,comparison,medium,Hybrid,0.5,3,D010,D010_C004,List of magazines in China,"Madame Figaro"", and ""Elle"" are among such titles both of which entered into the Chinese market in 1988.",7.546154207009035,0.479867160320282,1.0,0.666507843278714,0.8332539216393571,False
5ac061ab554299294b218fac,Are Jane and First for Women both women's magazines?,yes,comparison,medium,Hybrid,0.5,4,D001,D001_C004,List of magazines in Malaysia,Some international women's magazines are also published in Malaysia.,6.353930398858636,0.5152391195297241,0.8420090849663481,0.7229620364854926,0.7824855607259203,False
5ac061ab554299294b218fac,Are Jane and First for Women both women's magazines?,yes,comparison,medium,Hybrid,0.5,5,D003,D003_C002,Jane (magazine),"Its original target audience (pitched to advertisers) was aged 18–34, and was designed to appeal to women who did not like the typical women's magazine format.",3.9392570032773824,0.6795778274536133,0.5220218001400652,0.985249152490394,0.7536354763152295,False
5ab5a2f85542997d4ad1f197,What profession does Nicholas Ray and Elia Kazan have in common?,director,comparison,medium,Hybrid,0.5,1,D002,D002_C001,Nicholas Ray,"Nicholas Ray (born Raymond Nicholas Kienzle Jr., August 7, 1911 – June 16, 1979) was an American film director best known for the movie ""Rebel Without a Cause.""",5.94108341203229,0.3225443363189697,1.0,0.5633796269831594,0.7816898134915797,True
5ab5a2f85542997d4ad1f197,What profession does Nicholas Ray and Elia Kazan have in common?,director,comparison,medium,Hybrid,0.5,2,D009,D009_C003,Maya Kazan,She is the daughter of screenwriters Nicholas Kazan and Robin Swicord.,3.3690827506960743,0.5327982306480408,0.5670822166665388,0.9599257894149023,0.7635040030407205,False
5ab5a2f85542997d4ad1f197,What profession does Nicholas Ray and Elia Kazan have in common?,director,comparison,medium,Hybrid,0.5,3,D003,D003_C001,Elia Kazan,"Elia Kazan (born Elias Kazantzoglou September 7, 1909 – September 28, 2003) was a Greek-American director, producer, writer and actor, described by ""The New York Times"" as ""one of the most honored and influential directors in Broadway and Hollywood history"".",3.1169057016329482,0.554046094417572,0.5246359098948816,1.0,0.7623179549474408,True
5ab5a2f85542997d4ad1f197,What profession does Nicholas Ray and Elia Kazan have in common?,director,comparison,medium,Hybrid,0.5,4,D005,D005_C002,A Letter to Elia,"Made from clips from films, stills, readings from Kazan's autobiography, a speech he wrote on directing read by Elias Koteas, a videotaped interview done late in Kazan's life, and Scorsese's commentary on and off screen.",2.5584531957179903,0.543980062007904,0.4306374811261588,0.9810151125347528,0.7058262968304558,False
5ab5a2f85542997d4ad1f197,What profession does Nicholas Ray and Elia Kazan have in common?,director,comparison,medium,Hybrid,0.5,5,D009,D009_C004,Maya Kazan,She is the granddaughter of film director Elia Kazan and playwright Molly Kazan.,2.0994237835966976,0.5473113059997559,0.35337389462413543,0.9872979546448025,0.670335924634469,False
5abd7ca05542993062266cab,Where is the company that purchased Aixam based in?,"Roseau, Minnesota, USA",bridge,medium,Hybrid,0.5,1,D002,D002_C001,Aixam,"Aixam-Mega is a French automobile manufacturer based in Aix-les-Bains, Savoie.",7.625219077611246,0.7058234214782715,1.0,1.0,1.0,False
5abd7ca05542993062266cab,Where is the company that purchased Aixam based in?,"Roseau, Minnesota, USA",bridge,medium,Hybrid,0.5,2,D002,D002_C003,Aixam,"On April 11, 2013, US based Polaris Industries announced that it had acquired Aixam-Mega.",7.419475655495738,0.6933110952377319,0.9730180313481614,0.9788480216571946,0.975933026502678,True
5abd7ca05542993062266cab,Where is the company that purchased Aixam based in?,"Roseau, Minnesota, USA",bridge,medium,Hybrid,0.5,3,D002,D002_C002,Aixam,It was founded in 1983 to make microcars following the acquisition of Arola.,4.671254541846394,0.5645527839660645,0.6126059453900646,0.7611832198355745,0.6868945826128195,False
5abd7ca05542993062266cab,Where is the company that purchased Aixam based in?,"Roseau, Minnesota, USA",bridge,medium,Hybrid,0.5,4,D003,D003_C002,Arola (microcar),Arola became part of the Aixam group in 1983.,5.026959433151709,0.5070019364356995,0.6592544269202172,0.6638940142018281,0.6615742205610227,False
5abd7ca05542993062266cab,Where is the company that purchased Aixam based in?,"Roseau, Minnesota, USA",bridge,medium,Hybrid,0.5,5,D001,D001_C001,WizKids,"WizKids/NECA, LLC is an American company based in New Jersey that first made its mark in the game industry producing collectible miniatures wargames.",7.413165966109796,0.23741088807582855,0.9721905548754568,0.20815269906199196,0.5901716269687244,False
5a8ce5c7554299441c6b9f64,"Which documentary is about Finnish rock groups, Adam Clayton Powell or The Saimaa Gesture?",The Saimaa Gesture,comparison,medium,Hybrid,0.5,1,D009,D009_C002,The Saimaa Gesture,It is a documentary of three Finnish rock groups aboard the steamboat SS Heinävesi on their tour around Lake Saimaa.,18.244492864720353,0.6726711988449097,1.0,1.0,1.0,True
5a8ce5c7554299441c6b9f64,"Which documentary is about Finnish rock groups, Adam Clayton Powell or The Saimaa Gesture?",The Saimaa Gesture,comparison,medium,Hybrid,0.5,2,D009,D009_C001,The Saimaa Gesture,"The Saimaa Gesture (Finnish: ""Saimaa-ilmiö"" ) is a 1981 film by Finnish directors Aki and Mika Kaurismäki.",12.872510645896968,0.4844001233577728,0.6974974710808417,0.7104149108292865,0.7039561909550641,True
5a8ce5c7554299441c6b9f64,"Which documentary is about Finnish rock groups, Adam Clayton Powell or The Saimaa Gesture?",The Saimaa Gesture,comparison,medium,Hybrid,0.5,3,D002,D002_C001,Adam Clayton Powell (film),Adam Clayton Powell is a 1989 American documentary film directed by Richard Kilberg about the civil rights leader.,9.175549705037904,0.5178533792495728,0.48931732670013955,0.7618703139782395,0.6255938203391895,True
5a8ce5c7554299441c6b9f64,"Which documentary is about Finnish rock groups, Adam Clayton Powell or The Saimaa Gesture?",The Saimaa Gesture,comparison,medium,Hybrid,0.5,4,D002,D002_C002,Adam Clayton Powell (film),It was nominated for an Academy Award for Best Documentary Feature.,4.822720079625095,0.5342648029327393,0.24420445848777794,0.7871131909226209,0.5156588247051994,False
5a8ce5c7554299441c6b9f64,"Which documentary is about Finnish rock groups, Adam Clayton Powell or The Saimaa Gesture?",The Saimaa Gesture,comparison,medium,Hybrid,0.5,5,D004,D004_C004,Adam Clayton Powell IV,"Beginning in 2001, Powell represented the 68th Assembly District, which includes parts of Harlem and East Harlem.",6.275231948631969,0.41431206464767456,0.3259970809800971,0.6026104768297967,0.4643037789049469,False
5a81ff1d554299676cceb1c3,"Who was inducted into the Rock and Roll Hall of Fame, David Lee Roth or Cia Berg?",David Lee Roth,comparison,medium,Hybrid,0.5,1,D008,D008_C002,David Lee Roth,"In 2007, he was inducted into the Rock and Roll Hall of Fame.",17.58832646749495,0.819259762763977,1.0,1.0,1.0,True
5a81ff1d554299676cceb1c3,"Who was inducted into the Rock and Roll Hall of Fame, David Lee Roth or Cia Berg?",David Lee Roth,comparison,medium,Hybrid,0.5,2,D005,D005_C009,The Midnighters,"The group's lead singer, Hank Ballard, was inducted into the Rock and Roll Hall of Fame in 1990.",15.195124553533017,0.47572773694992065,0.8639323690980595,0.5136509935474812,0.6887916813227704,False
5a81ff1d554299676cceb1c3,"Who was inducted into the Rock and Roll Hall of Fame, David Lee Roth or Cia Berg?",David Lee Roth,comparison,medium,Hybrid,0.5,3,D003,D003_C006,Sammy Hagar,"On March 12, 2007, Hagar was inducted into the Rock and Roll Hall of Fame as a member of Van Halen.",14.323194927457092,0.43371742963790894,0.8143580319553335,0.45417569084885906,0.6342668614020963,False
5a81ff1d554299676cceb1c3,"Who was inducted into the Rock and Roll Hall of Fame, David Lee Roth or Cia Berg?",David Lee Roth,comparison,medium,Hybrid,0.5,4,D005,D005_C010,The Midnighters,"The Midnighters as a ""group"" were inducted into the Rock and Roll Hall of Fame on April 14, 2012.",13.877727036976744,0.39753350615501404,0.7890305574338877,0.40294898150856256,0.5959897694712252,False
5a81ff1d554299676cceb1c3,"Who was inducted into the Rock and Roll Hall of Fame, David Lee Roth or Cia Berg?",David Lee Roth,comparison,medium,Hybrid,0.5,5,D007,D007_C002,Cia Berg,"She was at one time the lead singer of the Swedish rock band Whale, who released the single ""Hobo Humpin' Slobo Babe"".",12.180799085507095,0.4152165651321411,0.6925502041378679,0.42798343977831943,0.5602668219580937,True
5ae732685542991e8301cbc3,Zimbabwe's Guwe Secondary School has a sister school in what New York cunty?,Nassau County,bridge,medium,Hybrid,0.5,1,D008,D008_C002,Guwe Secondary School,"It has a sister school in Carle Place, New York, United States.",16.50426686557054,0.7087849378585815,1.0,0.832776604686839,0.9163883023434195,True
5ae732685542991e8301cbc3,Zimbabwe's Guwe Secondary School has a sister school in what New York cunty?,Nassau County,bridge,medium,Hybrid,0.5,2,D008,D008_C001,Guwe Secondary School,Guwe Secondary School is located in Zimbabwe.,11.25526606458498,0.8042230606079102,0.6486027156378309,1.0,0.8243013578189154,False
5ae732685542991e8301cbc3,Zimbabwe's Guwe Secondary School has a sister school in what New York cunty?,Nassau County,bridge,medium,Hybrid,0.5,3,D009,D009_C002,Singwango Secondary School,"It had a sister school in Carle Place, New York, United States, although Carle Place High School still donates sports equipment and clothes.",9.947250674636077,0.4650014042854309,0.5610368962830945,0.4056274840716287,0.4833321901773616,False
5ae732685542991e8301cbc3,Zimbabwe's Guwe Secondary School has a sister school in what New York cunty?,Nassau County,bridge,medium,Hybrid,0.5,4,D001,D001_C005,Inyathi High School,"Inyathi High School is a boarding co-educational secondary school in Inyathi, Zimbabwe designed along the lines of the traditional British Boarding Public School System (without the attendant social implications).",5.868003407200229,0.5706663131713867,0.2879494142332513,0.5907699022201418,0.43935965822669654,False
5ae732685542991e8301cbc3,Zimbabwe's Guwe Secondary School has a sister school in what New York cunty?,Nassau County,bridge,medium,Hybrid,0.5,5,D001,D001_C001,Inyathi High School,"Inyathi High School (formerly, Inyathi Secondary School and prior to that Inyathi Mission) holds the distinction of being the oldest formal educational institution of any kind in Zimbabwe.",5.098005545941858,0.5867437124252319,0.2364014782222554,0.6189401680801981,0.4276708231512268,False
5a8a2ebc5542996c9b8d5e33,"The Royal Commission into Drug Trafficking (1977–1979) or Woodward Royal Commission was a royal commission initiated by the New South Wales Government to investigate drug trafficking in New South Wales, Australia, especially links between the New South Wales Police and Mafia, The Honoured Society, is a Calabrian 'Ndrangheta criminal confederation, started in Melbourne and currently active in all of which country?  ",Australia,bridge,easy,Hybrid,0.5,1,D002,D002_C001,Royal Commission into Drug Trafficking,"The Royal Commission into Drug Trafficking (1977–1979) or Woodward Royal Commission was a royal commission initiated by the New South Wales Government to investigate drug trafficking in New South Wales, Australia, especially links between the Mafia and New South Wales Police and the disappearance of anti-marijuana campaigner Donald Mackay.",47.997329632895855,0.9278137683868408,1.0,1.0,1.0,True
5a8a2ebc5542996c9b8d5e33,"The Royal Commission into Drug Trafficking (1977–1979) or Woodward Royal Commission was a royal commission initiated by the New South Wales Government to investigate drug trafficking in New South Wales, Australia, especially links between the New South Wales Police and Mafia, The Honoured Society, is a Calabrian 'Ndrangheta criminal confederation, started in Melbourne and currently active in all of which country?  ",Australia,bridge,easy,Hybrid,0.5,2,D007,D007_C001,Royal Commission of Inquiry into Drug Trafficking,"The Royal Commission of Inquiry into Drug Trafficking (1981–1983), also known as the Stewart Royal Commission, was a Royal Commission set up in 1981 by the Commonwealth, Queensland, New South Wales and Victorian governments to inquire into various drug trafficking and related criminal activities of Terence John Clark and his associates.",24.853099163903032,0.7623329758644104,0.4280573039255271,0.8070088128863122,0.6175330584059197,False
5a8a2ebc5542996c9b8d5e33,"The Royal Commission into Drug Trafficking (1977–1979) or Woodward Royal Commission was a royal commission initiated by the New South Wales Government to investigate drug trafficking in New South Wales, Australia, especially links between the New South Wales Police and Mafia, The Honoured Society, is a Calabrian 'Ndrangheta criminal confederation, started in Melbourne and currently active in all of which country?  ",Australia,bridge,easy,Hybrid,0.5,3,D006,D006_C001,Honoured Society (Australia),"The Honoured Society (Italian: ""Onorata Società"" ) is a Calabrian 'Ndrangheta criminal confederation, started in Melbourne and currently active in all Australia.",39.32245658192369,0.42348402738571167,0.785625610342761,0.4118278385731465,0.5987267244579537,True
5a8a2ebc5542996c9b8d5e33,"The Royal Commission into Drug Trafficking (1977–1979) or Woodward Royal Commission was a royal commission initiated by the New South Wales Government to investigate drug trafficking in New South Wales, Australia, especially links between the New South Wales Police and Mafia, The Honoured Society, is a Calabrian 'Ndrangheta criminal confederation, started in Melbourne and currently active in all of which country?  ",Australia,bridge,easy,Hybrid,0.5,4,D004,D004_C001,Kennedy Royal Commission,"The Royal commission into whether there has been corrupt or criminal conduct by any Western Australian Police Officer, commonly known as the Kennedy Royal Commission, was a Royal Commission established in 2002 by the state government of Western Australia to determine whether any officer of the Western Australia Police had engaged in corrupt or criminal conduct.",21.807037074353552,0.5167219042778015,0.35278269212794644,0.5205660689809157,0.4366743805544311,False
5a8a2ebc5542996c9b8d5e33,"The Royal Commission into Drug Trafficking (1977–1979) or Woodward Royal Commission was a royal commission initiated by the New South Wales Government to investigate drug trafficking in New South Wales, Australia, especially links between the New South Wales Police and Mafia, The Honoured Society, is a Calabrian 'Ndrangheta criminal confederation, started in Melbourne and currently active in all of which country?  ",Australia,bridge,easy,Hybrid,0.5,5,D008,D008_C001,Chelmsford Royal Commission,"The Chelmsford Royal Commission (1988–1990), chaired by Justice John Patrick Slattery, was established by the New South Wales state government, ostensibly to investigate mental health services in The state.",20.42883234692399,0.5387008190155029,0.3187243496566035,0.5461988737435867,0.4324616117000951,False
5add28c85542992ae4cec4be,"The 337th Flight Test Squadron (337 FLTS) was most recently part of the 46th Test Wing and based at McClellan Air Force Base, a former United States Air Force base located in the North Highlands area of Sacramento County, in which US state?",California,bridge,easy,Hybrid,0.5,1,D006,D006_C001,337th Flight Test Squadron,"The 337th Flight Test Squadron (337 FLTS) was most recently part of the 46th Test Wing and based at McClellan Air Force Base, California.",31.219923542778417,0.8929044008255005,0.8881634708555775,1.0,0.9440817354277887,True
5add28c85542992ae4cec4be,"The 337th Flight Test Squadron (337 FLTS) was most recently part of the 46th Test Wing and based at McClellan Air Force Base, a former United States Air Force base located in the North Highlands area of Sacramento County, in which US state?",California,bridge,easy,Hybrid,0.5,2,D008,D008_C001,McClellan Air Force Base,"McClellan Air Force Base (1935–2001) is a former United States Air Force base located in the North Highlands area of Sacramento County, 7 mi northeast of Sacramento, California.",34.35607188578938,0.7142660617828369,1.0,0.6985644958521683,0.8492822479260842,True
5add28c85542992ae4cec4be,"The 337th Flight Test Squadron (337 FLTS) was most recently part of the 46th Test Wing and based at McClellan Air Force Base, a former United States Air Force base located in the North Highlands area of Sacramento County, in which US state?",California,bridge,easy,Hybrid,0.5,3,D005,D005_C001,586th Flight Test Squadron,"The 586th Flight Test Squadron (586 FLTS) is part of the 96th Test Wing based at Holloman Air Force Base, New Mexico.",16.97718970448372,0.6614786386489868,0.38026086428645683,0.6094906520721004,0.49487575817927865,False
5add28c85542992ae4cec4be,"The 337th Flight Test Squadron (337 FLTS) was most recently part of the 46th Test Wing and based at McClellan Air Force Base, a former United States Air Force base located in the North Highlands area of Sacramento County, in which US state?",California,bridge,easy,Hybrid,0.5,4,D002,D002_C001,46th Test Wing,"The 46th Test Wing is an inactive wing of the United States Air Force last based at Eglin Air Force Base, Florida.",14.638629196448967,0.5823870897293091,0.29686669353695483,0.47603105403619345,0.3864488737865741,False
5add28c85542992ae4cec4be,"The 337th Flight Test Squadron (337 FLTS) was most recently part of the 46th Test Wing and based at McClellan Air Force Base, a former United States Air Force base located in the North Highlands area of Sacramento County, in which US state?",California,bridge,easy,Hybrid,0.5,5,D004,D004_C001,486th Flight Test Squadron,"The 486th Flight Test Squadron is a secretive unit, with a somewhat misleading designation, assigned to Eglin Air Force Base, Florida, and which is associated with United States Department of State Foreign Emergency Support Team activities.",14.230997041388274,0.5854570865631104,0.28233033861890894,0.48121138681519515,0.3817708627170521,False
5a7d90195542991319bc93cf,The axial turbojet Pirna 014 was designed by engineers from this German aircraft and aircraft engine manufacturer based in which city?,Dessau,bridge,medium,Hybrid,0.5,1,D008,D008_C001,Pirna 014,"The Pirna 014 was an axial turbojet designed in East Germany (or the GDR) in the mid- to late 1950s by former Junkers engineers, who were repatriated to East Germany in 1954 after being held in custody in the Soviet Union following World War II.",15.959997227744985,0.7772136330604553,1.0,1.0,1.0,True
5a7d90195542991319bc93cf,The axial turbojet Pirna 014 was designed by engineers from this German aircraft and aircraft engine manufacturer based in which city?,Dessau,bridge,medium,Hybrid,0.5,2,D001,D001_C001,Hexatron Engineering,"Hexatron Engineering Co., Inc. is an American aerospace engineering, aircraft engine and aircraft parts manufacturer based in Salt Lake City, Utah.",8.725063787682693,0.28973275423049927,0.5442835756085419,0.20297981671474555,0.3736316961616437,False
5a7d90195542991319bc93cf,The axial turbojet Pirna 014 was designed by engineers from this German aircraft and aircraft engine manufacturer based in which city?,Dessau,bridge,medium,Hybrid,0.5,3,D009,D009_C001,Stratus 2000,"Stratus 2000, Inc was an American aircraft engine manufacturer based in Camano Island, Washington and later in Corvallis, Oregon.",5.839139215342221,0.3998764157295227,0.36250398660943095,0.3830622057642709,0.3727830961868509,False
5a7d90195542991319bc93cf,The axial turbojet Pirna 014 was designed by engineers from this German aircraft and aircraft engine manufacturer based in which city?,Dessau,bridge,medium,Hybrid,0.5,4,D004,D004_C002,BMW R32,"An aircraft engine manufacturer during World War I, BMW was forced to diversify after the Treaty of Versailles banned the German air force and German aircraft manufacture.",6.908715725630786,0.35280078649520874,0.4298748320940304,0.3060946194034334,0.36798472574873187,False
5a7d90195542991319bc93cf,The axial turbojet Pirna 014 was designed by engineers from this German aircraft and aircraft engine manufacturer based in which city?,Dessau,bridge,medium,Hybrid,0.5,5,D005,D005_C001,Orenda Iroquois,The Orenda PS.13 Iroquois was an advanced turbojet engine designed for military use.,7.044349945599773,0.34741657972335815,0.43841820602572745,0.2972915634180458,0.36785488472188665,False
5abe3f9455429976d4830aaa,"Which faith is designated to the University of Providence, private university accredited by the NW association of Schools and Colleges and located in a third largest city in Montana after being passed by Missoula? ",Roman Catholic,bridge,easy,Hybrid,0.5,1,D009,D009_C002,University of Providence,The university is accredited by the Northwest Association of Schools and Colleges.,21.13787280749935,0.6583214998245239,1.0,1.0,1.0,True
5abe3f9455429976d4830aaa,"Which faith is designated to the University of Providence, private university accredited by the NW association of Schools and Colleges and located in a third largest city in Montana after being passed by Missoula? ",Roman Catholic,bridge,easy,Hybrid,0.5,2,D004,D004_C002,New Providence High School,The school has been accredited by the Middle States Association of Colleges and Schools Commission on Secondary Schools since 1965.,16.277824308670002,0.5520468950271606,0.7371305231462442,0.8010027142101552,0.7690666186781997,False
5abe3f9455429976d4830aaa,"Which faith is designated to the University of Providence, private university accredited by the NW association of Schools and Colleges and located in a third largest city in Montana after being passed by Missoula? ",Roman Catholic,bridge,easy,Hybrid,0.5,3,D009,D009_C001,University of Providence,"The University of Providence (UP) (renamed from University of Great Falls in July 2017), is a private Roman Catholic university located in Great Falls, Montana within the Diocese of Great Falls–Billings.",13.179720965625778,0.5856783390045166,0.5695608362961906,0.8639769880872302,0.7167689121917105,True
5abe3f9455429976d4830aaa,"Which faith is designated to the University of Providence, private university accredited by the NW association of Schools and Colleges and located in a third largest city in Montana after being passed by Missoula? ",Roman Catholic,bridge,easy,Hybrid,0.5,4,D003,D003_C004,Lynn University,"The university is accredited by the Commission on Colleges of the Southern Association of Colleges and Schools to award associate's, baccalaureate, master's and doctoral degrees.",17.423734621678282,0.42749345302581787,0.7991103253178412,0.5677786345599902,0.6834444799389157,False
5abe3f9455429976d4830aaa,"Which faith is designated to the University of Providence, private university accredited by the NW association of Schools and Colleges and located in a third largest city in Montana after being passed by Missoula? ",Roman Catholic,bridge,easy,Hybrid,0.5,5,D007,D007_C002,Ohio Northern University,ONU is accredited by The Higher Learning Commission and the North Central Association of Colleges and Schools.,16.951173347797337,0.4292728900909424,0.7735505114854586,0.5711105984554928,0.6723305549704757,False
5abee5e25542994516f45473,Pauline Henry was known as the vocalist of a very popular cover song. Which album was this song from?,The Joshua Tree,bridge,medium,Hybrid,0.5,1,D008,D008_C002,Pauline Henry,"She was the vocalist in the Scottish band The Chimes, best known for their 1990 cover version of U2's ""I Still Haven't Found What I'm Looking For"", between 1988 and 1991.",10.903264455990733,0.58538818359375,1.0,0.7942573422644604,0.8971286711322302,True
5abee5e25542994516f45473,Pauline Henry was known as the vocalist of a very popular cover song. Which album was this song from?,The Joshua Tree,bridge,medium,Hybrid,0.5,2,D008,D008_C001,Pauline Henry,Pauline Henry (born 29 January 1961) is a British Jamaican recording artist.,6.4534233520906845,0.7400040030479431,0.566281665599856,1.0,0.7831408327999281,True
5abee5e25542994516f45473,Pauline Henry was known as the vocalist of a very popular cover song. Which album was this song from?,The Joshua Tree,bridge,medium,Hybrid,0.5,3,D008,D008_C003,Pauline Henry,"Following her departure from the group, Henry embarked on a solo career, and achieved five UK top 40 singles between 1993 and 1996.",7.306234901662542,0.6574697494506836,0.6494037358493604,0.8901741312805966,0.7697889335649786,False
5abee5e25542994516f45473,Pauline Henry was known as the vocalist of a very popular cover song. Which album was this song from?,The Joshua Tree,bridge,medium,Hybrid,0.5,4,D004,D004_C002,The Chimes (album),"Featuring singer Pauline Henry on vocals, the album includes their cover of U2's ""I Still Haven't Found What I'm Looking For"", which reached number 6 in the UK Singles Chart, along with their other Top 40 hit ""Heaven"", which reached number 24.",7.809593883471503,0.4777761995792389,0.6984652672834137,0.6510612859133231,0.6747632765983684,False
5abee5e25542994516f45473,Pauline Henry was known as the vocalist of a very popular cover song. Which album was this song from?,The Joshua Tree,bridge,medium,Hybrid,0.5,5,D005,D005_C002,The Chimes (Scottish band),"Pauline Henry (born in Jamaica) with Mike Peden and James Locke from Edinburgh, in Scotland.",6.810775738624264,0.49336257576942444,0.6011121861201101,0.6718016116649501,0.6364568988925301,False
5ae78ec5554299540e5a5605,Guitars for Wounded Warriors is an album that was recorded in the village in which New York county?,Ulster County,bridge,hard,Hybrid,0.5,1,D003,D003_C003,Guitars for Wounded Warriors,"All tracks were recorded at Tarquin's Jungle Room Studios in New Paltz (village), New York.",15.381047930670272,0.7745087146759033,1.0,0.962600086296995,0.9813000431484975,True
5ae78ec5554299540e5a5605,Guitars for Wounded Warriors is an album that was recorded in the village in which New York county?,Ulster County,bridge,hard,Hybrid,0.5,2,D003,D003_C001,Guitars for Wounded Warriors,"Guitars for Wounded Warriors is the sixth solo studio album by guitarist Brian Tarquin, released in August 2014 by Cleopatra Records.",11.906703064979977,0.8019498586654663,0.7530080324232045,1.0,0.8765040162116022,False
5ae78ec5554299540e5a5605,Guitars for Wounded Warriors is an album that was recorded in the village in which New York county?,Ulster County,bridge,hard,Hybrid,0.5,3,D003,D003_C002,Guitars for Wounded Warriors,"In 2016, it received a Best Compilation Album nomination by the Independent Music Awards.",9.999828621717135,0.7069200873374939,0.617447894074699,0.8704826136900763,0.7439652538823877,False
5ae78ec5554299540e5a5605,Guitars for Wounded Warriors is an album that was recorded in the village in which New York county?,Ulster County,bridge,hard,Hybrid,0.5,4,D003,D003_C006,Guitars for Wounded Warriors,"The entire album was engineered, produced and composed by Tarquin especially for each one of the guest guitarists.",8.869285447104225,0.7539278268814087,0.5370773223776721,0.9345501104017448,0.7358137163897085,False
5ae78ec5554299540e5a5605,Guitars for Wounded Warriors is an album that was recorded in the village in which New York county?,Ulster County,bridge,hard,Hybrid,0.5,5,D003,D003_C004,Guitars for Wounded Warriors,Being moved by the lack of support for returning veterans through his life Tarquin decided to compose a heavy instrumental rock album as a way to show his appreciation to all veterans.,6.177431916962434,0.7098082304000854,0.34571284201076247,0.8744189037129683,0.6100658728618653,False
5a760a5f554299109176e629,"What American country music singer-songwriter, born in May of 1942, sang a duet with her ex-husband the same year that he released the song ""The Battle?""",Tammy Wynette,bridge,medium,Hybrid,0.5,1,D010,D010_C006,The Battle (George Jones song),"Meanwhile, the single ""Golden Ring,"" a duet with his estranged ex-wife Tammy Wynette, became a #1 hit that same year.",22.237557171469657,0.5459612607955933,1.0,0.9853183294614439,0.9926591647307219,True
5a760a5f554299109176e629,"What American country music singer-songwriter, born in May of 1942, sang a duet with her ex-husband the same year that he released the song ""The Battle?""",Tammy Wynette,bridge,medium,Hybrid,0.5,2,D010,D010_C001,The Battle (George Jones song),"""The Battle"" is a song by American country music artist George Jones.",12.476835900476411,0.5516639351844788,0.5610704361216412,1.0,0.7805352180608206,True
5a760a5f554299109176e629,"What American country music singer-songwriter, born in May of 1942, sang a duet with her ex-husband the same year that he released the song ""The Battle?""",Tammy Wynette,bridge,medium,Hybrid,0.5,3,D004,D004_C001,Bobby Lewis (country singer),"Bobby Lewis (born May 9, 1942 in Hodgenville, Kentucky) is an American country music singer-songwriter.",15.5995286591549,0.4773617386817932,0.7014947073039473,0.8087072319139236,0.7551009696089355,False
5a760a5f554299109176e629,"What American country music singer-songwriter, born in May of 1942, sang a duet with her ex-husband the same year that he released the song ""The Battle?""",Tammy Wynette,bridge,medium,Hybrid,0.5,4,D010,D010_C003,The Battle (George Jones song),"The song uses war as a metaphor in describing an argument and eventual reconciliation between a couple, with the woman emerging victorious and the narrator exclaiming, ""Oh, what a sweet surrender!""",12.209419912993404,0.5213418006896973,0.549045015099853,0.9219349451994275,0.7354899801496403,False
5a760a5f554299109176e629,"What American country music singer-songwriter, born in May of 1942, sang a duet with her ex-husband the same year that he released the song ""The Battle?""",Tammy Wynette,bridge,medium,Hybrid,0.5,5,D003,D003_C001,Tammy Wynette,"Tammy Wynette (born Virginia Wynette Pugh; May 5, 1942 – April 6, 1998) was an American country music singer-songwriter and one of country music's best-known artists and biggest-selling female singers.",12.417221414964766,0.5093173980712891,0.5583896342218656,0.8909778353194573,0.7246837347706614,True
5a7a52745542996c55b2dd4f,"Who was born first, Francis Nethersole or Elizabeth Stuart?",Sir Francis Nethersole,bridge,hard,Hybrid,0.5,1,D004,D004_C001,Francis Nethersole,"Sir Francis Nethersole (1587–1659) was an English diplomat, secretary to the Electress Elizabeth, Member of Parliament for Corfe Castle, Dorset, and a Civil War political pamphleteer.",9.33195881902478,0.6187295913696289,1.0,1.0,1.0,True
5a7a52745542996c55b2dd4f,"Who was born first, Francis Nethersole or Elizabeth Stuart?",Sir Francis Nethersole,bridge,hard,Hybrid,0.5,2,D003,D003_C001,"Margaret Howard, Countess of Nottingham","Margaret Stuart (or Stewart) (c. 1591 – 4 August 1639), was an English court office holder.",3.9864088953142938,0.4330343008041382,0.42717814904919243,0.6728252229074747,0.5500016859783335,False
5a7a52745542996c55b2dd4f,"Who was born first, Francis Nethersole or Elizabeth Stuart?",Sir Francis Nethersole,bridge,hard,Hybrid,0.5,3,D010,D010_C002,Philip Howard (cardinal),"Born the third son of Henry Frederick Howard (afterwards Earl of Arundel and Surrey and head of the House of Norfolk) and his wife, Elizabeth Stuart (daughter of Esme Stuart, the Duke of Lennox), Howard was a member of the premier Catholic family in England.",2.6676414557999153,0.49727877974510193,0.2858608259566551,0.7860169630583766,0.5359388945075159,False
5a7a52745542996c55b2dd4f,"Who was born first, Francis Nethersole or Elizabeth Stuart?",Sir Francis Nethersole,bridge,hard,Hybrid,0.5,4,D001,D001_C001,"James Stuart, 3rd Earl of Moray","James Stuart, 3rd Earl of Moray (1581 – 6 August 1638) was the son of James Stewart, 2nd Earl of Moray and Elizabeth Stuart, 2nd Countess of Moray.",1.7652654749098184,0.5164080858230591,0.18916344458261275,0.8197207066101445,0.5044420755963787,False
5a7a52745542996c55b2dd4f,"Who was born first, Francis Nethersole or Elizabeth Stuart?",Sir Francis Nethersole,bridge,hard,Hybrid,0.5,5,D008,D008_C001,Elisabeth of the Palatinate,"Elisabeth of the Palatinate (26 December 1618 – 11 February 1680), also known as Elisabeth of Bohemia, Princess Elisabeth of the Palatinate, or Princess-Abbess of Herford Abbey, was the eldest daughter of Frederick V, Elector Palatine (who was briefly King of Bohemia), and Elizabeth Stuart.",5.360554566747601,0.29288941621780396,0.5744297280672951,0.4259052755272227,0.5001675017972589,False
5ac1f7f355429964131be2ae,What does the Hacker-Pschorr Brewery have to limit in order to comply with German regulations?,ingredients in beer,bridge,hard,Hybrid,0.5,1,D001,D001_C001,Hacker-Pschorr Brewery,"Hacker-Pschorr is a brewery in Munich, formed in 1972 out of the merger of two breweries, Hacker and Pschorr.",14.192182308324691,0.6353352665901184,1.0,1.0,1.0,True
5ac1f7f355429964131be2ae,What does the Hacker-Pschorr Brewery have to limit in order to comply with German regulations?,ingredients in beer,bridge,hard,Hybrid,0.5,2,D001,D001_C002,Hacker-Pschorr Brewery,"Hacker was founded in 1417, 99 years before the enactment of the Reinheitsgebot Purity Law of 1516.",11.583286797145325,0.5435370206832886,0.8161737599967928,0.8434496079973586,0.8298116839970757,False
5ac1f7f355429964131be2ae,What does the Hacker-Pschorr Brewery have to limit in order to comply with German regulations?,ingredients in beer,bridge,hard,Hybrid,0.5,3,D002,D002_C001,Reinheitsgebot,"The Reinheitsgebot (] , literally ""purity order""), sometimes called the ""German Beer Purity Law"" in English, is the collective name for a series of regulations limiting the ingredients in beer in Germany and the states of the former Holy Roman Empire.",4.874604310075951,0.5408878326416016,0.3434710888132166,0.8389317501416024,0.5912014194774095,True
5ac1f7f355429964131be2ae,What does the Hacker-Pschorr Brewery have to limit in order to comply with German regulations?,ingredients in beer,bridge,hard,Hybrid,0.5,4,D005,D005_C004,Self-executing order,"If the party does not comply with the request, the sanctions will apply with no further court order required.",9.337941716153013,0.22488249838352203,0.6579637657751668,0.3000242964715379,0.47899403112335237,False
5ac1f7f355429964131be2ae,What does the Hacker-Pschorr Brewery have to limit in order to comply with German regulations?,ingredients in beer,bridge,hard,Hybrid,0.5,5,D010,D010_C004,Greisen–Zatsepin–Kuzmin limit,The limit is at the same order of magnitude as the upper limit for energy at which cosmic rays have experimentally been detected.,8.926416214145036,0.21830326318740845,0.6289671327649926,0.28880423623123075,0.4588856844981117,False
5a74248855429929fddd83e5,"Don Barry Mason was the founder of the Psychedelic Shamanistic Institute (PSI), which other member that's Welsh, that died on 10 April 2016?",Dennis Howard Marks,bridge,easy,Hybrid,0.5,1,D010,D010_C001,Don Barry Mason,"Don 'Barry' Mason (1950–2006) was the founder of the Psychedelic Shamanistic Institute (PSI), a networking organisation that encouraged ethnobotany and scientific research into cannabis and other psychoactive plants while contributing substantially to the public debate about drug policy reform.",28.883344092776714,0.8321367502212524,1.0,1.0,1.0,False
5a74248855429929fddd83e5,"Don Barry Mason was the founder of the Psychedelic Shamanistic Institute (PSI), which other member that's Welsh, that died on 10 April 2016?",Dennis Howard Marks,bridge,easy,Hybrid,0.5,2,D010,D010_C002,Don Barry Mason,"Associates of PSI include: Mathew Atha, Colin Angus, Brian Barritt, Michael Carmichael, Fraser Clark, Paul Devereux, the late John Entwistle, Paul Flynn MP, Ben Ganly, Lee Harris, Mike Jay, Howard Marks, Dr John Marks, Jonathan Ott, Dr Russell Newcombe, Richard Rudgley and Youth.",8.033912957831568,0.7020909190177917,0.2781503738634173,0.8498133124732967,0.563981843168357,True
5a74248855429929fddd83e5,"Don Barry Mason was the founder of the Psychedelic Shamanistic Institute (PSI), which other member that's Welsh, that died on 10 April 2016?",Dennis Howard Marks,bridge,easy,Hybrid,0.5,3,D002,D002_C002,Charles Cardoza Poindexter,"Poindexter was also known for being the precursor, but not a Founder, of the oldest intercollegiate fraternity for blacks in America, Alpha Phi Alpha, who later on became a prominent member and influence in Omega Psi Phi, using his earlier experience to develop much of the framework.",9.15557879705356,0.3902643322944641,0.31698472197834016,0.48969256343164225,0.4033386427049912,False
5a74248855429929fddd83e5,"Don Barry Mason was the founder of the Psychedelic Shamanistic Institute (PSI), which other member that's Welsh, that died on 10 April 2016?",Dennis Howard Marks,bridge,easy,Hybrid,0.5,4,D008,D008_C001,Matthew Mason (Welsh cricketer),Matthew Barry Mason (born 24 November 1984 in Swansea) is a Welsh cricketer.,8.1661083528221,0.40636909008026123,0.2827272467686427,0.508291546596928,0.39550939668278534,False
5a74248855429929fddd83e5,"Don Barry Mason was the founder of the Psychedelic Shamanistic Institute (PSI), which other member that's Welsh, that died on 10 April 2016?",Dennis Howard Marks,bridge,easy,Hybrid,0.5,5,D006,D006_C001,Howard Marks,Dennis Howard Marks (13 August 1945 – 10 April 2016) was a Welsh drug smuggler and author who achieved notoriety as an international cannabis smuggler through high-profile court cases.,5.963862098025829,0.3350984454154968,0.20648101130081056,0.42598285633720645,0.3162319338190085,True
5abd04f15542996e802b467e,What male actor starred in The Messenger?,Robert Sheehan,bridge,easy,Hybrid,0.5,1,D005,D005_C001,The Messenger (2015 horror film),"The Messenger is a 2015 British supernatural mystery horror film directed by David Blair, written by Andrew Kirk and starring Robert Sheehan and Lily Cole.",5.132252585867604,0.5022178888320923,1.0,1.0,1.0,True
5abd04f15542996e802b467e,What male actor starred in The Messenger?,Robert Sheehan,bridge,easy,Hybrid,0.5,2,D004,D004_C003,Robert Sheehan,"He also co-starred in the film ""Killing Bono"" as Ivan McCormick.",4.041427451611539,0.3737196922302246,0.7874568494037475,0.667146780095177,0.7273018147494623,False
5abd04f15542996e802b467e,What male actor starred in The Messenger?,Robert Sheehan,bridge,easy,Hybrid,0.5,3,D002,D002_C002,Sverrir Gudnason,He starred in the 2007 television series How Soon Is Now.,4.126867950133902,0.3573620617389679,0.8041046073020309,0.6247750571993479,0.7144398322506894,False
5abd04f15542996e802b467e,What male actor starred in The Messenger?,Robert Sheehan,bridge,easy,Hybrid,0.5,4,D004,D004_C004,Robert Sheehan,"In late 2011 he starred in John Crowley's production of J. M. Synge's comic play ""The Playboy of the Western World"" at the Old Vic Theatre in London.",3.8280011319613916,0.34785282611846924,0.7458715384551305,0.6001429629068229,0.6730072506809768,False
5abd04f15542996e802b467e,What male actor starred in The Messenger?,Robert Sheehan,bridge,easy,Hybrid,0.5,5,D010,D010_C003,Kurt Kreuger,"He starred with, among others, Ingrid Bergman and Humphrey Bogart.",2.4381397876911888,0.3724348545074463,0.47506231365248036,0.6638186215342674,0.5694404675933739,False
5ac3ad225542995ef918c1da,Are Gin and tonic and Paloma both cocktails based on tequila?,no,comparison,medium,Hybrid,0.5,1,D002,D002_C001,Paloma (cocktail),"The paloma (Spanish for ""dove"") is a tequila-based cocktail.",7.609500777267459,0.7421124577522278,1.0,1.0,1.0,True
5ac3ad225542995ef918c1da,Are Gin and tonic and Paloma both cocktails based on tequila?,no,comparison,medium,Hybrid,0.5,2,D002,D002_C002,Paloma (cocktail),"This drink is most commonly prepared by mixing tequila with a grapefruit-flavored soda such as Fresca, Squirt, or Jarritos and served on the rocks with a lime wedge.",5.806808334305868,0.7379966378211975,0.7630997754350803,0.9938941270078085,0.8784969512214444,False
5ac3ad225542995ef918c1da,Are Gin and tonic and Paloma both cocktails based on tequila?,no,comparison,medium,Hybrid,0.5,3,D007,D007_C002,Tequila and tonic,The drink is made with a 2:1 ratio of tonic water to tequila and is served with lemon or lime wedges on ice.,5.738040202756203,0.6833328008651733,0.7540626344237933,0.9127996060344881,0.8334311202291407,False
5ac3ad225542995ef918c1da,Are Gin and tonic and Paloma both cocktails based on tequila?,no,comparison,medium,Hybrid,0.5,4,D004,D004_C003,Seafood cocktail,"Seafood cocktails often include lime juice, a tomato based sauce and are sometimes served with lemon.",7.1272148560313955,0.4365884065628052,0.9366205569389204,0.5467510523096564,0.7416858046242885,False
5ac3ad225542995ef918c1da,Are Gin and tonic and Paloma both cocktails based on tequila?,no,comparison,medium,Hybrid,0.5,5,D007,D007_C001,Tequila and tonic,"Tequila and tonic, also known as TnT or Teqtonic, is a non-standard highball beverage.",4.347124542073645,0.6425436735153198,0.5712759180024264,0.8522883992193286,0.7117821586108775,False
5a736bfa5542991f29ee2e03,Who is older Glenn Hughes or Ross Lynch?,Glenn Hughes,comparison,hard,Hybrid,0.5,1,D003,D003_C001,Ross Lynch,"Ross Shor Lynch (born December 29, 1995) is an American singer, songwriter, and actor.",5.664236403221706,0.5729736089706421,1.0,1.0,1.0,True
5a736bfa5542991f29ee2e03,Who is older Glenn Hughes or Ross Lynch?,Glenn Hughes,comparison,hard,Hybrid,0.5,2,D003,D003_C002,Ross Lynch,He is one of the founding members of the pop rock band R5.,4.51415524480537,0.4818353056907654,0.7969574225817637,0.8468574121325715,0.8219074173571677,False
5a736bfa5542991f29ee2e03,Who is older Glenn Hughes or Ross Lynch?,Glenn Hughes,comparison,hard,Hybrid,0.5,3,D001,D001_C002,Babette Hughes,"She was born in Seattle, Washington and while an English student at the University of Washington she met the American playwright Glenn Hughes who she married in 1924 for around 20 years.",4.294356125829584,0.49420127272605896,0.7581527005806182,0.8676363395990246,0.8128945200898214,False
5a736bfa5542991f29ee2e03,Who is older Glenn Hughes or Ross Lynch?,Glenn Hughes,comparison,hard,Hybrid,0.5,4,D003,D003_C005,Ross Lynch,The movie is set to debut in the fall of 2017.,4.71774131774722,0.4298774003982544,0.8328997912346776,0.7595508923674312,0.7962253418010544,False
5a736bfa5542991f29ee2e03,Who is older Glenn Hughes or Ross Lynch?,Glenn Hughes,comparison,hard,Hybrid,0.5,5,D003,D003_C004,Ross Lynch,"Lynch is also starring in a new horror/thriller movie called ""My Friend Dahmer,"" where he plays the role of Jeffrey Dahmer in his teenage years.",4.156907718037537,0.45534950494766235,0.733886692242077,0.8023524792825054,0.7681195857622912,False
5addfe6c5542997dc790710e,"In what year was the creator of the current arrangement of the ""Simpson's Theme"" born?","March 28, 1941",bridge,hard,Hybrid,0.5,1,D009,D009_C004,The Simpsons Theme,"The theme, as used for the opening sequence, was re-arranged during season 2, and the current arrangement by Alf Clausen was introduced at the beginning of the third season.",13.60943235770405,0.6334841251373291,0.9332800059374177,0.9294605089397991,0.9313702574386085,True
5addfe6c5542997dc790710e,"In what year was the creator of the current arrangement of the ""Simpson's Theme"" born?","March 28, 1941",bridge,hard,Hybrid,0.5,2,D007,D007_C006,Donnie Simpson,"He was ""Billboard's"" ""Radio Personality of the Year"" and ""Program Director of the Year"".",14.563923389769116,0.4814714789390564,1.0,0.7308652225768437,0.8654326112884219,False
5addfe6c5542997dc790710e,"In what year was the creator of the current arrangement of the ""Simpson's Theme"" born?","March 28, 1941",bridge,hard,Hybrid,0.5,3,D009,D009_C002,The Simpsons Theme,"It plays during the opening sequence and was composed by Danny Elfman in 1989, after series creator Matt Groening approached him requesting a retro-style theme.",10.434617743855458,0.6874778270721436,0.7113569023462906,1.0,0.8556784511731452,False
5addfe6c5542997dc790710e,"In what year was the creator of the current arrangement of the ""Simpson's Theme"" born?","March 28, 1941",bridge,hard,Hybrid,0.5,4,D009,D009_C001,The Simpsons Theme,"""The Simpsons"" Theme"", also referred to as ""The Simpsons"" Main Title Theme"" in album releases, is the theme music of the animated television series ""The Simpsons"".",10.036170162231072,0.5961504578590393,0.6835049693399498,0.8806863409377457,0.7820956551388477,True
5addfe6c5542997dc790710e,"In what year was the creator of the current arrangement of the ""Simpson's Theme"" born?","March 28, 1941",bridge,hard,Hybrid,0.5,5,D001,D001_C002,Mark Simpson (clarinetist),"In the same year, Simpson was also the winner of the BBC Young Composer of the Year competition, becoming the only person in history to have ever won both competitions.",12.233551906892899,0.44127118587493896,0.8371044187133722,0.6783459821543725,0.7577252004338724,False
5a7a0a965542996c55b2dce7,The Southern Railway runs from Vienna to Graz and the border with Slovenia at Spielfeld via the first mountain railway built in Europe to use what kind of track?,standard gauge track,bridge,hard,Hybrid,0.5,1,D003,D003_C001,Southern Railway (Austria),"The Southern Railway (German: ""Südbahn"" ) is a railway in Austria that runs from Vienna to Graz and the border with Slovenia at Spielfeld via Semmering and Bruck an der Mur.",31.48423241239446,0.8102841377258301,1.0,1.0,1.0,True
5a7a0a965542996c55b2dce7,The Southern Railway runs from Vienna to Graz and the border with Slovenia at Spielfeld via the first mountain railway built in Europe to use what kind of track?,standard gauge track,bridge,hard,Hybrid,0.5,2,D001,D001_C001,Semmering railway,"The Semmering railway (German: ""Semmeringbahn"" ) in Austria, which starts at Gloggnitz and leads over the Semmering to Mürzzuschlag was the first mountain railway in Europe built with a standard gauge track.",20.36634087799466,0.6929044723510742,0.63489030952134,0.8713802123303105,0.7531352609258253,True
5a7a0a965542996c55b2dce7,The Southern Railway runs from Vienna to Graz and the border with Slovenia at Spielfeld via the first mountain railway built in Europe to use what kind of track?,standard gauge track,bridge,hard,Hybrid,0.5,3,D003,D003_C002,Southern Railway (Austria),"It was originally built by the Austrian Southern Railway company and ran to Ljubljana and Trieste, the main seaport of the Austro-Hungarian Monarchy.",9.001691913901526,0.6583337783813477,0.2616771465002572,0.8334990741980465,0.5475881103491518,False
5a7a0a965542996c55b2dce7,The Southern Railway runs from Vienna to Graz and the border with Slovenia at Spielfeld via the first mountain railway built in Europe to use what kind of track?,standard gauge track,bridge,hard,Hybrid,0.5,4,D010,D010_C001,Reisseck Railway,"The Reisseck Railway (sometimes Reißeck Railway, German: ""Reißeckbahn"" ) is a mountain railway, that runs from Carinthia's Möll valley into the Reißeck Group, a small mountain range in southern Austria.",12.057396838332698,0.562692403793335,0.36202598294115995,0.728699207435153,0.5453625951881564,False
5a7a0a965542996c55b2dce7,The Southern Railway runs from Vienna to Graz and the border with Slovenia at Spielfeld via the first mountain railway built in Europe to use what kind of track?,standard gauge track,bridge,hard,Hybrid,0.5,5,D003,D003_C003,Southern Railway (Austria),"The twin-track, electrified section that runs through the current territory of Austria is owned and operated by Austrian Federal Railways (ÖBB) and is one of the major lines in the country.",9.53737724724406,0.628943145275116,0.27926896286629166,0.8012940327410596,0.5402814978036756,False
5a8ae49155429951533613a3,In what show did Cynthia Nixon receive the 2004 Primetime Emmy Award for Outstanding Supporting Actress in a Comedy Series and a Screen Actors Guild Award for her performance?,Sex and the City,bridge,easy,Hybrid,0.5,1,D010,D010_C002,Cynthia Nixon,"She is known for her portrayal of Miranda Hobbes in the HBO series, ""Sex and the City"" (1998–2004), for which she won the 2004 Primetime Emmy Award for Outstanding Supporting Actress in a Comedy Series.",18.109401091585298,0.6543678641319275,1.0,0.9286864982712094,0.9643432491356048,True
5a8ae49155429951533613a3,In what show did Cynthia Nixon receive the 2004 Primetime Emmy Award for Outstanding Supporting Actress in a Comedy Series and a Screen Actors Guild Award for her performance?,Sex and the City,bridge,easy,Hybrid,0.5,2,D007,D007_C003,Miranda Hobbes,Nixon received an Emmy Award and a Screen Actors Guild Award for her performance.,10.800637850247055,0.7102787494659424,0.582194348691126,1.0,0.791097174345563,True
5a8ae49155429951533613a3,In what show did Cynthia Nixon receive the 2004 Primetime Emmy Award for Outstanding Supporting Actress in a Comedy Series and a Screen Actors Guild Award for her performance?,Sex and the City,bridge,easy,Hybrid,0.5,3,D010,D010_C003,Cynthia Nixon,"She reprised the role in the films ""Sex and the City"" (2008) and ""Sex and the City 2"" (2010).",8.350910850037799,0.6032717227935791,0.44215563748176445,0.8635141308172103,0.6528348841494873,False
5a8ae49155429951533613a3,In what show did Cynthia Nixon receive the 2004 Primetime Emmy Award for Outstanding Supporting Actress in a Comedy Series and a Screen Actors Guild Award for her performance?,Sex and the City,bridge,easy,Hybrid,0.5,4,D009,D009_C005,Crazy Eyes (character),She received the Emmy Award for Outstanding Supporting Actress in a Drama Series as well as the Screen Actors Guild Award for Outstanding Performance by a Female Actor in a Comedy Series for her season two performance.,13.465343990609913,0.35794204473495483,0.7345223483483166,0.5505997794196376,0.6425610638839772,False
5a8ae49155429951533613a3,In what show did Cynthia Nixon receive the 2004 Primetime Emmy Award for Outstanding Supporting Actress in a Comedy Series and a Screen Actors Guild Award for her performance?,Sex and the City,bridge,easy,Hybrid,0.5,5,D001,D001_C003,List of awards and nominations received by Lost,"Amongst the wins for the series are a Primetime Emmy Award for Outstanding Drama Series, a Golden Globe Award for Best Television Series – Drama, a Screen Actors Guild Award for Outstanding Performance by an Ensemble in a Drama Series, and a Peabody Award.",10.779764958206272,0.47640079259872437,0.5810011492446758,0.7016921484655969,0.6413466488551364,False
5a74bdbf5542996c70cfadc7,"Lee Jun-fan played what character in ""The Green Hornet"" television series?",Kato,bridge,medium,Hybrid,0.5,1,D009,D009_C001,The Green Hornet (TV series),The Green Hornet is a television series on the ABC US television network that aired for the 1966–1967 TV season starring Van Williams as the Green Hornet/Britt Reid and Bruce Lee as Kato.,7.836947442995046,0.7343810796737671,0.9904050207921714,1.0,0.9952025103960858,False
5a74bdbf5542996c70cfadc7,"Lee Jun-fan played what character in ""The Green Hornet"" television series?",Kato,bridge,medium,Hybrid,0.5,2,D002,D002_C005,Kato (The Green Hornet),"Keye Luke took the role in the movie serials, and in the television series he was portrayed by Bruce Lee.",7.391819138161612,0.6888378858566284,0.9341513185426054,0.907208036510161,0.9206796775263832,True
5a74bdbf5542996c70cfadc7,"Lee Jun-fan played what character in ""The Green Hornet"" television series?",Kato,bridge,medium,Hybrid,0.5,3,D002,D002_C002,Kato (The Green Hornet),"This character has also appeared with the Green Hornet in film, television, book and comic book versions.",6.643691272634786,0.7333284020423889,0.8396056297266637,0.9978552223471719,0.9187304260369178,False
5a74bdbf5542996c70cfadc7,"Lee Jun-fan played what character in ""The Green Hornet"" television series?",Kato,bridge,medium,Hybrid,0.5,4,D010,D010_C003,Green Hornet,"The character appeared in film serials in the 1940s, a television show in the 1960s, multiple comic book series from the 1940s on, and a feature film in January 2011.",6.3110797805343655,0.6738278865814209,0.7975713945674271,0.8766259190082605,0.8370986567878438,False
5a74bdbf5542996c70cfadc7,"Lee Jun-fan played what character in ""The Green Hornet"" television series?",Kato,bridge,medium,Hybrid,0.5,5,D004,D004_C002,The Green Hornet (Hong Kong film),Based on the American Green Hornet series the film focuses on the character of Kato.,5.8551798662085766,0.6887615323066711,0.7399564153409717,0.9070524699978869,0.8235044426694293,False
5ab99943554299131ca42391,"The 1895/96 Football League season was the eighth in Football League history with Everton, their Goodison Park home, is a football stadium located in Walton, Liverpool, in which country?",England,bridge,easy,Hybrid,0.5,1,D010,D010_C001,Goodison Park,"Goodison Park is a football stadium located in Walton, Liverpool, England.",23.982789864314242,0.7925816178321838,0.9846214476257764,0.9436387223298063,0.9641300849777914,True
5ab99943554299131ca42391,"The 1895/96 Football League season was the eighth in Football League history with Everton, their Goodison Park home, is a football stadium located in Walton, Liverpool, in which country?",England,bridge,easy,Hybrid,0.5,2,D007,D007_C001,1895–96 Everton F.C. season,The 1895/96 Football League season was the eighth in Football League history with Everton having been an ever present in the top division.,24.33965337102928,0.6876765489578247,1.0,0.7120498480276757,0.8560249240138378,False
5ab99943554299131ca42391,"The 1895/96 Football League season was the eighth in Football League history with Everton, their Goodison Park home, is a football stadium located in Walton, Liverpool, in which country?",England,bridge,easy,Hybrid,0.5,3,D010,D010_C002,Goodison Park,The stadium has been home to Premier League club Everton since its completion in 1892 and is one of the world's oldest purpose-built football grounds.,13.622423912742082,0.8181121349334717,0.5381554251708627,1.0,0.7690777125854313,False
5ab99943554299131ca42391,"The 1895/96 Football League season was the eighth in Football League history with Everton, their Goodison Park home, is a football stadium located in Walton, Liverpool, in which country?",England,bridge,easy,Hybrid,0.5,4,D007,D007_C004,1895–96 Everton F.C. season,Their Goodison Park home hosted the drawn semi final between Wednesday and Bolton Wanderers.,15.531091349670046,0.6834274530410767,0.6204068787138846,0.7026695258876654,0.661538202300775,True
5ab99943554299131ca42391,"The 1895/96 Football League season was the eighth in Football League history with Everton, their Goodison Park home, is a football stadium located in Walton, Liverpool, in which country?",England,bridge,easy,Hybrid,0.5,5,D006,D006_C003,Anfield,"It was originally the home of Everton F.C. from 1884 to 1891, before they moved to Goodison Park after a dispute with the club president.",10.581938583574296,0.756812572479248,0.40712980333555787,0.8646748263328516,0.6359023148342048,False
5a8195f35542995ce29dcc0c,"A Head Full of Dreams Tour is the seventh tour by Coldplay, and which had it's first show at a stadium that is known as Estadio Unico and is owned by who?",Province of Buenos Aires,bridge,medium,Hybrid,0.5,1,D003,D003_C005,A Head Full of Dreams Tour,"The first show of the tour was held at the Estadio Ciudad de La Plata in La Plata, Argentina, on 31 March 2016 and is set to conclude at the same venue on 15 November 2017.",15.861712610458165,0.6484140157699585,1.0,0.796768555565501,0.8983842777827504,True
5a8195f35542995ce29dcc0c,"A Head Full of Dreams Tour is the seventh tour by Coldplay, and which had it's first show at a stadium that is known as Estadio Unico and is owned by who?",Province of Buenos Aires,bridge,medium,Hybrid,0.5,2,D003,D003_C001,A Head Full of Dreams Tour,"The A Head Full of Dreams Tour is the seventh concert tour currently being undertaken by British alternative rock band Coldplay, launched in support of their namesake seventh studio album ""A Head Full of Dreams"".",12.735964102986431,0.7821236848831177,0.7661554348510712,1.0,0.8830777174255355,True
5a8195f35542995ce29dcc0c,"A Head Full of Dreams Tour is the seventh tour by Coldplay, and which had it's first show at a stadium that is known as Estadio Unico and is owned by who?",Province of Buenos Aires,bridge,medium,Hybrid,0.5,3,D001,D001_C001,A Head Full of Dreams,A Head Full of Dreams is the seventh studio album by the British rock band Coldplay.,13.82795791041571,0.6417722105979919,0.8478500486158135,0.7866733719658099,0.8172617102908117,False
5a8195f35542995ce29dcc0c,"A Head Full of Dreams Tour is the seventh tour by Coldplay, and which had it's first show at a stadium that is known as Estadio Unico and is owned by who?",Province of Buenos Aires,bridge,medium,Hybrid,0.5,4,D002,D002_C002,Estadio Ciudad de La Plata,"It is also known popularly as the Estadio Único and is owned by the Province of Buenos Aires, administered jointly by the provincial government, the Municipality of La Plata, and the football clubs Estudiantes de La Plata and Gimnasia y Esgrima de la Plata.",15.816545243566237,0.3990650177001953,0.9966209235181533,0.41777160357150495,0.7071962635448291,True
5a8195f35542995ce29dcc0c,"A Head Full of Dreams Tour is the seventh tour by Coldplay, and which had it's first show at a stadium that is known as Estadio Unico and is owned by who?",Province of Buenos Aires,bridge,medium,Hybrid,0.5,5,D003,D003_C004,A Head Full of Dreams Tour,"The tour consists of eight legs, with a total of 123 shows across Latin America, where they performed for the first time since the Viva la Vida Tour, Europe, North America, where they embarked on their very first stadium tour of the United States, Oceania, and Asia.",10.876115754308795,0.629624605178833,0.6270158248345069,0.7682096706334351,0.6976127477339711,False
5ab70446554299110f219a94,"Roger Avary (born August 23, 1965) is a Canadian film and television producer, screenwriter and director in the American mass media industry, he wrote the screenplay for Beowulf, a 2007 British-American 3D motion capture epic fantasy film, directed by who?",Robert Zemeckis,bridge,easy,Hybrid,0.5,1,D005,D005_C001,Roger Avary,"Roger Avary (born August 23, 1965) is a Canadian film and television producer, screenwriter and director in the American mass media industry.",48.209760873834846,0.755105197429657,1.0,0.98779525006657,0.9938976250332849,False
5ab70446554299110f219a94,"Roger Avary (born August 23, 1965) is a Canadian film and television producer, screenwriter and director in the American mass media industry, he wrote the screenplay for Beowulf, a 2007 British-American 3D motion capture epic fantasy film, directed by who?",Robert Zemeckis,bridge,easy,Hybrid,0.5,2,D001,D001_C001,Beowulf (2007 film),"Beowulf is a 2007 British-American 3D motion capture epic fantasy film directed by Robert Zemeckis and written by Neil Gaiman and Roger Avary, based on the Old English epic poem of the same name.",34.08705622398574,0.7644027471542358,0.6918704582148042,1.0,0.845935229107402,True
5ab70446554299110f219a94,"Roger Avary (born August 23, 1965) is a Canadian film and television producer, screenwriter and director in the American mass media industry, he wrote the screenplay for Beowulf, a 2007 British-American 3D motion capture epic fantasy film, directed by who?",Robert Zemeckis,bridge,easy,Hybrid,0.5,3,D005,D005_C003,Roger Avary,"He wrote the screenplays for ""Silent Hill"" and ""Beowulf"".",18.569842335269865,0.7635999917984009,0.35331547715004163,0.9989462354420341,0.6761308562960379,True
5ab70446554299110f219a94,"Roger Avary (born August 23, 1965) is a Canadian film and television producer, screenwriter and director in the American mass media industry, he wrote the screenplay for Beowulf, a 2007 British-American 3D motion capture epic fantasy film, directed by who?",Robert Zemeckis,bridge,easy,Hybrid,0.5,4,D001,D001_C002,Beowulf (2007 film),"The film was created through a motion capture process similar to the technique Zemeckis used in ""The Polar Express"".",13.32620559504466,0.6544116735458374,0.238909672729932,0.8556164163606229,0.5472630445452774,False
5ab70446554299110f219a94,"Roger Avary (born August 23, 1965) is a Canadian film and television producer, screenwriter and director in the American mass media industry, he wrote the screenplay for Beowulf, a 2007 British-American 3D motion capture epic fantasy film, directed by who?",Robert Zemeckis,bridge,easy,Hybrid,0.5,5,D008,D008_C001,Beowulf: Return to the Shieldlands,"Beowulf is a British epic fantasy drama television series from ITV, consisting of 12 episodes and created by James Dormer, Tim Haines, and Katie Newman.",18.54894625767234,0.4831410050392151,0.3528595659789968,0.6307920548916232,0.49182581043531,False
5adbe1e755429947ff173853,"The American Pre-Code comedy film featuring an American actress, dancer, and singer, widely known for performing in films and RKO's musical films, was released in what year?",1932,bridge,medium,Hybrid,0.5,1,D002,D002_C001,Ginger Rogers,"Ginger Rogers (born Virginia Katherine McMath; July 16, 1911 – April 25, 1995) was an American actress, dancer, and singer, widely known for performing in films and RKO's musical films, partnered with Fred Astaire.",35.60563608050666,0.45221203565597534,1.0,1.0,1.0,True
5adbe1e755429947ff173853,"The American Pre-Code comedy film featuring an American actress, dancer, and singer, widely known for performing in films and RKO's musical films, was released in what year?",1932,bridge,medium,Hybrid,0.5,2,D007,D007_C004,Cracked Nuts,The film was one of RKO's only financial successes of the year.,9.887730639262024,0.3831776976585388,0.2548856547323361,0.7799093064910521,0.5173974806116941,False
5adbe1e755429947ff173853,"The American Pre-Code comedy film featuring an American actress, dancer, and singer, widely known for performing in films and RKO's musical films, was released in what year?",1932,bridge,medium,Hybrid,0.5,3,D006,D006_C003,Ladies of the Jury,"The film was released on February 5, 1932, by RKO Pictures.",5.314434873284441,0.4076649844646454,0.1223854288423675,0.8579780486800281,0.4901817387611978,False
5adbe1e755429947ff173853,"The American Pre-Code comedy film featuring an American actress, dancer, and singer, widely known for performing in films and RKO's musical films, was released in what year?",1932,bridge,medium,Hybrid,0.5,4,D010,D010_C004,Little Orphan Annie (1932 film),"The film was released on November 4, 1932, by RKO Pictures.",5.2018660851902245,0.3993466794490814,0.11912401943132422,0.8314581808461045,0.47529110013871434,False
5adbe1e755429947ff173853,"The American Pre-Code comedy film featuring an American actress, dancer, and singer, widely known for performing in films and RKO's musical films, was released in what year?",1932,bridge,medium,Hybrid,0.5,5,D001,D001_C005,International House (1933 film),The film includes some risqué pre-Code humor.,4.082195556413558,0.3858500123023987,0.0866842636016384,0.7884290026350649,0.43755663311835163,False
5a904e725542995651fb5118,"An edited version of ""Just the Two of Us"" reached number two on the ""Billboard"" Hot 100 behind a song written and composed by Donna Weiss and Jackie DeShannon which spend how many weeks at No. 1 on the ""Billboard"" hot 100?",nine,bridge,medium,Hybrid,0.5,1,D008,D008_C003,Just the Two of Us (Grover Washington Jr. song),"An edited version reached number two on the ""Billboard"" Hot 100, staying there for 3 weeks, behind ""Morning Train (9 to 5)"" by Sheena Easton and ""Bette Davis Eyes"" by Kim Carnes.",26.27694220488291,0.7840039730072021,1.0,1.0,1.0,True
5a904e725542995651fb5118,"An edited version of ""Just the Two of Us"" reached number two on the ""Billboard"" Hot 100 behind a song written and composed by Donna Weiss and Jackie DeShannon which spend how many weeks at No. 1 on the ""Billboard"" hot 100?",nine,bridge,medium,Hybrid,0.5,2,D008,D008_C001,Just the Two of Us (Grover Washington Jr. song),"""Just the Two of Us"" is a 1981 R&B single written by Bill Withers, William Salter and Ralph MacDonald, which was recorded by Grover Washington Jr. and Bill Withers.",18.354442178505366,0.636613130569458,0.6623927973898174,0.7625016843712534,0.7124472408805353,True
5a904e725542995651fb5118,"An edited version of ""Just the Two of Us"" reached number two on the ""Billboard"" Hot 100 behind a song written and composed by Donna Weiss and Jackie DeShannon which spend how many weeks at No. 1 on the ""Billboard"" hot 100?",nine,bridge,medium,Hybrid,0.5,3,D008,D008_C005,Just the Two of Us (Grover Washington Jr. song),"Bill Withers included the edited version on the 1981 compilation ""Bill Withers' Greatest Hits"" and many subsequent greatest hits collections.",21.57647160388872,0.5401899814605713,0.7996954591013555,0.6071301896282685,0.703412824364812,False
5a904e725542995651fb5118,"An edited version of ""Just the Two of Us"" reached number two on the ""Billboard"" Hot 100 behind a song written and composed by Donna Weiss and Jackie DeShannon which spend how many weeks at No. 1 on the ""Billboard"" hot 100?",nine,bridge,medium,Hybrid,0.5,4,D003,D003_C002,Bette Davis Eyes,"DeShannon recorded it in 1974; Carnes's 1981 version spent nine weeks at No. 1 on the ""Billboard"" Hot 100 and was ""Billboard""' s biggest hit of 1981.",20.625098488742406,0.4227765202522278,0.7591539109822397,0.41793594385345917,0.5885449274178495,True
5a904e725542995651fb5118,"An edited version of ""Just the Two of Us"" reached number two on the ""Billboard"" Hot 100 behind a song written and composed by Donna Weiss and Jackie DeShannon which spend how many weeks at No. 1 on the ""Billboard"" hot 100?",nine,bridge,medium,Hybrid,0.5,5,D008,D008_C002,Just the Two of Us (Grover Washington Jr. song),"The song originally appeared on Washington's 1980 album ""Winelight"".",14.558837710876467,0.5813468098640442,0.5006479690825315,0.6734482678804833,0.5870481184815074,False
5a7daae35542990b8f503a1d,"Which band has more members, Saint Motel or Curve?",Saint Motel,comparison,hard,Hybrid,0.5,1,D008,D008_C001,Saint Motel,"Saint Motel is an American indie pop band from Los Angeles, whose music has been described as everything from ""dream pop"" to ""indie prog"".",3.5421858044224566,0.6688461303710938,0.9041365064567367,0.9285594525989586,0.9163479795278476,True
5a7daae35542990b8f503a1d,"Which band has more members, Saint Motel or Curve?",Saint Motel,comparison,hard,Hybrid,0.5,2,D005,D005_C004,Curve Lake First Nation,"The Curve Lake First Nation registered a population on these three reserves of 741, with an additional 1,050 registered band members living off-reserve.",3.917755537052802,0.3976294696331024,1.0,0.4861627447364976,0.7430813723682488,False
5a7daae35542990b8f503a1d,"Which band has more members, Saint Motel or Curve?",Saint Motel,comparison,hard,Hybrid,0.5,3,D008,D008_C002,Saint Motel,"The band consists of A/J Jackson (lead vocals, guitar, piano), Aaron Sharp (lead guitar), Dak Lerdamornpong (bass), and Greg Erwin (drums).",1.469319154165261,0.7126436233520508,0.37504105099691376,1.0,0.6875205254984569,True
5a7daae35542990b8f503a1d,"Which band has more members, Saint Motel or Curve?",Saint Motel,comparison,hard,Hybrid,0.5,4,D007,D007_C003,Lars Stalfors,"He has also worked with and has new releases on deck with Foster the People, Electric Guest, White Lung, Antwon, HEALTH, Alice Glass, Saint Motel, Local Natives.”",3.3331449964935196,0.3719371557235718,0.8507792191140477,0.4442545704377012,0.6475168947758745,False
5a7daae35542990b8f503a1d,"Which band has more members, Saint Motel or Curve?",Saint Motel,comparison,hard,Hybrid,0.5,5,D006,D006_C001,Voyeur (Saint Motel album),"Voyeur is the debut album by American band Saint Motel, released on July 10, 2012 through OnThe Records.",2.104124974997389,0.5208042860031128,0.5370740861948351,0.6870800965886312,0.6120770913917332,False
5ae6038155429929b0807a55,"""Funnybot"" is the second episode of the fifteenth season of which American animated television series, created by Trey Parker and Matt Stone?  ",South Park,bridge,easy,Hybrid,0.5,1,D009,D009_C001,Funnybot,"""Funnybot"" is the second episode of the fifteenth season of the American animated television series ""South Park"", and the 211th episode of the series overall.",20.242483902259973,0.7312491536140442,1.0,1.0,1.0,False
5ae6038155429929b0807a55,"""Funnybot"" is the second episode of the fifteenth season of which American animated television series, created by Trey Parker and Matt Stone?  ",South Park,bridge,easy,Hybrid,0.5,2,D004,D004_C001,South Park (season 12),"The twelfth season of ""South Park"", an American animated television series created by Trey Parker and Matt Stone, began airing on March 12, 2008.",11.88444704740182,0.49446040391921997,0.5261171509240361,0.49916756029231074,0.5126423556081734,False
5ae6038155429929b0807a55,"""Funnybot"" is the second episode of the fifteenth season of which American animated television series, created by Trey Parker and Matt Stone?  ",South Park,bridge,easy,Hybrid,0.5,3,D008,D008_C001,South Park (season 10),"The tenth season of ""South Park"", an American animated television series created by Trey Parker and Matt Stone, began airing on March 22, 2006.",11.88444704740182,0.4916509687900543,0.5261171509240361,0.49322531746297893,0.5096712341935075,True
5ae6038155429929b0807a55,"""Funnybot"" is the second episode of the fifteenth season of which American animated television series, created by Trey Parker and Matt Stone?  ",South Park,bridge,easy,Hybrid,0.5,4,D005,D005_C001,South Park (season 2),"Season two of ""South Park"", an American animated television series created by Trey Parker and Matt Stone, began airing on April 1, 1998.",10.758653916818439,0.5013245344161987,0.46228708347453634,0.5136858988016549,0.48798649113809567,False
5ae6038155429929b0807a55,"""Funnybot"" is the second episode of the fifteenth season of which American animated television series, created by Trey Parker and Matt Stone?  ",South Park,bridge,easy,Hybrid,0.5,5,D009,D009_C002,Funnybot,"""Funnybot"" premiered in the United States on Comedy Central on May 4, 2011, the first time a ""South Park"" episode has aired in May since season 10's ""Tsst"" in 2006.",5.884141674568042,0.6313682198524475,0.1859126441980914,0.788741602797542,0.4873271234978167,True
5a71458e5542994082a3e738,"Which private research university is located in Chestnut Hill, Massachusetts Boston College or Stanford University? ",Boston College,comparison,easy,Hybrid,0.5,1,D005,D005_C001,Boston College,"Boston College (also referred to as BC) is a private Jesuit Catholic research university located in the affluent village of Chestnut Hill, Massachusetts, United States, 6 mi west of downtown Boston.",14.526237655854489,0.6831417679786682,0.854013898738323,1.0,0.9270069493691615,True
5a71458e5542994082a3e738,"Which private research university is located in Chestnut Hill, Massachusetts Boston College or Stanford University? ",Boston College,comparison,easy,Hybrid,0.5,2,D008,D008_C001,Stanford University,"Stanford University (Stanford; officially Leland Stanford Junior University, colloquially the Farm) is a private research university in Stanford, California, adjacent to Palo Alto and between San Jose and San Francisco.",16.83628068913267,0.5760724544525146,1.0,0.8054660590891194,0.9027330295445597,True
5a71458e5542994082a3e738,"Which private research university is located in Chestnut Hill, Massachusetts Boston College or Stanford University? ",Boston College,comparison,easy,Hybrid,0.5,3,D007,D007_C001,Jesuit Ivy,"""Jesuit Ivy"" is the title of a commencement speech delivered at Boston College, a Jesuit university in Chestnut Hill, Massachusetts, United States.",8.172189227415286,0.5818800926208496,0.45246174411055234,0.8160179408847814,0.6342398424976669,False
5a71458e5542994082a3e738,"Which private research university is located in Chestnut Hill, Massachusetts Boston College or Stanford University? ",Boston College,comparison,easy,Hybrid,0.5,4,D010,D010_C001,"Chestnut Hill, Massachusetts","Chestnut Hill is an affluent New England village located six miles (10 km) west of downtown Boston, Massachusetts, United States.",6.832897442934435,0.5660545825958252,0.3678235000382356,0.7872646152987287,0.5775440576684822,False
5a71458e5542994082a3e738,"Which private research university is located in Chestnut Hill, Massachusetts Boston College or Stanford University? ",Boston College,comparison,easy,Hybrid,0.5,5,D008,D008_C002,Stanford University,Stanford's undergraduate program is the most selective in America.,10.330478674203952,0.4314664900302887,0.5888575848771066,0.542731880529146,0.5657947327031263,False
5a73332b5542992359bc3287,"What American stage, film, and television actor  who also appeared in a large number of musicals, played Samson in the 1949 film ""Samson and Delilah"".",Victor John Mature,bridge,easy,Hybrid,0.5,1,D010,D010_C002,Samson and Delilah (1984 film),Mature played Samson in the 1949 film and had a small cameo as the father of Antony Hamilton's Samson.,15.76348265110653,0.8210476040840149,0.8561075396684635,1.0,0.9280537698342317,False
5a73332b5542992359bc3287,"What American stage, film, and television actor  who also appeared in a large number of musicals, played Samson in the 1949 film ""Samson and Delilah"".",Victor John Mature,bridge,easy,Hybrid,0.5,2,D010,D010_C001,Samson and Delilah (1984 film),"Samson and Delilah is a 1984 television film adaptation of the biblical story of Samson and Delilah, starring Max von Sydow, Belinda Bauer, Antony Hamilton, Daniel Stern and Victor Mature.",11.878990868283712,0.7376130223274231,0.6276795189538608,0.8805676619539256,0.7541235904538932,True
5a73332b5542992359bc3287,"What American stage, film, and television actor  who also appeared in a large number of musicals, played Samson in the 1949 film ""Samson and Delilah"".",Victor John Mature,bridge,easy,Hybrid,0.5,3,D008,D008_C001,Ivan Samson,"Ivan Samson (28 August 1894 – 1 May 1963) was a British stage, film and television actor.",10.993269977348898,0.7475235462188721,0.5755945921903427,0.8947540702117187,0.7351743312010307,False
5a73332b5542992359bc3287,"What American stage, film, and television actor  who also appeared in a large number of musicals, played Samson in the 1949 film ""Samson and Delilah"".",Victor John Mature,bridge,easy,Hybrid,0.5,4,D010,D010_C004,Samson and Delilah (1984 film),"Based on the novel ""Husband of Delilah"" by Eric Linklater, ""Samson and Delilah"" originally aired on ABC.",9.955558607768838,0.7224540114402771,0.5145718464931033,0.8588683128998422,0.6867200796964728,False
5a73332b5542992359bc3287,"What American stage, film, and television actor  who also appeared in a large number of musicals, played Samson in the 1949 film ""Samson and Delilah"".",Victor John Mature,bridge,easy,Hybrid,0.5,5,D005,D005_C003,Victor Mature,He also appeared in a large number of musicals opposite such stars as Rita Hayworth and Betty Grable.,18.210420106587794,0.37214648723602295,1.0,0.35742100208449873,0.6787105010422494,True
5ae500fd55429908b63264d8,Iqaluit Airport and Canadian North are based out of what country?,Canada,bridge,easy,Hybrid,0.5,1,D001,D001_C003,Iqaluit Airport,"It hosts scheduled passenger service from Ottawa, Montreal, Rankin Inlet and Kuujjuaq on carriers such as First Air and Canadian North, and from smaller communities throughout eastern Nunavut.",4.238607694014879,0.7989345192909241,0.9592469908377311,1.0,0.9796234954188656,False
5ae500fd55429908b63264d8,Iqaluit Airport and Canadian North are based out of what country?,Canada,bridge,easy,Hybrid,0.5,2,D001,D001_C001,Iqaluit Airport,"Iqaluit Airport (IATA: YFB, ICAO: CYFB) serves Iqaluit, Nunavut, Canada and is located adjacent to the town.",4.2345682046471556,0.6982795000076294,0.9583328066762713,0.8902567622160529,0.9242947844461621,True
5ae500fd55429908b63264d8,Iqaluit Airport and Canadian North are based out of what country?,Canada,bridge,easy,Hybrid,0.5,3,D001,D001_C002,Iqaluit Airport,It is operated by the government of Nunavut.,3.5391613352527296,0.7460545301437378,0.800954017453475,0.9423454362801424,0.8716497268668087,False
5ae500fd55429908b63264d8,Iqaluit Airport and Canadian North are based out of what country?,Canada,bridge,easy,Hybrid,0.5,4,D006,D006_C004,Canadian North,Its main base is Edmonton Airport.,3.9114900732368527,0.6625888347625732,0.885216409091654,0.8513435595705738,0.868279984331114,False
5ae500fd55429908b63264d8,Iqaluit Airport and Canadian North are based out of what country?,Canada,bridge,easy,Hybrid,0.5,5,D008,D008_C001,Air Nunavut,"Air Nunavut is an airline based in Iqaluit, Nunavut, Canada.",4.14418061754203,0.5760570764541626,0.9378770279869378,0.756998782772354,0.8474379053796459,False
5ab292e4554299545a2cf993,In what political party was the man who officially opened he Royal Spa Centre in 1972?,Conservative,bridge,medium,Hybrid,0.5,1,D002,D002_C002,Royal Spa Centre,"The Centre was officially opened on 15 June 1972 by Anthony Eden, one time MP for Leamington and Warwick and Prime Minister of the UK.",14.6689882704066,0.8056652545928955,1.0,1.0,1.0,True
5ab292e4554299545a2cf993,In what political party was the man who officially opened he Royal Spa Centre in 1972?,Conservative,bridge,medium,Hybrid,0.5,2,D002,D002_C001,Royal Spa Centre,"The Royal Spa Centre is a Theatre in Leamington Spa, England.",10.531393631101505,0.5840513706207275,0.6778773054870013,0.7197441807974697,0.6988107431422355,True
5ab292e4554299545a2cf993,In what political party was the man who officially opened he Royal Spa Centre in 1972?,Conservative,bridge,medium,Hybrid,0.5,3,D007,D007_C002,Royal Pump Rooms,It was the most famous of several spa baths opened in Leamington between the late-18th and mid-19th centuries.,9.48062326434351,0.5126599073410034,0.5960720511396727,0.6294616016245909,0.6127668263821318,False
5ab292e4554299545a2cf993,In what political party was the man who officially opened he Royal Spa Centre in 1972?,Conservative,bridge,medium,Hybrid,0.5,4,D002,D002_C003,Royal Spa Centre,"It was designed by the Architect Sir Frederick Gibberd and has two Auditoria, the first of which is a traditional Theatre which can hold 667 people.",6.103905185902356,0.5510160326957703,0.3331856108621638,0.6779672599347224,0.5055764353984431,False
5ab292e4554299545a2cf993,In what political party was the man who officially opened he Royal Spa Centre in 1972?,Conservative,bridge,medium,Hybrid,0.5,5,D007,D007_C005,Royal Pump Rooms,"After a major redevelopment in 1997-99 the building now houses ""Leamington Spa Art Gallery & Museum"", a public library, a Tourist Information Centre, cafe and assembly rooms.",6.302068559932247,0.5163690447807312,0.3486131540511254,0.6341522253936153,0.4913826897223703,False
5a8514545542992a431d1ad2,Which Oscar-nominated film was written by the screenwriter who wrote a 1991 romantic drama based upon a screenplay by Sooni Taraporevala?,Salaam Bombay,bridge,medium,Hybrid,0.5,1,D007,D007_C003,The Namesake (film),Sooni Taraporevala wrote the screenplay.,13.377014729490636,0.744153618812561,0.8242714518571698,1.0,0.9121357259285849,False
5a8514545542992a431d1ad2,Which Oscar-nominated film was written by the screenwriter who wrote a 1991 romantic drama based upon a screenplay by Sooni Taraporevala?,Salaam Bombay,bridge,medium,Hybrid,0.5,2,D001,D001_C001,Mississippi Masala,"Mississippi Masala is a 1991 romantic drama film directed by Mira Nair, based upon a screenplay by Sooni Taraporevala, starring Denzel Washington, Sarita Choudhury, and Roshan Seth.",15.924139861126392,0.4700799882411957,1.0,0.5404693811816798,0.7702346905908399,True
5a8514545542992a431d1ad2,Which Oscar-nominated film was written by the screenwriter who wrote a 1991 romantic drama based upon a screenplay by Sooni Taraporevala?,Salaam Bombay,bridge,medium,Hybrid,0.5,3,D003,D003_C001,Sooni Taraporevala,"Sooni Taraporevala (born 1957) is an Indian screenwriter, photographer and filmmaker who is best known as the screenwriter of ""Mississippi Masala"", ""The Namesake"" and Oscar-nominated ""Salaam Bombay"" (1988), all directed by Mira Nair.",13.274813041327821,0.5615937113761902,0.8172204616818013,0.6939075566636596,0.7555640091727305,True
5a8514545542992a431d1ad2,Which Oscar-nominated film was written by the screenwriter who wrote a 1991 romantic drama based upon a screenplay by Sooni Taraporevala?,Salaam Bombay,bridge,medium,Hybrid,0.5,4,D010,D010_C002,Such a Long Journey (film),The film is directed by Sturla Gunnarsson with a screenplay by Sooni Taraporevala.,10.60011229507231,0.5350595712661743,0.6326903524153675,0.6494186001772286,0.6410544762962981,False
5a8514545542992a431d1ad2,Which Oscar-nominated film was written by the screenwriter who wrote a 1991 romantic drama based upon a screenplay by Sooni Taraporevala?,Salaam Bombay,bridge,medium,Hybrid,0.5,5,D009,D009_C002,Parineeta (2005 film),"Directed by debutant Pradeep Sarkar, it was based upon a screenplay by the film's producer, Vidhu Vinod Chopra.",10.267824250587203,0.3695482015609741,0.6097654890479017,0.3719109027619752,0.4908381959049385,False
5ae3345f55429928c4239682,Are both Tim McIlrath and Spike Slawson American punk rock musicians?,yes,comparison,medium,Hybrid,0.5,1,D005,D005_C001,Spike Slawson,"Spike Slawson is an American punk rock musician, a member of Me First and the Gimme Gimmes, Swingin' Utters, Filthy Thievin' Bastards, Re-Volts, and Uke-Hunt.",8.726345863988922,0.608354926109314,1.0,0.8662428784772425,0.9331214392386212,True
5ae3345f55429928c4239682,Are both Tim McIlrath and Spike Slawson American punk rock musicians?,yes,comparison,medium,Hybrid,0.5,2,D002,D002_C001,Tim McIlrath,"Timothy James ""Tim"" McIlrath (born November 3, 1978) is an American punk rock musician.",5.418608238485224,0.6931215524673462,0.6209481406010088,1.0,0.8104740703005044,True
5ae3345f55429928c4239682,Are both Tim McIlrath and Spike Slawson American punk rock musicians?,yes,comparison,medium,Hybrid,0.5,3,D002,D002_C002,Tim McIlrath,"He is the lead singer, rhythm guitarist, songwriter and co-founder of the American punk rock band Rise Against.",4.777081214562041,0.6356602311134338,0.5474320281385658,0.9093291632165423,0.7283805956775541,False
5ae3345f55429928c4239682,Are both Tim McIlrath and Spike Slawson American punk rock musicians?,yes,comparison,medium,Hybrid,0.5,4,D010,D010_C003,Filthy Thieving Bastards,"Spike Slawson (also from Swingin' Utters) later joined the band, along with recording engineer Randy Burk.",5.061395314073984,0.5698014497756958,0.5800131455894824,0.8054075917536735,0.6927103686715779,False
5ae3345f55429928c4239682,Are both Tim McIlrath and Spike Slawson American punk rock musicians?,yes,comparison,medium,Hybrid,0.5,5,D003,D003_C003,The Dwarves Must Die,"There are several cameos, including Dexter Holland from The Offspring, Nash Kato from Urge Overkill, desert rock icon Nick Oliveri, Josh Freese from The Vandals, Spike Slawson from Me First and the Gimme Gimmes, gangster rapper San Quinn, DJ Marz, and even the original Space Ghost himself, Gary Owens.",5.571571230947736,0.41370582580566406,0.6384770117741931,0.5590971952971348,0.598787103535664,False
5ac1b48f55429963665198f3,"The Golden Globe Award winner for best actor from ""Roseanne"" starred along what actress in Gigantic?",Zooey Deschanel,bridge,medium,Hybrid,0.5,1,D006,D006_C002,John Goodman,"Early in his career, he was best known for playing Dan Conner on the ABC TV series ""Roseanne"" (1988–1997), for which he won a Golden Globe Award for Best Actor in 1993.",9.274901797086168,0.5929002165794373,1.0,1.0,1.0,True
5ac1b48f55429963665198f3,"The Golden Globe Award winner for best actor from ""Roseanne"" starred along what actress in Gigantic?",Zooey Deschanel,bridge,medium,Hybrid,0.5,2,D009,D009_C005,Cantinflas,"To audiences in the United States, he is best remembered as co-starring with David Niven in the Academy Award winner for Best Picture film ""Around the World in 80 Days"", for which Moreno won a Golden Globe Award for Best Actor – Motion Picture Musical or Comedy.",8.310951604150572,0.37735530734062195,0.8960689596478064,0.6004628534987387,0.7482659065732726,False
5ac1b48f55429963665198f3,"The Golden Globe Award winner for best actor from ""Roseanne"" starred along what actress in Gigantic?",Zooey Deschanel,bridge,medium,Hybrid,0.5,3,D007,D007_C002,Stathis Giallelis,"He won brief international renown in the early 1960s as the star of Elia Kazan's Academy Award-nominated epic ""America, America"", a role which brought him the Golden Globe Award for New Star of the Year – Actor, as well as a nomination for Golden Globe Award for Best Actor – Motion Picture Drama.",6.465542283640067,0.46629244089126587,0.697100888515208,0.7653180044847262,0.7312094464999671,False
5ac1b48f55429963665198f3,"The Golden Globe Award winner for best actor from ""Roseanne"" starred along what actress in Gigantic?",Zooey Deschanel,bridge,medium,Hybrid,0.5,4,D004,D004_C003,Russell Crowe filmography,"He is also a winner of the BAFTA Award for Best Actor in a Leading Role and Golden Globe Award for Best Actor – Motion Picture Drama for his portrayal of John Forbes Nash Jr. in the biographical drama ""A Beautiful Mind"" (2001).",8.25673053540183,0.36192360520362854,0.8902229604194614,0.5718584282806021,0.7310406943500317,False
5ac1b48f55429963665198f3,"The Golden Globe Award winner for best actor from ""Roseanne"" starred along what actress in Gigantic?",Zooey Deschanel,bridge,medium,Hybrid,0.5,5,D002,D002_C002,First Monday in October (film),The film stars Walter Matthau (for which he was nominated for a Golden Globe Award for Best Actor – Motion Picture Musical or Comedy) and Jill Clayburgh (for which she was nominated for a Golden Globe Award for Best Actress – Motion Picture Musical or Comedy).,7.608410652705323,0.373542457818985,0.8203225025083937,0.5933953007400434,0.7068589016242186,False
5ab9d58855429939ce03dc3a,"The expert mentor to the celebrities that perform on ""Splash!"" won the 2009 FINA World Championionship in the individual event at what age? ",15,bridge,medium,Hybrid,0.5,1,D002,D002_C004,Splash! (UK TV series),"Gabby Logan and Vernon Kay present the show, whilst Team GB Olympic Bronze Medal winning diver Tom Daley is the expert mentor to the celebrities.",17.302649938645676,0.614469051361084,0.8044861074490223,0.9541445601787072,0.8793153338138647,True
5ab9d58855429939ce03dc3a,"The expert mentor to the celebrities that perform on ""Splash!"" won the 2009 FINA World Championionship in the individual event at what age? ",15,bridge,medium,Hybrid,0.5,2,D001,D001_C002,Tom Daley,"Tom Daley specialises in the 10-metre platform event and is a double World champion in the event; he won the 2009 FINA World Championionship in the individual event at the age of 15, before regaining it in 2017.",21.507705078352878,0.49170076847076416,1.0,0.7091269250495561,0.854563462524778,True
5ab9d58855429939ce03dc3a,"The expert mentor to the celebrities that perform on ""Splash!"" won the 2009 FINA World Championionship in the individual event at what age? ",15,bridge,medium,Hybrid,0.5,3,D002,D002_C003,Splash! (UK TV series),The celebrities perform each week in front of a panel of judges and a live audience in an Olympic-size diving pool with the result each week partly determined by public vote.,10.560178642439604,0.637445330619812,0.4909951389034173,1.0,0.7454975694517086,False
5ab9d58855429939ce03dc3a,"The expert mentor to the celebrities that perform on ""Splash!"" won the 2009 FINA World Championionship in the individual event at what age? ",15,bridge,medium,Hybrid,0.5,4,D002,D002_C002,Splash! (UK TV series),is a British television series that follows celebrities as they try to master the art of diving.,12.300454928102743,0.5215181112289429,0.5719092243124968,0.7686355753006245,0.6702723998065607,False
5ab9d58855429939ce03dc3a,"The expert mentor to the celebrities that perform on ""Splash!"" won the 2009 FINA World Championionship in the individual event at what age? ",15,bridge,medium,Hybrid,0.5,5,D006,D006_C003,Alicia McCormack,"Although she did not play water polo in 2010 due to injury, McCormack has won gold medals at the 2006 Commonwealth Games and the 2006 FINA World Cup; a silver medal at the 2007 FINA World Championships; and bronze medals at the 2008 and 2012 Summer Olympics, 2005 FINA World League Super Finals, 2008 FINA World League Super Finals and 2009 FINA World League Super Finals.",9.341728242361208,0.5180749893188477,0.43434332990568536,0.7617638852516028,0.598053607578644,False
5ab9121555429919ba4e238a,"Still Da Baddest is the fourth studio album by American rapper Trina, following the poor chart performance, ""I Got a Thang for You"" featuring which American singer/songwriter, record producer, business woman, and television personality, and was born in Oakland, California?",Keyshia Cole,bridge,easy,Hybrid,0.5,1,D003,D003_C001,Still da Baddest,Still Da Baddest is the fourth studio album by American rapper Trina.,24.487164221523383,0.8080202341079712,0.684848101055376,1.0,0.842424050527688,False
5ab9121555429919ba4e238a,"Still Da Baddest is the fourth studio album by American rapper Trina, following the poor chart performance, ""I Got a Thang for You"" featuring which American singer/songwriter, record producer, business woman, and television personality, and was born in Oakland, California?",Keyshia Cole,bridge,easy,Hybrid,0.5,2,D003,D003_C004,Still da Baddest,"Following the poor chart performance, ""I Got a Thang for You"" featuring Keyshia Cole, was released as the album's second single.",29.48648722115861,0.6490960121154785,0.8348010794650169,0.782208518925284,0.8085047991951504,True
5ab9121555429919ba4e238a,"Still Da Baddest is the fourth studio album by American rapper Trina, following the poor chart performance, ""I Got a Thang for You"" featuring which American singer/songwriter, record producer, business woman, and television personality, and was born in Oakland, California?",Keyshia Cole,bridge,easy,Hybrid,0.5,3,D001,D001_C001,I Got a Thang for You,"""I Got a Thang for You"" is the second single from Miami-based rapper Trina's fourth album ""Still da Baddest"".",23.816094356802125,0.7627182602882385,0.6647195906664193,0.9379176827162717,0.8013186366913455,False
5ab9121555429919ba4e238a,"Still Da Baddest is the fourth studio album by American rapper Trina, following the poor chart performance, ""I Got a Thang for You"" featuring which American singer/songwriter, record producer, business woman, and television personality, and was born in Oakland, California?",Keyshia Cole,bridge,easy,Hybrid,0.5,4,D005,D005_C001,Da Baddest Bitch,Da Baddest Bitch is the debut album by American rapper Trina.,16.9009381904134,0.7227045297622681,0.4573018536261351,0.8830824315171981,0.6701921425716666,False
5ab9121555429919ba4e238a,"Still Da Baddest is the fourth studio album by American rapper Trina, following the poor chart performance, ""I Got a Thang for You"" featuring which American singer/songwriter, record producer, business woman, and television personality, and was born in Oakland, California?",Keyshia Cole,bridge,easy,Hybrid,0.5,5,D010,D010_C001,Keyshia Cole,"Keyshia Cole (born October 15, 1981) is an American singer/songwriter, record producer, business woman, and television personality.",34.99409881850421,0.2416766881942749,1.0,0.22387664941674562,0.6119383247083728,True
5abf037a5542993fe9a41dbe,What profession does Am Rong and Alexandre Rockwell have in common?,filmmaker,comparison,medium,Hybrid,0.5,1,D009,D009_C003,Alexandre Rockwell,His father was also an actor and filmmaker.,2.060397364523164,0.6365182399749756,0.25364768730762516,1.0,0.6268238436538126,True
5abf037a5542993fe9a41dbe,What profession does Am Rong and Alexandre Rockwell have in common?,filmmaker,comparison,medium,Hybrid,0.5,2,D009,D009_C005,Alexandre Rockwell,"Rockwell grew up in Cambridge, MA and moved to New York City in his early 20s.",2.9595524754962956,0.5512726306915283,0.3643392550392445,0.8595487072808795,0.611943981160062,False
5abf037a5542993fe9a41dbe,What profession does Am Rong and Alexandre Rockwell have in common?,filmmaker,comparison,medium,Hybrid,0.5,3,D009,D009_C004,Alexandre Rockwell,"His mother, Svetlana Rockwell, was born in Paris and emigrated to the US to marry Alex's father; she was a painter.",2.404136154571736,0.5912978649139404,0.29596406308784734,0.9254945775160395,0.6107293203019434,False
5abf037a5542993fe9a41dbe,What profession does Am Rong and Alexandre Rockwell have in common?,filmmaker,comparison,medium,Hybrid,0.5,4,D009,D009_C002,Alexandre Rockwell,"His grandmother was a stage actress in Paris, as well as an artist.",2.473694625533663,0.5740060806274414,0.3045271420336557,0.8970045065684141,0.600765824301035,False
5abf037a5542993fe9a41dbe,What profession does Am Rong and Alexandre Rockwell have in common?,filmmaker,comparison,medium,Hybrid,0.5,5,D004,D004_C009,Koh Rong Sanloem,Alternatives have since become widespread and are in common usage.,8.123067812655844,0.12428131699562073,1.0,0.15603467890416176,0.5780173394520809,False
5ab3ed12554299753aec59f3,El Nuevo Cojo and Golf Magazine are both special interest publications but which one is owned by Time Inc?,Golf Magazine,comparison,medium,Hybrid,0.5,1,D003,D003_C001,Golf Magazine,"Golf Magazine is a monthly golf magazine owned by ""Time Inc."" It was started in April, 1959 by Universal Publishing and Distributing, who sold it to Times Mirror in 1972.",8.918881948747789,0.651165246963501,1.0,0.9577756164744917,0.9788878082372459,True
5ab3ed12554299753aec59f3,El Nuevo Cojo and Golf Magazine are both special interest publications but which one is owned by Time Inc?,Golf Magazine,comparison,medium,Hybrid,0.5,2,D010,D010_C004,Time Inc.,It also has subsidiaries which it co-operates with the UK magazine house Time Inc.,8.464644621776893,0.5695770978927612,0.9490701491979417,0.7977927084707239,0.8734314288343328,False
5ab3ed12554299753aec59f3,El Nuevo Cojo and Golf Magazine are both special interest publications but which one is owned by Time Inc?,Golf Magazine,comparison,medium,Hybrid,0.5,3,D003,D003_C002,Golf Magazine,Time Inc. acquired it in 2000.,5.859896187032416,0.6726988554000854,0.6570213868404375,1.0,0.8285106934202188,False
5ab3ed12554299753aec59f3,El Nuevo Cojo and Golf Magazine are both special interest publications but which one is owned by Time Inc?,Golf Magazine,comparison,medium,Hybrid,0.5,4,D010,D010_C002,Time Inc.,"It owns and publishes over 100 magazine brands, most notably its flagship ""Time"".",4.703913217943934,0.6028447151184082,0.5274106379000076,0.8630258361581858,0.6952182370290967,False
5ab3ed12554299753aec59f3,El Nuevo Cojo and Golf Magazine are both special interest publications but which one is owned by Time Inc?,Golf Magazine,comparison,medium,Hybrid,0.5,5,D004,D004_C005,El Nuevo Cojo,The website slowly embraced a wider audience by covering general interest issues.,7.294248259213664,0.41659554839134216,0.8178433464115732,0.49781736353503714,0.6578303549733051,False
5abcfc3b554299114383a1ad,Who funds the bowling team that includes the school bus driver for Springfield Elementary School?,Mr. Burns,bridge,medium,Hybrid,0.5,1,D003,D003_C002,Otto Mann,He is the school bus driver for Springfield Elementary School.,18.885492861897674,0.592483639717102,1.0,1.0,1.0,True
5abcfc3b554299114383a1ad,Who funds the bowling team that includes the school bus driver for Springfield Elementary School?,Mr. Burns,bridge,medium,Hybrid,0.5,2,D009,D009_C004,The Otto Show,"He shows the guitar to Otto the bus driver, who plays it and consequently makes the children late for school.",15.024042788670616,0.4005581736564636,0.7684126807471794,0.5975363031010131,0.6829744919240963,False
5abcfc3b554299114383a1ad,Who funds the bowling team that includes the school bus driver for Springfield Elementary School?,Mr. Burns,bridge,medium,Hybrid,0.5,3,D001,D001_C003,Team Homer,"In the episode, Homer starts a bowling team with Moe, Apu, and Otto.",11.070628034010596,0.4812549650669098,0.5313098547196718,0.7667557905695149,0.6490328226445934,True
5abcfc3b554299114383a1ad,Who funds the bowling team that includes the school bus driver for Springfield Elementary School?,Mr. Burns,bridge,medium,Hybrid,0.5,4,D009,D009_C005,The Otto Show,"Racing to Springfield Elementary, Otto crashes the school bus and is suspended until he can get his license back.",10.444264319837538,0.4687856435775757,0.4937442017417085,0.7406078836375927,0.6171760426896507,False
5abcfc3b554299114383a1ad,Who funds the bowling team that includes the school bus driver for Springfield Elementary School?,Mr. Burns,bridge,medium,Hybrid,0.5,5,D005,D005_C001,2006 Huntsville bus crash,"The Huntsville bus crash involved a school bus carrying 40 students from Lee High School to the Huntsville Center for Technology center and occurred on November 20, 2006 on an elevated portion of Interstate 565 in Huntsville, Alabama.",8.797914090725175,0.3796435594558716,0.3950056892966249,0.5536787936044523,0.4743422414505386,False
5a74f2ff5542993748c89748,What city are George Washington University Hospital and MedStar Washington Hospital Center located in?,"Washington, D.C.",comparison,medium,Hybrid,0.5,1,D010,D010_C004,"West End, Washington, D.C.","The George Washington University and George Washington University Hospital are on the edge of the West End, at Washington Circle.",7.796148979773034,0.7268956899642944,0.9477463893346755,0.8976571144477629,0.9227017518912192,False
5a74f2ff5542993748c89748,What city are George Washington University Hospital and MedStar Washington Hospital Center located in?,"Washington, D.C.",comparison,medium,Hybrid,0.5,2,D007,D007_C001,George Washington University Hospital,"The George Washington University Hospital is located in Washington, D.C. in the United States.",6.880499067981769,0.8122023344039917,0.8364345224057229,1.0,0.9182172612028614,True
5a74f2ff5542993748c89748,What city are George Washington University Hospital and MedStar Washington Hospital Center located in?,"Washington, D.C.",comparison,medium,Hybrid,0.5,3,D009,D009_C002,MedStar Washington Hospital Center,"Health services in primary, secondary and tertiary care are offered to adult and neonatal patients.",8.2259864743415,0.6583609580993652,1.0,0.8154355915444222,0.9077177957722111,False
5a74f2ff5542993748c89748,What city are George Washington University Hospital and MedStar Washington Hospital Center located in?,"Washington, D.C.",comparison,medium,Hybrid,0.5,4,D003,D003_C003,MedStar Georgetown University Hospital,MedStar Georgetown is co-located with the Georgetown University Medical Center and is affiliated with the Georgetown University School of Medicine.,6.751534655354182,0.6328126192092896,0.8207568388804882,0.7847850983706449,0.8027709686255666,False
5a74f2ff5542993748c89748,What city are George Washington University Hospital and MedStar Washington Hospital Center located in?,"Washington, D.C.",comparison,medium,Hybrid,0.5,5,D007,D007_C002,George Washington University Hospital,It is affiliated with the George Washington University School of Medicine and Health Sciences.,5.123261925581987,0.7911458611488342,0.62281429000187,0.9747384245782911,0.7987763572900806,False
5ac52b495542994611c8b3de,what is the connection between Peter O'Meara and Norman Dike?,Band of Brothers,bridge,easy,Hybrid,0.5,1,D004,D004_C001,Peter O'Meara,Peter O'Meara is an award-winning Irish actor.,8.979333254264995,0.5576748847961426,1.0,0.8519672350550106,0.9259836175275054,False
5ac52b495542994611c8b3de,what is the connection between Peter O'Meara and Norman Dike?,Band of Brothers,bridge,easy,Hybrid,0.5,2,D005,D005_C004,Norman Dike,"Dike was portrayed in the HBO miniseries ""Band of Brothers"" by Peter O'Meara.",7.974527339265716,0.6170111894607544,0.8880979370576298,0.9416996698667346,0.9148988034621822,True
5ac52b495542994611c8b3de,what is the connection between Peter O'Meara and Norman Dike?,Band of Brothers,bridge,easy,Hybrid,0.5,3,D004,D004_C002,Peter O'Meara,"Lauded for his work on the London stage he came to the screen in the groundbreaking HBO series ""Band of Brothers"" playing 1st Lt Norman Dike.",6.282384188205397,0.6555627584457397,0.6996492958117347,1.0,0.8498246479058673,True
5ac52b495542994611c8b3de,what is the connection between Peter O'Meara and Norman Dike?,Band of Brothers,bridge,easy,Hybrid,0.5,4,D001,D001_C001,Peter O'Meara (rugby union),Peter O'Meara was the inaugural CEO of the Western Force rugby union team.,7.466434448241246,0.4522170126438141,0.8315132356508593,0.6924865985074555,0.7619999170791574,False
5ac52b495542994611c8b3de,what is the connection between Peter O'Meara and Norman Dike?,Band of Brothers,bridge,easy,Hybrid,0.5,5,D001,D001_C003,Peter O'Meara (rugby union),O'Meara had previously been on the boards of the NSWRU and QRU and had moved to Western Australia in his capacity as an executive with the Commonwealth Bank.,5.973844276513903,0.45286887884140015,0.6652881797962507,0.6934723953381056,0.6793802875671782,False
5a72b1c25542992359bc3172,"What author has contributed to such works as ""New Statesmen"", ""The Nation"", and ""The Atlantic"", among others, while also being being associated with Dysteleology?",Christopher Hitchens,bridge,medium,Hybrid,0.5,1,D003,D003_C006,Silas Bent,"As a freelance writer he contributed articles to ""The New York Times"", ""Harper's Weekly"" and ""The Atlantic"" among others.",15.963003647773503,0.4604465365409851,1.0,0.9829199049196059,0.9914599524598029,False
5a72b1c25542992359bc3172,"What author has contributed to such works as ""New Statesmen"", ""The Nation"", and ""The Atlantic"", among others, while also being being associated with Dysteleology?",Christopher Hitchens,bridge,medium,Hybrid,0.5,2,D008,D008_C004,Christopher Hitchens,"He contributed to ""New Statesman"", ""The Nation"", ""The Weekly Standard"", ""The Atlantic"", ""London Review of Books"", ""The Times Literary Supplement"", ""Slate"", ""Free Inquiry"" and ""Vanity Fair"".",14.502721993321629,0.43547773361206055,0.9085208719691327,0.922325378436663,0.9154231252028978,True
5a72b1c25542992359bc3172,"What author has contributed to such works as ""New Statesmen"", ""The Nation"", and ""The Atlantic"", among others, while also being being associated with Dysteleology?",Christopher Hitchens,bridge,medium,Hybrid,0.5,3,D005,D005_C003,Dysteleology,"Dysteleology is an aggressive, yet optimistic, form of science-oriented atheism originally perhaps associated with Haeckel and his followers, but now perhaps more associated with the type of atheism of Richard Dawkins, Sam Harris, or Christopher Hitchens.",12.740025766740777,0.46120476722717285,0.7980970278433619,0.9847599863013673,0.8914285070723647,True
5a72b1c25542992359bc3172,"What author has contributed to such works as ""New Statesmen"", ""The Nation"", and ""The Atlantic"", among others, while also being being associated with Dysteleology?",Christopher Hitchens,bridge,medium,Hybrid,0.5,4,D002,D002_C006,Peter Gallo,"He has contributed criticism to ""Art in America"" and ""Art New England"", among others.",11.38976615537452,0.43587130308151245,0.7135102144115057,0.9232804965377376,0.8183953554746217,False
5a72b1c25542992359bc3172,"What author has contributed to such works as ""New Statesmen"", ""The Nation"", and ""The Atlantic"", among others, while also being being associated with Dysteleology?",Christopher Hitchens,bridge,medium,Hybrid,0.5,5,D005,D005_C004,Dysteleology,"Transcending traditional philosophical and religious perspectives, such as German idealism (including the philosophies of Hegel and Schelling) and contemporary New Age thinking, modern philosophical naturalism sees existence as having no inherent goal.",11.160983263564663,0.3776802718639374,0.6991781440281373,0.7820619530528824,0.7406200485405099,False
5a72a00d5542991f9a20c53c,Who developed the prototype pacemaker used by the 34th President of the USA?,R Adams Cowley,bridge,medium,Hybrid,0.5,1,D006,D006_C008,R Adams Cowley,He is also known for being one of the first surgeons to perform open-heart surgery and invented both a surgical clamp that bears his name and a prototype pacemaker that was used by Dwight D. Eisenhower.,12.016874293969181,0.5833804607391357,1.0,1.0,1.0,True
5a72a00d5542991f9a20c53c,Who developed the prototype pacemaker used by the 34th President of the USA?,R Adams Cowley,bridge,medium,Hybrid,0.5,2,D001,D001_C001,Dwight D. Eisenhower,"Dwight David ""Ike"" Eisenhower ( ; October 14, 1890 – March 28, 1969) was an American politician and Army general who served as the 34th President of the United States from 1953 until 1961.",9.898506178109418,0.4156256914138794,0.8109136925329782,0.7222802290427959,0.7665969607878871,True
5a72a00d5542991f9a20c53c,Who developed the prototype pacemaker used by the 34th President of the USA?,R Adams Cowley,bridge,medium,Hybrid,0.5,3,D007,D007_C002,David Eisenhower,"He is the only grandson of 34th President of the United States, Dwight D. Eisenhower, and the son-in-law of the 37th President of the United States Richard Nixon.",9.723338903546876,0.3698674440383911,0.7952781979802998,0.6465269730749464,0.7209025855276231,False
5a72a00d5542991f9a20c53c,Who developed the prototype pacemaker used by the 34th President of the USA?,R Adams Cowley,bridge,medium,Hybrid,0.5,4,D005,D005_C001,Andrés Avelino Cáceres,"Andrés Avelino Cáceres Dorregaray (November 10, 1836 – October 10, 1923) served as the President of Peru three times during the 19th century, from 1881 to 1882 as the 34th President of Peru, then from 1886 to 1890 as the 36th President of Peru, and again from 1894 to 1895 as the 38th President of Peru.",8.99570710120598,0.2648601531982422,0.7303295190089051,0.47268630745178375,0.6015079132303445,False
5a72a00d5542991f9a20c53c,Who developed the prototype pacemaker used by the 34th President of the USA?,R Adams Cowley,bridge,medium,Hybrid,0.5,5,D006,D006_C007,R Adams Cowley,"He also founded the nation's first statewide EMS system, called MIEMSS by Executive Order of Maryland's Governor Mandel, 1972, as well as the National Study Center for Trauma and EMS, enacted by Congress in 1986 and signed into law by President Ronald Reagan.",7.352690350385505,0.3502480089664459,0.5836732470450411,0.6140467936057954,0.5988600203254182,False
5a8fa73e5542992414482b22,Which publishing company has published Bizarre and a sister publication devoted to the anomalous phenomena popularised by Charles Fort?,Dennis Publishing,bridge,medium,Hybrid,0.5,1,D004,D004_C002,Bizarre (magazine),"It was published by Dennis Publishing, and was a sister publication to the ""Fortean Times"".",19.60256188405043,0.6271160840988159,1.0,0.9819964341571852,0.9909982170785926,True
5a8fa73e5542992414482b22,Which publishing company has published Bizarre and a sister publication devoted to the anomalous phenomena popularised by Charles Fort?,Dennis Publishing,bridge,medium,Hybrid,0.5,2,D001,D001_C001,Fortean Times,Fortean Times is a British monthly magazine devoted to the anomalous phenomena popularised by Charles Fort.,14.359019618379849,0.5418511629104614,0.7325072969193391,0.8234385194708418,0.7779729081950905,True
5a8fa73e5542992414482b22,Which publishing company has published Bizarre and a sister publication devoted to the anomalous phenomena popularised by Charles Fort?,Dennis Publishing,bridge,medium,Hybrid,0.5,3,D004,D004_C001,Bizarre (magazine),Bizarre was a British alternative magazine published from 1997 to 2015.,8.123932524111973,0.5331274271011353,0.4144321835158693,0.8072159353304573,0.6108240594231633,True
5a8fa73e5542992414482b22,Which publishing company has published Bizarre and a sister publication devoted to the anomalous phenomena popularised by Charles Fort?,Dennis Publishing,bridge,medium,Hybrid,0.5,4,D002,D002_C001,Charles Fort,"Charles Hoy Fort (August 6, 1874 – May 3, 1932) was an American writer and researcher who specialized in anomalous phenomena.",4.092292564719686,0.6367975473403931,0.20876314988447342,1.0,0.6043815749422368,False
5a8fa73e5542992414482b22,Which publishing company has published Bizarre and a sister publication devoted to the anomalous phenomena popularised by Charles Fort?,Dennis Publishing,bridge,medium,Hybrid,0.5,5,D007,D007_C002,Vincent Gaddis,He popularized many stories about anomalous and paranormal phenomena in a style similar to that of Charles Fort.,5.244548866374524,0.5914855599403381,0.2675440535474976,0.9157382176361192,0.5916411355918084,False
5a8dfbeb5542995085b3736e,"Who performed the lead single on the album Friends in Low Places, No Fences, that reached #1 on Billboard?",Garth Brooks,bridge,medium,Hybrid,0.5,1,D010,D010_C002,Friends in Low Places,"It was released on August 6, 1990 as the lead single from his album ""No Fences"".",17.421534336789634,0.8445223569869995,1.0,1.0,1.0,True
5a8dfbeb5542995085b3736e,"Who performed the lead single on the album Friends in Low Places, No Fences, that reached #1 on Billboard?",Garth Brooks,bridge,medium,Hybrid,0.5,2,D010,D010_C001,Friends in Low Places,"""Friends in Low Places"" is a song performed by American country pop artist Garth Brooks.",13.748243005848046,0.6670726537704468,0.7891522491687442,0.764630203548673,0.7768912263587086,True
5a8dfbeb5542995085b3736e,"Who performed the lead single on the album Friends in Low Places, No Fences, that reached #1 on Billboard?",Garth Brooks,bridge,medium,Hybrid,0.5,3,D009,D009_C003,No Fences,"The album also reached #3 on the ""Billboard"" 200.",10.923661259055036,0.7227482795715332,0.6270206198765844,0.83847851365889,0.7327495667677373,False
5a8dfbeb5542995085b3736e,"Who performed the lead single on the album Friends in Low Places, No Fences, that reached #1 on Billboard?",Garth Brooks,bridge,medium,Hybrid,0.5,4,D009,D009_C002,No Fences,"It was released on August 27, 1990, and reached #1 on ""Billboard's"" Top Country Albums chart.",9.726118603636575,0.6961336135864258,0.5582814013744821,0.8031767441885286,0.6807290727815054,True
5a8dfbeb5542995085b3736e,"Who performed the lead single on the album Friends in Low Places, No Fences, that reached #1 on Billboard?",Garth Brooks,bridge,medium,Hybrid,0.5,5,D009,D009_C005,No Fences,"No Fences remains Brooks' best-selling studio album to date with 17 million copies shipped in the US, and is the album that made him an international star.",11.10457383041245,0.60770583152771,0.6374050422736046,0.6858858798673717,0.6616454610704882,False
5ab39701554299233954ff5e,Hate to Feel is the tenth track on what Alice in Chains' album that peaked as number six on the Billboard 200?,Dirt,bridge,medium,Hybrid,0.5,1,D010,D010_C001,Hate to Feel,"""Hate to Feel"" is the tenth track on Alice in Chains' album ""Dirt"" (1992).",33.42587531463724,0.8076274394989014,1.0,1.0,1.0,True
5ab39701554299233954ff5e,Hate to Feel is the tenth track on what Alice in Chains' album that peaked as number six on the Billboard 200?,Dirt,bridge,medium,Hybrid,0.5,2,D010,D010_C002,Hate to Feel,"The song was included on the compilation albums ""Music Bank"" (1999) and ""The Essential Alice in Chains"".",18.86458618614265,0.7733167409896851,0.5643707459736087,0.9547384608742021,0.7595546034239054,False
5ab39701554299233954ff5e,Hate to Feel is the tenth track on what Alice in Chains' album that peaked as number six on the Billboard 200?,Dirt,bridge,medium,Hybrid,0.5,3,D010,D010_C003,Hate to Feel,It has also been the ninth track on later prints of the album and eleventh on others.,17.40746880872774,0.7056179046630859,0.5207782487331,0.8654323941864522,0.6931053214597761,False
5ab39701554299233954ff5e,Hate to Feel is the tenth track on what Alice in Chains' album that peaked as number six on the Billboard 200?,Dirt,bridge,medium,Hybrid,0.5,4,D008,D008_C002,Dirt (Alice in Chains album),"Peaking at number six on the ""Billboard"" 200, the album was also well received by music critics.",15.942355783676735,0.6784290075302124,0.4769465461595722,0.8295656999821273,0.6532561230708498,True
5ab39701554299233954ff5e,Hate to Feel is the tenth track on what Alice in Chains' album that peaked as number six on the Billboard 200?,Dirt,bridge,medium,Hybrid,0.5,5,D008,D008_C001,Dirt (Alice in Chains album),"Dirt is the second studio album by the American rock band Alice in Chains, released on September 29, 1992, through Columbia Records.",14.749423118579147,0.5487229824066162,0.44125764784745525,0.6584617998558612,0.5498597238516583,False
5ab6ad2855429953192ad35e,"The lead singer and guitarist in the Portland, Oregon rock band consisting of John Gourley, Zach Carothers, Kyle O'Quin, Jason Sechrist and Eric Howk, goes by what alias?",The Fantastic The,bridge,medium,Hybrid,0.5,1,D008,D008_C003,Portugal. The Man,"The group consists of John Gourley, Zach Carothers, Kyle O'Quin, Jason Sechrist and Eric Howk.",31.39928677638316,0.4782131314277649,1.0,0.7981959095110405,0.8990979547555202,True
5ab6ad2855429953192ad35e,"The lead singer and guitarist in the Portland, Oregon rock band consisting of John Gourley, Zach Carothers, Kyle O'Quin, Jason Sechrist and Eric Howk, goes by what alias?",The Fantastic The,bridge,medium,Hybrid,0.5,2,D004,D004_C003,Portugal. The Man discography,"The band was formed in 2004 in Wasilla, Alaska by John Gourley, Zach Carothers, Kyle O'Quin, Jason Sechrist and Eric Howk.",28.414578918449283,0.4669567048549652,0.9049434504933146,0.7772417505720948,0.8410926005327046,False
5ab6ad2855429953192ad35e,"The lead singer and guitarist in the Portland, Oregon rock band consisting of John Gourley, Zach Carothers, Kyle O'Quin, Jason Sechrist and Eric Howk, goes by what alias?",The Fantastic The,bridge,medium,Hybrid,0.5,3,D007,D007_C002,John Gourley,"He is the lead singer and guitarist in the Portland, Oregon rock band Portugal.",18.75201061454484,0.5866208672523499,0.5972113554072536,1.0,0.7986056777036268,True
5ab6ad2855429953192ad35e,"The lead singer and guitarist in the Portland, Oregon rock band consisting of John Gourley, Zach Carothers, Kyle O'Quin, Jason Sechrist and Eric Howk, goes by what alias?",The Fantastic The,bridge,medium,Hybrid,0.5,4,D007,D007_C004,John Gourley,"Gourley was previously the lead singer in screamo punk band, Anatomy of a Ghost.",10.43762467063706,0.4445505440235138,0.3324159795402638,0.7355320434783417,0.5339740115093028,False
5ab6ad2855429953192ad35e,"The lead singer and guitarist in the Portland, Oregon rock band consisting of John Gourley, Zach Carothers, Kyle O'Quin, Jason Sechrist and Eric Howk, goes by what alias?",The Fantastic The,bridge,medium,Hybrid,0.5,5,D001,D001_C001,Mocean 8,"Mocean 8 is a Boston, Massachusetts, United States based acoustic rock band consisting of Dan McQueen (guitarist/singer), Jim Corcoran (percussion), Mike Hartman (Bass), and Justin Corcoran (drums/guitar).",7.050667231260337,0.4953811764717102,0.22454864282342446,0.8301547147495608,0.5273516787864927,False
5adf8d5b5542995534e8c7e1,What year was the winner of the 2016 Marrakesh ePrix born?,1988,bridge,medium,Hybrid,0.5,1,D005,D005_C001,2016 Marrakesh ePrix,"The 2016 Marrakesh ePrix (formally the 2016 FIA Formula E Marrakesh ePrix) was a Formula E motor race held on 12 November 2016 at the Circuit Moulay El Hassan in Marrakesh, Morocco in front of a crowd of 7,000 people.",10.574371963622943,0.7440025806427002,1.0,1.0,1.0,False
5adf8d5b5542995534e8c7e1,What year was the winner of the 2016 Marrakesh ePrix born?,1988,bridge,medium,Hybrid,0.5,2,D005,D005_C002,2016 Marrakesh ePrix,It was the second round of the 2016–17 Formula E season and the first time the series had visited the African continent.,9.367153857705663,0.6492286920547485,0.8858354793958214,0.8679702653226242,0.8769028723592228,False
5adf8d5b5542995534e8c7e1,What year was the winner of the 2016 Marrakesh ePrix born?,1988,bridge,medium,Hybrid,0.5,3,D005,D005_C003,2016 Marrakesh ePrix,"The 33-lap race was won by e.Dams-Renault driver Sébastien Buemi, who started from the seventh position.",8.174481931338745,0.6960132122039795,0.7730465657402543,0.9331458941202018,0.853096229930228,True
5adf8d5b5542995534e8c7e1,What year was the winner of the 2016 Marrakesh ePrix born?,1988,bridge,medium,Hybrid,0.5,4,D005,D005_C004,2016 Marrakesh ePrix,Sam Bird finished second for the Virgin team and Mahindra driver Felix Rosenqvist came in third.,6.7684291077777905,0.6396188735961914,0.6400785910559952,0.8545828038573959,0.7473306974566956,False
5adf8d5b5542995534e8c7e1,What year was the winner of the 2016 Marrakesh ePrix born?,1988,bridge,medium,Hybrid,0.5,5,D004,D004_C005,Jérôme d'Ambrosio,"D'Ambrosio achieved his first Formula E victory in 2015 at the 2015 Berlin ePrix, and a second at the 2016 Mexican ePrix, both as a result of Lucas di Grassi's disqualification.",5.412480727158113,0.48076000809669495,0.5118489065617958,0.6332761319929915,0.5725625192773937,False
5ae5b3df5542992663a4f20b,"South Korean actor Kim Yool-ho starred in what 2016 movie directed by Yeon Sang-ho Yeon Sang-ho and starring actors Gong Yoo, Jung Yu-mi, and Ma Dong-seok?",Train to Busan,bridge,easy,Hybrid,0.5,1,D004,D004_C001,Train to Busan,"Train to Busan () is a 2016 South Korean zombie apocalypse action thriller film directed by Yeon Sang-ho and starring Gong Yoo, Jung Yu-mi, and Ma Dong-seok.",25.283616277487774,0.5913208723068237,1.0,0.7943697691488918,0.8971848845744459,True
5ae5b3df5542992663a4f20b,"South Korean actor Kim Yool-ho starred in what 2016 movie directed by Yeon Sang-ho Yeon Sang-ho and starring actors Gong Yoo, Jung Yu-mi, and Ma Dong-seok?",Train to Busan,bridge,easy,Hybrid,0.5,2,D006,D006_C001,Yeon Sang-ho,Yeon Sang-ho (born 1978) is a South Korean film director and screenwriter.,9.627486334874426,0.7209035158157349,0.3807796412195444,1.0,0.6903898206097722,False
5ae5b3df5542992663a4f20b,"South Korean actor Kim Yool-ho starred in what 2016 movie directed by Yeon Sang-ho Yeon Sang-ho and starring actors Gong Yoo, Jung Yu-mi, and Ma Dong-seok?",Train to Busan,bridge,easy,Hybrid,0.5,3,D007,D007_C001,Kim Yool-ho,"Kim Yool-ho (; born February 21, 1985) is a South Korean actor and model, He is best known for his role in ""The Map Against the World"", in which he played Prince Geumwi, and the 2016 zombie thriller apocalypse film ""Train to Busan"" as ""man in suit 2"", who helps Yong-suk (played by Kim Eui-sung).",11.851489412335402,0.5803011059761047,0.46874186359519404,0.7768828817606499,0.622812372677922,True
5ae5b3df5542992663a4f20b,"South Korean actor Kim Yool-ho starred in what 2016 movie directed by Yeon Sang-ho Yeon Sang-ho and starring actors Gong Yoo, Jung Yu-mi, and Ma Dong-seok?",Train to Busan,bridge,easy,Hybrid,0.5,4,D001,D001_C001,Seoul Station (film),Seoul Station (Korean: 서울역 ) is a South Korean animated zombie drama film written and directed by Yeon Sang-ho.,8.317658360770173,0.5507400035858154,0.32897423649702023,0.7299733872162635,0.5294738118566419,False
5ae5b3df5542992663a4f20b,"South Korean actor Kim Yool-ho starred in what 2016 movie directed by Yeon Sang-ho Yeon Sang-ho and starring actors Gong Yoo, Jung Yu-mi, and Ma Dong-seok?",Train to Busan,bridge,easy,Hybrid,0.5,5,D006,D006_C002,Yeon Sang-ho,"He wrote and directed the animated films ""The King of Pigs"" (2011) and ""The Fake"" (2013), and the live-action film ""Train to Busan"" (2016).",8.479676014294194,0.5454529523849487,0.3353822460058609,0.7215835478865766,0.5284828969462187,False
5ac2423755429951e9e684ff,According to the 2006 census what is the population of the city in which James Iroha Uchechukwu was born ?,"722,664",bridge,medium,Hybrid,0.5,1,D005,D005_C002,Uche James-Iroha,He was born in 1972 in Enugu.,13.071642318747722,0.6442843079566956,0.9567646474123871,1.0,0.9783823237061935,True
5ac2423755429951e9e684ff,According to the 2006 census what is the population of the city in which James Iroha Uchechukwu was born ?,"722,664",bridge,medium,Hybrid,0.5,2,D005,D005_C001,Uche James-Iroha,James Iroha Uchechukwu is a Nigerian photographer.,13.662338333779958,0.5766697525978088,1.0,0.8788317648279803,0.9394158824139902,False
5ac2423755429951e9e684ff,According to the 2006 census what is the population of the city in which James Iroha Uchechukwu was born ?,"722,664",bridge,medium,Hybrid,0.5,3,D008,D008_C003,Enugu,"The city had a population of 722,664 according to the 2006 Nigerian census.",10.981880055105536,0.4468124508857727,0.8038067706135616,0.6461218107488417,0.7249642906812017,True
5ac2423755429951e9e684ff,According to the 2006 census what is the population of the city in which James Iroha Uchechukwu was born ?,"722,664",bridge,medium,Hybrid,0.5,4,D005,D005_C003,Uche James-Iroha,"For of his photographic approach, his support to young photographers and the passing of his knowledge, he is regarded at the beginning of the 21st century as someone that has broadened the horizon of Nigerian photography.",9.416656104891608,0.44392576813697815,0.6892419053632309,0.6409487492339592,0.6650953272985951,False
5ac2423755429951e9e684ff,According to the 2006 census what is the population of the city in which James Iroha Uchechukwu was born ?,"722,664",bridge,medium,Hybrid,0.5,5,D009,D009_C005,Terang,"The population of Terang has since risen according to the 2011 Census; the population is now 2,348, of which 1,155 are male and 1,193 are female, with the median age being 44.",10.00227739583451,0.41969627141952515,0.7321058190386053,0.5975284332860534,0.6648171261623294,False
5a822d4655429926c1cdae45,What actor in the film D.C. Cab also had a role in the TV series Barney Miller?,Max Gail,bridge,medium,Hybrid,0.5,1,D004,D004_C004,Jim Moody (actor),"Jim starred in the 1983 comedy film ""D.C. Cab"" as Arnie, a member of the rival cab company, Emerald Cab.",12.440360981619545,0.610122799873352,1.0,0.9619688577241003,0.9809844288620502,False
5a822d4655429926c1cdae45,What actor in the film D.C. Cab also had a role in the TV series Barney Miller?,Max Gail,bridge,medium,Hybrid,0.5,2,D002,D002_C001,D.C. Cab,"D.C. Cab (also known as Street Fight) is a 1983 American comedy film, starring Max Gail, Adam Baldwin, Mr. T, Charlie Barnett, Gary Busey, Marsha Warfield, and Whitman Mayo.",11.377136972593995,0.5893831849098206,0.9145343120994279,0.9230830051849778,0.9188086586422028,True
5a822d4655429926c1cdae45,What actor in the film D.C. Cab also had a role in the TV series Barney Miller?,Max Gail,bridge,medium,Hybrid,0.5,3,D002,D002_C002,D.C. Cab,The film was written and directed by Joel Schumacher with the story by Topper Carew & Schumacher.,10.81458102359536,0.4862658977508545,0.8693140849830443,0.7297426934314208,0.7995283892072326,False
5a822d4655429926c1cdae45,What actor in the film D.C. Cab also had a role in the TV series Barney Miller?,Max Gail,bridge,medium,Hybrid,0.5,4,D008,D008_C004,Ron Carey (actor),"Carey appeared in the recurring role for the last six of the eight seasons of ""Barney Miller""' s run.",7.340081115653243,0.5593265891075134,0.5900215537554021,0.866728229348893,0.7283748915521475,False
5a822d4655429926c1cdae45,What actor in the film D.C. Cab also had a role in the TV series Barney Miller?,Max Gail,bridge,medium,Hybrid,0.5,5,D007,D007_C002,Max Gail,"He most notably portrayed the role of Detective Stan ""Wojo"" Wojciehowicz on the television sitcom ""Barney Miller"".",6.341362338290575,0.5639441013336182,0.5097410234043729,0.8753858587136443,0.6925634410590086,True
5ab9672655429970cfb8eabd,Which industry do Richard Hawley and Chicago's Catherine belong to? ,rock band,comparison,easy,Hybrid,0.5,1,D005,D005_C001,Catherine (alternative rock band),"Catherine was an alternative rock band from Chicago, Illinois that was active from 1985 to 1998.",9.067354903159607,0.33788204193115234,1.0,0.7082903274617217,0.8541451637308608,True
5ab9672655429970cfb8eabd,Which industry do Richard Hawley and Chicago's Catherine belong to? ,rock band,comparison,easy,Hybrid,0.5,2,D005,D005_C002,Catherine (alternative rock band),They were signed to TVT Records.,5.224884618744356,0.27470535039901733,0.5762302980909785,0.6012980446456213,0.5887641713682998,False
5ab9672655429970cfb8eabd,Which industry do Richard Hawley and Chicago's Catherine belong to? ,rock band,comparison,easy,Hybrid,0.5,3,D004,D004_C001,Richard Hawley,"Richard Willis Hawley (born 17 January 1967) is an English guitarist, singer-songwriter and producer.",1.5155745862812076,0.5101304650306702,0.16714627390983572,1.0,0.5835731369549179,True
5ab9672655429970cfb8eabd,Which industry do Richard Hawley and Chicago's Catherine belong to? ,rock band,comparison,easy,Hybrid,0.5,4,D004,D004_C006,Richard Hawley,"He has collaborated with Lisa Marie Presley, Arctic Monkeys, Manic Street Preachers and Paul Weller.",1.1297952161362272,0.4536174535751343,0.12460030827099744,0.9042929289615511,0.5144466186162743,False
5ab9672655429970cfb8eabd,Which industry do Richard Hawley and Chicago's Catherine belong to? ,rock band,comparison,easy,Hybrid,0.5,5,D004,D004_C004,Richard Hawley,"As a solo musician, Hawley has released seven studio albums.",1.5321082538017752,0.4234265983104706,0.16896970176692844,0.853163494250748,0.5110665980088382,False
5abb1f745542996cc5e49fb5,Are Pam Veasey and Jon Jost both American?,yes,comparison,medium,Hybrid,0.5,1,D001,D001_C001,Pam Veasey,"Pamela Renea Veasey (born May 25, 1962) is an American television writer, producer and director.",4.03379596897444,0.5221715569496155,0.9759264508012304,1.0,0.9879632254006152,True
5abb1f745542996cc5e49fb5,Are Pam Veasey and Jon Jost both American?,yes,comparison,medium,Hybrid,0.5,2,D010,D010_C001,Jon Jost,Jon Jost (born 16 May 1943 in Chicago) is an American independent filmmaker.,4.133299149400772,0.46933144330978394,1.0,0.899595697443853,0.9497978487219265,True
5abb1f745542996cc5e49fb5,Are Pam Veasey and Jon Jost both American?,yes,comparison,medium,Hybrid,0.5,3,D002,D002_C001,All the Vermeers in New York,"All the Vermeers in New York is a 1990 American film written, directed and produced by Jon Jost.",3.3276809880063505,0.3519594669342041,0.8050907683487617,0.6765709797463645,0.7408308740475631,False
5abb1f745542996cc5e49fb5,Are Pam Veasey and Jon Jost both American?,yes,comparison,medium,Hybrid,0.5,4,D008,D008_C002,Emmanuelle Chaulet,"She starred in Eric Rohmer's 1987 comedy ""Boyfriends and Girlfriends"" and Jon Jost's 1990 film ""All the Vermeers in New York"".",2.9239178235166055,0.3894679546356201,0.7074053238901188,0.747842846670542,0.7276240852803304,False
5abb1f745542996cc5e49fb5,Are Pam Veasey and Jon Jost both American?,yes,comparison,medium,Hybrid,0.5,5,D007,D007_C001,Last Chants for a Slow Dance,Last Chants for a Slow Dance is a 1977 American drama film directed by Jon Jost and starring Tom Blair.,3.2112606618953405,0.20187529921531677,0.7769243274735862,0.39138809222934395,0.5841562098514651,False
5abbbd0f55429931dba144d5,Maurice Hines and his brother were famous for what?,dancer Gregory Hines,bridge,hard,Hybrid,0.5,1,D010,D010_C002,Maurice Hines,He is the brother of dancer Gregory Hines.,4.8743588388475985,0.8308913111686707,1.0,1.0,1.0,True
5abbbd0f55429931dba144d5,Maurice Hines and his brother were famous for what?,dancer Gregory Hines,bridge,hard,Hybrid,0.5,2,D010,D010_C001,Maurice Hines,"Maurice Hines (born December 13, 1943) is an American actor, director, singer, and choreographer.",3.994945501890837,0.7414745092391968,0.8195837922419611,0.893784038685714,0.8566839154638375,False
5abbbd0f55429931dba144d5,Maurice Hines and his brother were famous for what?,dancer Gregory Hines,bridge,hard,Hybrid,0.5,3,D007,D007_C003,Andrew Hines,"Andrew follows in the footsteps of his brother and crew chief, Matt Hines (NHRA Champion 1996, 97, 98).",4.406954327513292,0.6681375503540039,0.9041095399851992,0.8066689169214517,0.8553892284533254,False
5abbbd0f55429931dba144d5,Maurice Hines and his brother were famous for what?,dancer Gregory Hines,bridge,hard,Hybrid,0.5,4,D004,D004_C002,John Hines (Australian soldier),Hines was the subject of a famous photo taken by Frank Hurley that depicted him surrounded by German military equipment and money he had looted during the Battle of Polygon Wood in September 1917.,4.695652850722677,0.5244935154914856,0.9633375395548082,0.6360377947972322,0.7996876671760202,False
5abbbd0f55429931dba144d5,Maurice Hines and his brother were famous for what?,dancer Gregory Hines,bridge,hard,Hybrid,0.5,5,D006,D006_C009,Baron Berkeley,"Therefore, Maurice and his descendants from 1492 to 1553 were ""de jure"" barons only, until the return of the title to the senior heir Henry (and indirectly to his mother Anne), becoming ""de facto"" 7th Baron in 1553.",4.826926026637883,0.346079021692276,0.9902689125323139,0.4241037224264527,0.7071863174793833,False
5ac3e8c65542997ea680c993,Are the New Orleans Outfall Canals the same length as the Augusta Canal?,yes,comparison,hard,Hybrid,0.5,1,D005,D005_C003,New Orleans Outfall Canals,There are 13 mi of levees and floodwalls that line the sides of the canals.,12.621945056169785,0.6607643961906433,0.9550022024814874,0.9476967390712313,0.9513494707763593,True
5ac3e8c65542997ea680c993,Are the New Orleans Outfall Canals the same length as the Augusta Canal?,yes,comparison,hard,Hybrid,0.5,2,D005,D005_C001,New Orleans Outfall Canals,"There are three outfall canals in New Orleans, Louisiana – the 17th Street, Orleans Avenue and London Avenue canals.",12.959098787403171,0.6241867542266846,0.9822514019796057,0.8785655380843106,0.9304084700319581,False
5ac3e8c65542997ea680c993,Are the New Orleans Outfall Canals the same length as the Augusta Canal?,yes,comparison,hard,Hybrid,0.5,3,D005,D005_C002,New Orleans Outfall Canals,"These canals are a critical element of New Orleans’ flood control system, serving as drainage conduits for much of the city.",13.178701790682245,0.5887079834938049,1.0,0.8115111874315182,0.9057555937157591,False
5ac3e8c65542997ea680c993,Are the New Orleans Outfall Canals the same length as the Augusta Canal?,yes,comparison,hard,Hybrid,0.5,4,D007,D007_C002,Orleans Canal,"The canal, along with the 17th Street Canal and the London Avenue Canal, form the New Orleans Outfall Canals.",11.427442974459314,0.6194115877151489,0.8584610032891374,0.8695405441773699,0.8640007737332537,False
5ac3e8c65542997ea680c993,Are the New Orleans Outfall Canals the same length as the Augusta Canal?,yes,comparison,hard,Hybrid,0.5,5,D007,D007_C005,Orleans Canal,"The Canal has also been known as the Orleans Avenue Canal, the Orleans Outfall Canal, the Orleans Tail Race, and early on, the Girod Canal,",10.97524351526296,0.6182283163070679,0.821913659644131,0.8673041787600823,0.8446089192021067,False
5a87390555429960ec39b769,In which stadium do the teams owned by Myra Kraft's husband play?,Gillette Stadium,bridge,medium,Hybrid,0.5,1,D004,D004_C003,Robert Kraft,"His sports holdings include: the National Football League's New England Patriots, Major League Soccer's New England Revolution and the stadium in which both teams play, Gillette Stadium.",14.043492596551477,0.5744706392288208,1.0,0.9432776019996133,0.9716388009998067,True
5a87390555429960ec39b769,In which stadium do the teams owned by Myra Kraft's husband play?,Gillette Stadium,bridge,medium,Hybrid,0.5,2,D010,D010_C001,Myra Kraft,"Myra Hiatt Kraft (""née"" Myra Nathalie Hiatt; December 27, 1942 – July 20, 2011) was an American philanthropist and the wife of New England Patriots and New England Revolution owner Robert Kraft.",8.030531036842206,0.613220751285553,0.5475487485279393,1.0,0.7737743742639697,True
5a87390555429960ec39b769,In which stadium do the teams owned by Myra Kraft's husband play?,Gillette Stadium,bridge,medium,Hybrid,0.5,3,D004,D004_C002,Robert Kraft,"He is the chairman and chief executive officer of the Kraft Group, a diversified holding company with assets in paper and packaging, sports and entertainment, real estate development and a private equity portfolio.",3.752861657090428,0.4488769769668579,0.2256712768306175,0.7594336511300175,0.4925524639803175,False
5a87390555429960ec39b769,In which stadium do the teams owned by Myra Kraft's husband play?,Gillette Stadium,bridge,medium,Hybrid,0.5,4,D004,D004_C001,Robert Kraft,"Robert Kenneth Kraft (born June 5, 1941) is an American businessman.",2.8990989703212775,0.3613682985305786,0.16142905737636104,0.6313384838313172,0.3963837706038391,False
5a87390555429960ec39b769,In which stadium do the teams owned by Myra Kraft's husband play?,Gillette Stadium,bridge,medium,Hybrid,0.5,5,D009,D009_C001,PLDT Volleyball Club,The PLDT Home TVolution Power Attackers (women's) and the PLDT Home Telpad-Air Force Turbo Boosters (men's) were professional volleyball teams owned by PLDT that played in the Philippine Super Liga (PSL) from 2013 to 2014.,5.2987936136770735,0.22638536989688873,0.3419964589397308,0.4337505287304815,0.38787349383510616,False
5a8766cb5542996e4f3087d6,What southern California based band covered Blue Öyster Cult's Godzilla?,Fu Manchu,bridge,medium,Hybrid,0.5,1,D003,D003_C001,Godzilla (song),"""Godzilla"" is a song by Blue Öyster Cult from their fifth album, ""Spectres"".",5.95388207083212,0.754114031791687,0.5046166299379521,1.0,0.752308314968976,False
5a8766cb5542996e4f3087d6,What southern California based band covered Blue Öyster Cult's Godzilla?,Fu Manchu,bridge,medium,Hybrid,0.5,2,D005,D005_C001,Fu Manchu (band),"Fu Manchu is an American, Southern California-based stoner rock band that formed in 1985.",11.798822546859409,0.34028542041778564,1.0,0.3903431103210533,0.6951715551605266,True
5a8766cb5542996e4f3087d6,What southern California based band covered Blue Öyster Cult's Godzilla?,Fu Manchu,bridge,medium,Hybrid,0.5,3,D003,D003_C003,Godzilla (song),"The song is, along with ""(Don't Fear) The Reaper"" and ""Burnin' for You"", one of Blue Öyster Cult's best known songs and has become a staple of their live performances.",4.620829358365107,0.7010366320610046,0.3916347872860476,0.9218057873653954,0.6567202873257215,False
5a8766cb5542996e4f3087d6,What southern California based band covered Blue Öyster Cult's Godzilla?,Fu Manchu,bridge,medium,Hybrid,0.5,4,D002,D002_C001,Blue Öyster Cult,"Blue Öyster Cult (often abbreviated BÖC) is an American hard rock band formed on Long Island, New York, in 1967, whose most successful work includes the hard rock and heavy metal songs ""(Don't Fear) The Reaper"", ""Godzilla"" and ""Burnin' for You"".",4.594964120603205,0.7005560398101807,0.38944259923853886,0.9210977735432762,0.6552701863909075,False
5a8766cb5542996e4f3087d6,What southern California based band covered Blue Öyster Cult's Godzilla?,Fu Manchu,bridge,medium,Hybrid,0.5,5,D003,D003_C004,Godzilla (song),"It has been covered by bands such as Racer X, Fu Manchu, The Smashing Pumpkins, Sebastian Bach and Fighting Gravity.",5.606761529848727,0.5781751871109009,0.47519669929616204,0.7408049470874261,0.608000823191794,True
5a7ca54c55429935c91b527f,"The Swedish-British entertainment studio executive and film executive producer, who was the Executive producer for a 2016 American action thriller film directed by Babak Najafi, currently serve?",CEO of Lionsgate UK & Europe,bridge,easy,Hybrid,0.5,1,D007,D007_C001,Zygi Kamasa,Zygi Kamasa (born 12 November 1969) is a Swedish-British entertainment studio executive and film executive producer.,17.64723839889377,0.42265939712524414,0.9344067161424741,1.0,0.967203358071237,False
5a7ca54c55429935c91b527f,"The Swedish-British entertainment studio executive and film executive producer, who was the Executive producer for a 2016 American action thriller film directed by Babak Najafi, currently serve?",CEO of Lionsgate UK & Europe,bridge,easy,Hybrid,0.5,2,D003,D003_C001,Proud Mary (film),"Proud Mary is an upcoming American action-thriller directed by Babak Najafi, from a screenplay written by John S. Newman and Christian Swegal.",16.607113820762308,0.3239029347896576,0.8793329777216331,0.7815737055231414,0.8304533416223873,False
5a7ca54c55429935c91b527f,"The Swedish-British entertainment studio executive and film executive producer, who was the Executive producer for a 2016 American action thriller film directed by Babak Najafi, currently serve?",CEO of Lionsgate UK & Europe,bridge,easy,Hybrid,0.5,3,D010,D010_C001,London Has Fallen,"London Has Fallen is a 2016 American action thriller film directed by Babak Najafi and written by Creighton Rothenberger, Katrin Benedikt, Chad St. John and Christian Gudegast.",18.88603548543309,0.268108606338501,1.0,0.6581696453918848,0.8290848226959424,True
5a7ca54c55429935c91b527f,"The Swedish-British entertainment studio executive and film executive producer, who was the Executive producer for a 2016 American action thriller film directed by Babak Najafi, currently serve?",CEO of Lionsgate UK & Europe,bridge,easy,Hybrid,0.5,4,D006,D006_C001,Easy Money II: Hard to Kill,"Easy Money II: Hard to Kill (Swedish: ""Snabba Cash II"" ) is a Swedish thriller film directed by Babak Najafi that was released on 17 August 2012.",14.855080464914709,0.2903813123703003,0.7865642567691096,0.7074316838594701,0.7469979703142898,False
5a7ca54c55429935c91b527f,"The Swedish-British entertainment studio executive and film executive producer, who was the Executive producer for a 2016 American action thriller film directed by Babak Najafi, currently serve?",CEO of Lionsgate UK & Europe,bridge,easy,Hybrid,0.5,5,D007,D007_C002,Zygi Kamasa,"He currently serves as CEO of Lionsgate UK & Europe and was the Executive Producer for Brooklyn, Eddie the Eagle, Salmon Fishing in the Yemen, The Railway Man and London Has Fallen.",9.510400522320495,0.2981588840484619,0.503567862596463,0.7246338610285569,0.6141008618125099,True
5a90c2b35542995651fb51df,"an Emmy Award winner and two-time Tony Award winner, was on the episode 15 of the third season of ""Chuck"". what is her name ?",Swoosie Kurtz,bridge,easy,Hybrid,0.5,1,D003,D003_C001,Chuck Versus the Role Models,"""Chuck Versus the Role Models"" is episode 15 of the third season of ""Chuck"".",19.91132450865013,0.6206401586532593,1.0,1.0,1.0,False
5a90c2b35542995651fb51df,"an Emmy Award winner and two-time Tony Award winner, was on the episode 15 of the third season of ""Chuck"". what is her name ?",Swoosie Kurtz,bridge,easy,Hybrid,0.5,2,D001,D001_C002,Jane Alexander,She is a Tony Award winner and two-time Emmy Award winner.,11.233639933590185,0.5972357392311096,0.5641834589512077,0.9594246847040668,0.7618040718276373,False
5a90c2b35542995651fb51df,"an Emmy Award winner and two-time Tony Award winner, was on the episode 15 of the third season of ""Chuck"". what is her name ?",Swoosie Kurtz,bridge,easy,Hybrid,0.5,3,D008,D008_C002,Swoosie Kurtz,She is an Emmy Award winner and two-time Tony Award winner.,12.183320377147083,0.5555975437164307,0.6118789521939765,0.887238193730362,0.7495585729621692,True
5a90c2b35542995651fb51df,"an Emmy Award winner and two-time Tony Award winner, was on the episode 15 of the third season of ""Chuck"". what is her name ?",Swoosie Kurtz,bridge,easy,Hybrid,0.5,4,D004,D004_C002,Patti LuPone,She is a two-time Grammy Award winner and a two-time Tony Award winner.,10.113696087130545,0.4611983895301819,0.5079368819857677,0.7235821176838215,0.6157594998347946,False
5a90c2b35542995651fb51df,"an Emmy Award winner and two-time Tony Award winner, was on the episode 15 of the third season of ""Chuck"". what is her name ?",Swoosie Kurtz,bridge,easy,Hybrid,0.5,5,D007,D007_C003,Rich Moore,"He is a two-time Emmy Award winner, a three-time Annie Award winner, and an Academy Award winner.",10.04947145689022,0.42378416657447815,0.5047113491884682,0.6587185606949515,0.5817149549417098,False
5ae0fa8b5542997b2ef7d0c6,"What is the current name of the Atlanta Mansion built for the daughter of the 41st Mayor of Atlanta, Georgia?",Lullwater Estate,bridge,medium,Hybrid,0.5,1,D001,D001_C001,Rainbow Terrace,"Rainbow Terrace, now known as Lullwater Estate, is the Mediterranean-style Atlanta mansion built for Lucy Beall Candler Owens Heinz (1882–1962), daughter of Coca-Cola co-founder Asa Griggs Candler.",16.23823045576379,0.4502732455730438,1.0,0.7799407254065606,0.8899703627032802,True
5ae0fa8b5542997b2ef7d0c6,"What is the current name of the Atlanta Mansion built for the daughter of the 41st Mayor of Atlanta, Georgia?",Lullwater Estate,bridge,medium,Hybrid,0.5,2,D009,D009_C002,Asa Griggs Candler,"He also served as the 41st Mayor of Atlanta, Georgia from 1916 to 1919.",11.018033296086076,0.5704573392868042,0.6785242595307054,1.0,0.8392621297653526,True
5ae0fa8b5542997b2ef7d0c6,"What is the current name of the Atlanta Mansion built for the daughter of the 41st Mayor of Atlanta, Georgia?",Lullwater Estate,bridge,medium,Hybrid,0.5,3,D005,D005_C001,Robert Maddox,"Robert Foster Maddox (April 4, 1870 – 1965) was the 41st Mayor of Atlanta, Georgia.",11.257021253860682,0.5566073060035706,0.6932418704443858,0.9746403356448955,0.8339411030446406,False
5ae0fa8b5542997b2ef7d0c6,"What is the current name of the Atlanta Mansion built for the daughter of the 41st Mayor of Atlanta, Georgia?",Lullwater Estate,bridge,medium,Hybrid,0.5,4,D003,D003_C001,William B. Hartsfield,"William Berry Hartsfield, Sr. (March 1, 1890 – February 22, 1971), was an American politician who served as the 49th and 51st Mayor of Atlanta, Georgia.",8.149923981119386,0.5691415667533875,0.5018972974500775,0.9975907964166767,0.7497440469333772,False
5ae0fa8b5542997b2ef7d0c6,"What is the current name of the Atlanta Mansion built for the daughter of the 41st Mayor of Atlanta, Georgia?",Lullwater Estate,bridge,medium,Hybrid,0.5,5,D001,D001_C002,Rainbow Terrace,"The architect was G. Lloyd Preacher, the architect of Atlanta City Hall.",8.953546356261793,0.46666496992111206,0.5513868263326509,0.8099542726065968,0.6806705494696239,False
5a74a3bd55429979e28829da,Who invented the type of script used in autographs?,the Sumerians,bridge,medium,Hybrid,0.5,1,D009,D009_C001,Cuneiform script,"Cuneiform script ( or or ), one of the earliest systems of writing, was invented by the Sumerians.",6.6483640021602675,0.46422719955444336,1.0,0.8294067002022021,0.914703350101101,True
5a74a3bd55429979e28829da,Who invented the type of script used in autographs?,the Sumerians,bridge,medium,Hybrid,0.5,2,D007,D007_C002,Elbasan alphabet,"It was named after the city of Elbasan, where it was invented, and was used mainly in the area of Elbasan and Berat, and is the oldest original script used to write Albanian.",6.221676596260176,0.3870006501674652,0.9358206912615724,0.6481854997331643,0.7920030954973684,False
5a74a3bd55429979e28829da,Who invented the type of script used in autographs?,the Sumerians,bridge,medium,Hybrid,0.5,3,D010,D010_C001,Autograph (Assyriology),An autograph in Assyriology is the hand-copy of a cuneiform clay-tablet.,2.609884852463543,0.5369247198104858,0.3925604632381,1.0,0.69628023161905,True
5a74a3bd55429979e28829da,Who invented the type of script used in autographs?,the Sumerians,bridge,medium,Hybrid,0.5,4,D008,D008_C004,Siddhaṃ script,The script is a refinement of the script used during the Gupta Empire.,4.131154076051639,0.4117729663848877,0.6213790452371883,0.7063166595344967,0.6638478523858425,False
5a74a3bd55429979e28829da,Who invented the type of script used in autographs?,the Sumerians,bridge,medium,Hybrid,0.5,5,D010,D010_C002,Autograph (Assyriology),Producing an autograph is often the first step of a tablet's archaeological interpretation and the autograph is frequently the authoritative form that is published as source material.,1.8638388465790137,0.5293617248535156,0.2803454873971089,0.9822525409185959,0.6312990141578524,False
5a8f938a55429918e830d275,Approximately what percentage of the global population is made up of the ethnic group Princess Fragrant was produced to improve relations with?,17%,bridge,medium,Hybrid,0.5,1,D005,D005_C003,Princess Fragrant,The cartoon was produced to improve relations between the Han Chinese and the Uighurs.,21.003336628857408,0.5174503326416016,1.0,1.0,1.0,True
5a8f938a55429918e830d275,Approximately what percentage of the global population is made up of the ethnic group Princess Fragrant was produced to improve relations with?,17%,bridge,medium,Hybrid,0.5,2,D003,D003_C002,Han Chinese,"They constitute approximately 92% of the population of China, 95% of Taiwan (Han Taiwanese), 76% of Singapore, 23% of Malaysia and about 17% of the global population, making them the world's largest ethnic group with over 1.3 billion people.",12.299531723048968,0.4980730712413788,0.5855989427008517,0.9641934102451091,0.7748961764729804,True
5a8f938a55429918e830d275,Approximately what percentage of the global population is made up of the ethnic group Princess Fragrant was produced to improve relations with?,17%,bridge,medium,Hybrid,0.5,3,D005,D005_C001,Princess Fragrant,Princess Fragrant () is a Chinese 3-D cartoon series directed by Deng Jianglei and produced by the Shenzhen Qianheng Cultural Communication Company ().,11.0693326032802,0.5106613636016846,0.5270273385073283,0.9874548923993889,0.7572411154533586,False
5a8f938a55429918e830d275,Approximately what percentage of the global population is made up of the ethnic group Princess Fragrant was produced to improve relations with?,17%,bridge,medium,Hybrid,0.5,4,D005,D005_C002,Princess Fragrant,"Its basis is the Fragrant Concubine, a Chinese legend about a Uighur girl from Kashgar who became a concubine of the Qianlong Emperor.",9.438856703030744,0.48797911405563354,0.4493979632770483,0.9455411261845111,0.6974695447307797,True
5a8f938a55429918e830d275,Approximately what percentage of the global population is made up of the ethnic group Princess Fragrant was produced to improve relations with?,17%,bridge,medium,Hybrid,0.5,5,D006,D006_C005,Muslim population growth,"By 2030, Muslims will make up more than a quarter of the global population.",11.333063227934037,0.39154624938964844,0.5395839445987378,0.76734607825353,0.6534650114261339,False
5add3b665542997545bbbcd2,The Boren-McCurdy proposals were partially brought about by which Oklahoma politician in 1992?,David Lyle Boren,bridge,medium,Hybrid,0.5,1,D005,D005_C001,Boren-McCurdy proposals,The Boren-McCurdy intelligence reform proposals are two legislative proposals from Senator David Boren and Representative David McCurdy in 1992 (102nd Congress).,13.431908737591947,0.7017871141433716,1.0,1.0,1.0,True
5add3b665542997545bbbcd2,The Boren-McCurdy proposals were partially brought about by which Oklahoma politician in 1992?,David Lyle Boren,bridge,medium,Hybrid,0.5,2,D005,D005_C002,Boren-McCurdy proposals,Both pieces of legislation propose the creation of a National Intelligence Director.,7.490892537615604,0.5379317998886108,0.5576938232651036,0.7830142574548788,0.6703540403599912,False
5add3b665542997545bbbcd2,The Boren-McCurdy proposals were partially brought about by which Oklahoma politician in 1992?,David Lyle Boren,bridge,medium,Hybrid,0.5,3,D005,D005_C003,Boren-McCurdy proposals,Neither bill passed into law.,7.8800943030831,0.48244214057922363,0.5866697322793031,0.7095319600781653,0.6481008461787342,False
5add3b665542997545bbbcd2,The Boren-McCurdy proposals were partially brought about by which Oklahoma politician in 1992?,David Lyle Boren,bridge,medium,Hybrid,0.5,4,D002,D002_C001,David L. Boren,"David Lyle Boren (born April 21, 1941) is an American university administrator and politician from the state of Oklahoma.",5.0820104245157705,0.5883629322052002,0.37835355523915404,0.8497977898833271,0.6140756725612406,True
5add3b665542997545bbbcd2,The Boren-McCurdy proposals were partially brought about by which Oklahoma politician in 1992?,David Lyle Boren,bridge,medium,Hybrid,0.5,5,D002,D002_C005,David L. Boren,"David Boren officially announced his retirement as president of the University of Oklahoma, effective June 30, 2018.",3.2873995646348986,0.6200147867202759,0.24474552566266608,0.8917128244131535,0.5682291750379098,False
5ab728e45542992aa3b8c7b4,The Thoen Stone is on display at a museum in what county?,Lawrence County,bridge,medium,Hybrid,0.5,1,D009,D009_C003,Thoen Stone,"It is currently on display at the Adams Museum & House in Deadwood, South Dakota.",13.892154988737088,0.7979236841201782,1.0,1.0,1.0,True
5ab728e45542992aa3b8c7b4,The Thoen Stone is on display at a museum in what county?,Lawrence County,bridge,medium,Hybrid,0.5,2,D004,D004_C005,Yarmouth Runic Stone,The Stone is currently on display at the Yarmouth County Museum.,11.963161202159966,0.6119632124900818,0.8502756697669693,0.7709603852471928,0.8106180275070811,False
5ab728e45542992aa3b8c7b4,The Thoen Stone is on display at a museum in what county?,Lawrence County,bridge,medium,Hybrid,0.5,3,D009,D009_C001,Thoen Stone,The Thoen Stone is a sandstone slab dated 1834 that was discovered in the Black Hills of South Dakota by Louis Thoen in 1887.,8.670209769540756,0.6956073045730591,0.5946838938008737,0.8739812609155512,0.7343325773582124,False
5ab728e45542992aa3b8c7b4,The Thoen Stone is on display at a museum in what county?,Lawrence County,bridge,medium,Hybrid,0.5,4,D010,D010_C005,Clay County Historical Museum,The museum is located at 915 Walnut Street in the Historical Triangle which also includes the 1896 county jail and 1890 courthouse at Walnut Street and Ferris Street (Hwy 16).,6.4238318431015085,0.533922553062439,0.4203248923220819,0.6748410195901878,0.5475829559561349,False
5ab728e45542992aa3b8c7b4,The Thoen Stone is on display at a museum in what county?,Lawrence County,bridge,medium,Hybrid,0.5,5,D010,D010_C003,Clay County Historical Museum,"Exhibits include railroad memorabilia, a country kitchen display and a country store display.",4.38070002626384,0.556401789188385,0.2617414147689338,0.702527739983463,0.48213457737619836,False
5a74fbe55542996c70cfae63,"Is Children's National Medical Center or MedStar Washington Hospital Center the largest private hospital in Washington, D.C.?",MedStar Washington Hospital Center,comparison,medium,Hybrid,0.5,1,D009,D009_C001,MedStar Washington Hospital Center,"MedStar Washington Hospital Center is the largest private hospital in Washington, D.C. A member of MedStar Health, the not-for-profit Hospital Center is licensed for 926 beds.",24.841509287036303,0.8344113230705261,1.0,1.0,1.0,True
5a74fbe55542996c70cfae63,"Is Children's National Medical Center or MedStar Washington Hospital Center the largest private hospital in Washington, D.C.?",MedStar Washington Hospital Center,comparison,medium,Hybrid,0.5,2,D006,D006_C001,Children's National Medical Center,"Children’s National Medical Center (formerly DC Children’s Hospital) is ranked among the top 10 children’s hospitals in the country by ""U.S. News & World Report.""",13.05280961435132,0.7607488036155701,0.48285826110089364,0.9136829567639317,0.6982706089324127,True
5a74fbe55542996c70cfae63,"Is Children's National Medical Center or MedStar Washington Hospital Center the largest private hospital in Washington, D.C.?",MedStar Washington Hospital Center,comparison,medium,Hybrid,0.5,3,D006,D006_C002,Children's National Medical Center,"Located just north of the McMillan Reservoir and Howard University, it shares grounds with Washington Hospital Center, National Rehabilitation Hospital, and the DC Veterans Affairs Medical Center.",14.53724691584106,0.6538920998573303,0.5479769348048152,0.7884692824746097,0.6682231086397125,False
5a74fbe55542996c70cfae63,"Is Children's National Medical Center or MedStar Washington Hospital Center the largest private hospital in Washington, D.C.?",MedStar Washington Hospital Center,comparison,medium,Hybrid,0.5,4,D008,D008_C002,MedStar Georgetown University Hospital,"It is a not-for-profit, acute care teaching and research facility located in the Georgetown neighborhood of the Northwest Quadrant of Washington, D.C.",14.546031715620831,0.6284559369087219,0.54836230272156,0.7586634274313636,0.6535128650764618,False
5a74fbe55542996c70cfae63,"Is Children's National Medical Center or MedStar Washington Hospital Center the largest private hospital in Washington, D.C.?",MedStar Washington Hospital Center,comparison,medium,Hybrid,0.5,5,D009,D009_C003,MedStar Washington Hospital Center,It also serves as a teaching hospital for Georgetown University School of Medicine.,10.566635569985827,0.7155652642250061,0.373795819592774,0.8607373128735026,0.6172665662331384,False
